/* GENERATED FILE from user_test/hello.elf -- see gen_user_test_header.py. Do not hand-edit. */
#ifndef HELLO_ELF_PAYLOAD_H
#define HELLO_ELF_PAYLOAD_H

#define HELLO_ELF_SIZE 44228u

static const unsigned char hello_elf_payload[] = {
	0x7f, 0x45, 0x4c, 0x46, 0x01, 0x01, 0x01, 0x00, 0x00, 0x00, 0x00, 0x00,
	0x00, 0x00, 0x00, 0x00, 0x02, 0x00, 0x03, 0x00, 0x01, 0x00, 0x00, 0x00,
	0x98, 0x81, 0x04, 0x08, 0x34, 0x00, 0x00, 0x00, 0xe4, 0xaa, 0x00, 0x00,
	0x00, 0x00, 0x00, 0x00, 0x34, 0x00, 0x20, 0x00, 0x02, 0x00, 0x28, 0x00,
	0x0c, 0x00, 0x0b, 0x00, 0x01, 0x00, 0x00, 0x00, 0x00, 0x00, 0x00, 0x00,
	0x00, 0x80, 0x04, 0x08, 0x00, 0x80, 0x04, 0x08, 0x8c, 0x93, 0x00, 0x00,
	0x8c, 0x93, 0x00, 0x00, 0x05, 0x00, 0x00, 0x00, 0x00, 0x10, 0x00, 0x00,
	0x01, 0x00, 0x00, 0x00, 0x8c, 0x93, 0x00, 0x00, 0x8c, 0x23, 0x05, 0x08,
	0x8c, 0x23, 0x05, 0x08, 0xfc, 0x16, 0x00, 0x00, 0x30, 0x1c, 0x00, 0x00,
	0x06, 0x00, 0x00, 0x00, 0x00, 0x10, 0x00, 0x00, 0x55, 0x89, 0xe5, 0x81,
	0xec, 0x50, 0x00, 0x00, 0x00, 0xb8, 0x28, 0x00, 0x00, 0x00, 0x50, 0xe8,
	0x67, 0x0a, 0x00, 0x00, 0x83, 0xc4, 0x04, 0x89, 0x45, 0xfc, 0xb8, 0x00,
	0x00, 0x00, 0x00, 0x89, 0x45, 0xf8, 0x8b, 0x45, 0xf8, 0x83, 0xf8, 0x0a,
	0x0f, 0x8d, 0x28, 0x00, 0x00, 0x00, 0xe9, 0x0b, 0x00, 0x00, 0x00, 0x8b,
	0x45, 0xf8, 0x89, 0xc1, 0x40, 0x89, 0x45, 0xf8, 0xeb, 0xe4, 0x8b, 0x45,
	0xf8, 0xc1, 0xe0, 0x02, 0x8b, 0x4d, 0xfc, 0x01, 0xc1, 0x8b, 0x45, 0xf8,
	0x8b, 0x55, 0xf8, 0x0f, 0xaf, 0xc2, 0x89, 0x01, 0xeb, 0xdd, 0xb8, 0x00,
	0x00, 0x00, 0x00, 0x89, 0x45, 0xf4, 0xb8, 0x00, 0x00, 0x00, 0x00, 0x89,
	0x45, 0xf0, 0x8b, 0x45, 0xf0, 0x83, 0xf8, 0x0a, 0x0f, 0x8d, 0x27, 0x00,
	0x00, 0x00, 0xe9, 0x0b, 0x00, 0x00, 0x00, 0x8b, 0x45, 0xf0, 0x89, 0xc1,
	0x40, 0x89, 0x45, 0xf0, 0xeb, 0xe4, 0x8b, 0x45, 0xf0, 0xc1, 0xe0, 0x02,
	0x8b, 0x4d, 0xfc, 0x01, 0xc1, 0x8b, 0x45, 0xf4, 0x8b, 0x11, 0x01, 0xd0,
	0x89, 0x45, 0xf4, 0xeb, 0xde, 0x8b, 0x45, 0xfc, 0x50, 0xe8, 0xae, 0x05,
	0x00, 0x00, 0x83, 0xc4, 0x04, 0x8b, 0x45, 0xf4, 0x50, 0xb8, 0x8c, 0x23,
	0x05, 0x08, 0x50, 0xb8, 0x40, 0x00, 0x00, 0x00, 0x50, 0x8d, 0x45, 0xb0,
	0x50, 0xe8, 0x6a, 0x37, 0x00, 0x00, 0x83, 0xc4, 0x10, 0x8b, 0x05, 0xc8,
	0x26, 0x05, 0x08, 0x50, 0x8d, 0x45, 0xb0, 0x50, 0xe8, 0x0f, 0x35, 0x00,
	0x00, 0x83, 0xc4, 0x08, 0x8b, 0x45, 0x0c, 0x8b, 0x4d, 0x0c, 0x8b, 0x11,
	0x52, 0x8b, 0x08, 0x51, 0xe8, 0xf3, 0x3a, 0x00, 0x00, 0x83, 0xc4, 0x08,
	0x83, 0xf8, 0x00, 0x0f, 0x84, 0x0a, 0x00, 0x00, 0x00, 0xb8, 0x01, 0x00,
	0x00, 0x00, 0xe9, 0x25, 0x00, 0x00, 0x00, 0x8b, 0x45, 0xf4, 0x81, 0xf8,
	0x1d, 0x01, 0x00, 0x00, 0x0f, 0x85, 0x05, 0x00, 0x00, 0x00, 0xe9, 0x05,
	0x00, 0x00, 0x00, 0xe9, 0x07, 0x00, 0x00, 0x00, 0xb8, 0x00, 0x00, 0x00,
	0x00, 0xeb, 0x05, 0xb8, 0x01, 0x00, 0x00, 0x00, 0xc9, 0xc3, 0x00, 0x00,
	0x31, 0xed, 0x89, 0xe0, 0x83, 0xe4, 0xf0, 0x50, 0x50, 0xe8, 0x00, 0x00,
	0x00, 0x00, 0x81, 0x04, 0x24, 0xd3, 0x91, 0x00, 0x00, 0x50, 0xe8, 0x00,
	0x00, 0x00, 0x00, 0x55, 0x89, 0xe5, 0x81, 0xec, 0x08, 0x00, 0x00, 0x00,
	0x8b, 0x45, 0x08, 0x8b, 0x08, 0x89, 0x4d, 0xfc, 0x8b, 0x45, 0x08, 0x83,
	0xc0, 0x04, 0x89, 0x45, 0xf8, 0xb8, 0x00, 0x00, 0x00, 0x00, 0x50, 0xb8,
	0x63, 0x13, 0x05, 0x08, 0x50, 0xb8, 0x5c, 0x13, 0x05, 0x08, 0x50, 0x8b,
	0x45, 0xf8, 0x50, 0x8b, 0x45, 0xfc, 0x50, 0xb8, 0x74, 0x80, 0x04, 0x08,
	0x50, 0xe8, 0x70, 0x03, 0x00, 0x00, 0x83, 0xc4, 0x18, 0xc9, 0xc3, 0x00,
	0x55, 0x89, 0xe5, 0x81, 0xec, 0x00, 0x00, 0x00, 0x00, 0xc9, 0xc3, 0x55,
	0x89, 0xe5, 0x81, 0xec, 0x00, 0x00, 0x00, 0x00, 0xc9, 0xc3, 0x55, 0x89,
	0xe5, 0x81, 0xec, 0xbc, 0x00, 0x00, 0x00, 0xb8, 0x00, 0x00, 0x00, 0x00,
	0x89, 0x85, 0x60, 0xff, 0xff, 0xff, 0xb8, 0x94, 0x00, 0x00, 0x00, 0x50,
	0xb8, 0x00, 0x00, 0x00, 0x00, 0x50, 0x8d, 0x85, 0x64, 0xff, 0xff, 0xff,
	0x50, 0xe8, 0x3a, 0x39, 0x00, 0x00, 0x83, 0xc4, 0x0c, 0x8b, 0x45, 0x08,
	0x89, 0x05, 0xd0, 0x26, 0x05, 0x08, 0xb8, 0x00, 0x00, 0x00, 0x00, 0x89,
	0x45, 0xfc, 0x8b, 0x45, 0xfc, 0xc1, 0xe0, 0x02, 0x8b, 0x4d, 0x08, 0x01,
	0xc1, 0x8b, 0x01, 0x83, 0xf8, 0x00, 0x0f, 0x84, 0x12, 0x00, 0x00, 0x00,
	0xe9, 0x0b, 0x00, 0x00, 0x00, 0x8b, 0x45, 0xfc, 0x89, 0xc1, 0x40, 0x89,
	0x45, 0xfc, 0xeb, 0xda, 0xeb, 0xf3, 0x8b, 0x45, 0xfc, 0xc1, 0xe0, 0x02,
	0x8b, 0x4d, 0x08, 0x01, 0xc1, 0x83, 0xc1, 0x04, 0x89, 0x4d, 0xf8, 0x89,
	0x0d, 0x90, 0x3a, 0x05, 0x08, 0xb8, 0x00, 0x00, 0x00, 0x00, 0x89, 0x45,
	0xfc, 0x8b, 0x45, 0xfc, 0xc1, 0xe0, 0x02, 0x8b, 0x4d, 0xf8, 0x01, 0xc1,
	0x8b, 0x01, 0x83, 0xf8, 0x00, 0x0f, 0x84, 0x50, 0x00, 0x00, 0x00, 0xe9,
	0x0b, 0x00, 0x00, 0x00, 0x8b, 0x45, 0xfc, 0x83, 0xc0, 0x02, 0x89, 0x45,
	0xfc, 0xeb, 0xda, 0x8b, 0x45, 0xfc, 0xc1, 0xe0, 0x02, 0x8b, 0x4d, 0xf8,
	0x01, 0xc1, 0x8b, 0x01, 0x83, 0xf8, 0x26, 0x0f, 0x83, 0x28, 0x00, 0x00,
	0x00, 0x8b, 0x45, 0xfc, 0xc1, 0xe0, 0x02, 0x8b, 0x4d, 0xf8, 0x01, 0xc1,
	0x8b, 0x01, 0xc1, 0xe0, 0x02, 0x8d, 0x8d, 0x60, 0xff, 0xff, 0xff, 0x01,
	0xc1, 0x8b, 0x45, 0xfc, 0x40, 0xc1, 0xe0, 0x02, 0x8b, 0x55, 0xf8, 0x01,
	0xc2, 0x8b, 0x02, 0x89, 0x01, 0xeb, 0xb5, 0x8b, 0x45, 0xa0, 0x89, 0x05,
	0xc0, 0x3a, 0x05, 0x08, 0x8b, 0x45, 0xe0, 0x83, 0xf8, 0x00, 0x0f, 0x84,
	0x09, 0x00, 0x00, 0x00, 0x8b, 0x45, 0xe0, 0x89, 0x05, 0xb8, 0x23, 0x05,
	0x08, 0x8b, 0x85, 0x78, 0xff, 0xff, 0xff, 0x89, 0x05, 0xa4, 0x3a, 0x05,
	0x08, 0x8b, 0x45, 0x0c, 0x83, 0xf8, 0x00, 0x0f, 0x85, 0x06, 0x00, 0x00,
	0x00, 0x8b, 0x45, 0xdc, 0x89, 0x45, 0x0c, 0x8b, 0x45, 0x0c, 0x83, 0xf8,
	0x00, 0x0f, 0x85, 0x08, 0x00, 0x00, 0x00, 0xb8, 0xac, 0x23, 0x05, 0x08,
	0x89, 0x45, 0x0c, 0x8b, 0x45, 0x0c, 0x89, 0x05, 0xc0, 0x23, 0x05, 0x08,
	0x89, 0x05, 0xbc, 0x23, 0x05, 0x08, 0xb8, 0x00, 0x00, 0x00, 0x00, 0x89,
	0x45, 0xfc, 0x8b, 0x45, 0xfc, 0x8b, 0x4d, 0x0c, 0x01, 0xc1, 0x0f, 0xbe,
	0x01, 0x83, 0xf8, 0x00, 0x0f, 0x84, 0x35, 0x00, 0x00, 0x00, 0xe9, 0x0b,
	0x00, 0x00, 0x00, 0x8b, 0x45, 0xfc, 0x89, 0xc1, 0x40, 0x89, 0x45, 0xfc,
	0xeb, 0xdc, 0x8b, 0x45, 0xfc, 0x8b, 0x4d, 0x0c, 0x01, 0xc1, 0x0f, 0xbe,
	0x01, 0x83, 0xf8, 0x2f, 0x0f, 0x85, 0x0f, 0x00, 0x00, 0x00, 0x8b, 0x45,
	0xfc, 0x8b, 0x4d, 0x0c, 0x01, 0xc1, 0x41, 0x89, 0x0d, 0xbc, 0x23, 0x05,
	0x08, 0xeb, 0xd0, 0x8d, 0x85, 0x60, 0xff, 0xff, 0xff, 0x50, 0xe8, 0xde,
	0x3d, 0x00, 0x00, 0x83, 0xc4, 0x04, 0x8b, 0x45, 0xc4, 0x50, 0xe8, 0x40,
	0xfe, 0xff, 0xff, 0x83, 0xc4, 0x04, 0x8b, 0x45, 0x8c, 0x8b, 0x4d, 0x90,
	0x39, 0xc8, 0x0f, 0x85, 0x1f, 0x00, 0x00, 0x00, 0x8b, 0x45, 0x94, 0x8b,
	0x4d, 0x98, 0x39, 0xc8, 0x0f, 0x85, 0x11, 0x00, 0x00, 0x00, 0x8b, 0x45,
	0xbc, 0x83, 0xf8, 0x00, 0x0f, 0x85, 0x05, 0x00, 0x00, 0x00, 0xe9, 0x26,
	0x01, 0x00, 0x00, 0xb8, 0x00, 0x00, 0x00, 0x00, 0x89, 0x85, 0x48, 0xff,
	0xff, 0xff, 0xb8, 0x04, 0x00, 0x00, 0x00, 0x50, 0xb8, 0x00, 0x00, 0x00,
	0x00, 0x50, 0x8d, 0x85, 0x4c, 0xff, 0xff, 0xff, 0x50, 0xe8, 0x5e, 0x37,
	0x00, 0x00, 0x83, 0xc4, 0x0c, 0xb8, 0x01, 0x00, 0x00, 0x00, 0x89, 0x85,
	0x50, 0xff, 0xff, 0xff, 0xb8, 0x04, 0x00, 0x00, 0x00, 0x50, 0xb8, 0x00,
	0x00, 0x00, 0x00, 0x50, 0x8d, 0x85, 0x54, 0xff, 0xff, 0xff, 0x50, 0xe8,
	0x38, 0x37, 0x00, 0x00, 0x83, 0xc4, 0x0c, 0xb8, 0x02, 0x00, 0x00, 0x00,
	0x89, 0x85, 0x58, 0xff, 0xff, 0xff, 0xb8, 0x04, 0x00, 0x00, 0x00, 0x50,
	0xb8, 0x00, 0x00, 0x00, 0x00, 0x50, 0x8d, 0x85, 0x5c, 0xff, 0xff, 0xff,
	0x50, 0xe8, 0x12, 0x37, 0x00, 0x00, 0x83, 0xc4, 0x0c, 0xb8, 0x00, 0x00,
	0x00, 0x00, 0x50, 0xb8, 0x03, 0x00, 0x00, 0x00, 0x50, 0x8d, 0x85, 0x48,
	0xff, 0xff, 0xff, 0x50, 0xb8, 0xa8, 0x00, 0x00, 0x00, 0x50, 0xe8, 0x92,
	0x01, 0x00, 0x00, 0x83, 0xc4, 0x10, 0x89, 0x85, 0x44, 0xff, 0xff, 0xff,
	0x8b, 0x85, 0x44, 0xff, 0xff, 0xff, 0x83, 0xf8, 0x00, 0x0f, 0x8d, 0x05,
	0x00, 0x00, 0x00, 0xe8, 0x96, 0x01, 0x00, 0x00, 0xb8, 0x00, 0x00, 0x00,
	0x00, 0x89, 0x45, 0xfc, 0x8b, 0x45, 0xfc, 0x83, 0xf8, 0x03, 0x0f, 0x83,
	0x5a, 0x00, 0x00, 0x00, 0xe9, 0x0b, 0x00, 0x00, 0x00, 0x8b, 0x45, 0xfc,
	0x89, 0xc1, 0x40, 0x89, 0x45, 0xfc, 0xeb, 0xe4, 0x8b, 0x45, 0xfc, 0xc1,
	0xe0, 0x03, 0x8d, 0x8d, 0x48, 0xff, 0xff, 0xff, 0x01, 0xc1, 0x83, 0xc1,
	0x06, 0x0f, 0xbf, 0x01, 0x83, 0xe0, 0x20, 0x83, 0xf8, 0x00, 0x0f, 0x84,
	0x28, 0x00, 0x00, 0x00, 0xb8, 0x02, 0x80, 0x00, 0x00, 0x50, 0xb8, 0xad,
	0x23, 0x05, 0x08, 0x50, 0xb8, 0x05, 0x00, 0x00, 0x00, 0x50, 0xe8, 0xfa,
	0x00, 0x00, 0x00, 0x83, 0xc4, 0x0c, 0x83, 0xf8, 0x00, 0x0f, 0x8d, 0x05,
	0x00, 0x00, 0x00, 0xe8, 0x2a, 0x01, 0x00, 0x00, 0xeb, 0xab, 0xb8, 0x01,
	0x00, 0x00, 0x00, 0x88, 0x05, 0x8a, 0x3a, 0x05, 0x08, 0xc9, 0xc3, 0x55,
	0x89, 0xe5, 0x81, 0xec, 0x08, 0x00, 0x00, 0x00, 0xe8, 0x33, 0x8e, 0x00,
	0x00, 0xb8, 0x6c, 0x13, 0x05, 0x08, 0x89, 0x45, 0xfc, 0x8b, 0x45, 0xfc,
	0xb9, 0x6c, 0x13, 0x05, 0x08, 0x39, 0xc8, 0x0f, 0x83, 0x1f, 0x00, 0x00,
	0x00, 0xe9, 0x0b, 0x00, 0x00, 0x00, 0x8b, 0x45, 0xfc, 0x83, 0xc0, 0x04,
	0x89, 0x45, 0xfc, 0xeb, 0xe0, 0x8b, 0x45, 0xfc, 0x89, 0x45, 0xf8, 0x8b,
	0x45, 0xf8, 0x8b, 0x00, 0xff, 0xd0, 0xeb, 0xe6, 0xc9, 0xc3, 0x55, 0x89,
	0xe5, 0x81, 0xec, 0x08, 0x00, 0x00, 0x00, 0x8b, 0x45, 0x0c, 0xc1, 0xe0,
	0x02, 0x8b, 0x4d, 0x10, 0x01, 0xc1, 0x83, 0xc1, 0x04, 0x89, 0x4d, 0xfc,
	0x8b, 0x45, 0x10, 0x8b, 0x08, 0x51, 0x8b, 0x45, 0xfc, 0x50, 0xe8, 0x83,
	0xfc, 0xff, 0xff, 0x83, 0xc4, 0x08, 0xb8, 0xb2, 0x85, 0x04, 0x08, 0x89,
	0x45, 0xf8, 0x8b, 0x45, 0xf8, 0x89, 0x45, 0xf8, 0x8b, 0x45, 0x10, 0x50,
	0x8b, 0x45, 0x0c, 0x50, 0x8b, 0x45, 0x08, 0x50, 0x8b, 0x45, 0xf8, 0xff,
	0xd0, 0x83, 0xc4, 0x0c, 0xc9, 0xc3, 0x55, 0x89, 0xe5, 0x81, 0xec, 0x04,
	0x00, 0x00, 0x00, 0x8b, 0x45, 0x0c, 0xc1, 0xe0, 0x02, 0x8b, 0x4d, 0x10,
	0x01, 0xc1, 0x83, 0xc1, 0x04, 0x89, 0x4d, 0xfc, 0xe8, 0x4a, 0xff, 0xff,
	0xff, 0x8b, 0x45, 0xfc, 0x50, 0x8b, 0x45, 0x10, 0x50, 0x8b, 0x45, 0x0c,
	0x50, 0x8b, 0x45, 0x08, 0xff, 0xd0, 0x83, 0xc4, 0x0c, 0x50, 0xe8, 0xae,
	0x00, 0x00, 0x00, 0x83, 0xc4, 0x04, 0xb8, 0x00, 0x00, 0x00, 0x00, 0xc9,
	0xc3, 0x55, 0x89, 0xe5, 0x81, 0xec, 0x04, 0x00, 0x00, 0x00, 0x8b, 0x45,
	0x08, 0x8b, 0x55, 0x0c, 0x8b, 0x4d, 0x10, 0x87, 0xda, 0xcd, 0x80, 0x87,
	0xda, 0x89, 0x45, 0xfc, 0x8b, 0x45, 0xfc, 0xc9, 0xc3, 0x55, 0x89, 0xe5,
	0x81, 0xec, 0x04, 0x00, 0x00, 0x00, 0x53, 0x8b, 0x45, 0x08, 0x8b, 0x5d,
	0x0c, 0x8b, 0x4d, 0x10, 0x8b, 0x55, 0x14, 0xcd, 0x80, 0x89, 0x45, 0xfc,
	0x5b, 0x8b, 0x45, 0xfc, 0xc9, 0xc3, 0x55, 0x89, 0xe5, 0x81, 0xec, 0x00,
	0x00, 0x00, 0x00, 0xf4, 0xc9, 0xc3, 0x00, 0x00, 0x55, 0x89, 0xe5, 0x81,
	0xec, 0x00, 0x00, 0x00, 0x00, 0xc9, 0xc3, 0x55, 0x89, 0xe5, 0x81, 0xec,
	0x08, 0x00, 0x00, 0x00, 0xb8, 0x6c, 0x13, 0x05, 0x08, 0x89, 0x45, 0xfc,
	0x8b, 0x45, 0xfc, 0xb9, 0x6c, 0x13, 0x05, 0x08, 0x39, 0xc8, 0x0f, 0x86,
	0x22, 0x00, 0x00, 0x00, 0xe9, 0x0b, 0x00, 0x00, 0x00, 0x8b, 0x45, 0xfc,
	0x83, 0xe8, 0x04, 0x89, 0x45, 0xfc, 0xeb, 0xe0, 0x8b, 0x45, 0xfc, 0x83,
	0xe8, 0x04, 0x89, 0x45, 0xf8, 0x8b, 0x45, 0xf8, 0x8b, 0x00, 0xff, 0xd0,
	0xeb, 0xe3, 0xe8, 0xcc, 0x8c, 0x00, 0x00, 0xc9, 0xc3, 0x55, 0x89, 0xe5,
	0x81, 0xec, 0x00, 0x00, 0x00, 0x00, 0xe8, 0x9d, 0xff, 0xff, 0xff, 0xe8,
	0xa3, 0xff, 0xff, 0xff, 0xe8, 0x04, 0x7c, 0x00, 0x00, 0x8b, 0x45, 0x08,
	0x50, 0xe8, 0xe2, 0x3d, 0x00, 0x00, 0x83, 0xc4, 0x04, 0xc9, 0xc3, 0x00,
	0xcd, 0x80, 0xc3, 0x00, 0x55, 0x89, 0xe5, 0x81, 0xec, 0x00, 0x00, 0x00,
	0x00, 0x8b, 0x45, 0x08, 0x50, 0xe8, 0x8a, 0x08, 0x00, 0x00, 0x83, 0xc4,
	0x04, 0xc9, 0xc3, 0x00, 0x55, 0x89, 0xe5, 0x81, 0xec, 0x0c, 0x00, 0x00,
	0x00, 0xb8, 0x00, 0x00, 0x80, 0x00, 0x89, 0x45, 0xfc, 0x8b, 0x05, 0x90,
	0x3a, 0x05, 0x08, 0x89, 0x45, 0xf4, 0x8b, 0x45, 0xf4, 0x8b, 0x4d, 0xfc,
	0x39, 0xc8, 0x0f, 0x86, 0x0d, 0x00, 0x00, 0x00, 0x8b, 0x45, 0xf4, 0x8b,
	0x4d, 0xfc, 0x29, 0xc8, 0xe9, 0x0a, 0x00, 0x00, 0x00, 0xb8, 0x00, 0x00,
	0x00, 0x00, 0xe9, 0x00, 0x00, 0x00, 0x00, 0x89, 0x45, 0xf8, 0x8b, 0x45,
	0x0c, 0x8b, 0x4d, 0xf8, 0x39, 0xc8, 0x0f, 0x86, 0x18, 0x00, 0x00, 0x00,
	0x8b, 0x45, 0x08, 0x8b, 0x4d, 0xf4, 0x39, 0xc8, 0x0f, 0x83, 0x0a, 0x00,
	0x00, 0x00, 0xb8, 0x01, 0x00, 0x00, 0x00, 0xe9, 0x59, 0x00, 0x00, 0x00,
	0x8d, 0x45, 0xf4, 0x89, 0x45, 0xf4, 0x8b, 0x45, 0xf4, 0x8b, 0x4d, 0xfc,
	0x39, 0xc8, 0x0f, 0x86, 0x0d, 0x00, 0x00, 0x00, 0x8b, 0x45, 0xf4, 0x8b,
	0x4d, 0xfc, 0x29, 0xc8, 0xe9, 0x0a, 0x00, 0x00, 0x00, 0xb8, 0x00, 0x00,
	0x00, 0x00, 0xe9, 0x00, 0x00, 0x00, 0x00, 0x89, 0x45, 0xf8, 0x8b, 0x45,
	0x0c, 0x8b, 0x4d, 0xf8, 0x39, 0xc8, 0x0f, 0x86, 0x18, 0x00, 0x00, 0x00,
	0x8b, 0x45, 0x08, 0x8b, 0x4d, 0xf4, 0x39, 0xc8, 0x0f, 0x83, 0x0a, 0x00,
	0x00, 0x00, 0xb8, 0x01, 0x00, 0x00, 0x00, 0xe9, 0x05, 0x00, 0x00, 0x00,
	0xb8, 0x00, 0x00, 0x00, 0x00, 0xc9, 0xc3, 0x55, 0x89, 0xe5, 0x81, 0xec,
	0x1c, 0x00, 0x00, 0x00, 0xb8, 0x01, 0x00, 0x00, 0x00, 0x89, 0x45, 0xfc,
	0x8b, 0x45, 0x08, 0x81, 0xf8, 0xff, 0xff, 0xff, 0x7f, 0x0f, 0x86, 0x16,
	0x00, 0x00, 0x00, 0xe8, 0xac, 0x3c, 0x00, 0x00, 0xb9, 0x0c, 0x00, 0x00,
	0x00, 0x89, 0x08, 0xb8, 0x00, 0x00, 0x00, 0x00, 0xe9, 0x01, 0x03, 0x00,
	0x00, 0x8b, 0x45, 0x08, 0x83, 0xf8, 0x00, 0x0f, 0x85, 0x09, 0x00, 0x00,
	0x00, 0x8b, 0x45, 0x08, 0x89, 0xc1, 0x40, 0x89, 0x45, 0x08, 0x8b, 0x45,
	0xfc, 0x8b, 0x4d, 0x08, 0x39, 0xc8, 0x0f, 0x83, 0x19, 0x00, 0x00, 0x00,
	0x8b, 0x45, 0xfc, 0x83, 0xf8, 0x10, 0x0f, 0x83, 0x0d, 0x00, 0x00, 0x00,
	0x8b, 0x45, 0xfc, 0x8b, 0x4d, 0xfc, 0x01, 0xc8, 0x89, 0x45, 0xfc, 0xeb,
	0xd9, 0xb8, 0xc4, 0x3a, 0x05, 0x08, 0x50, 0xe8, 0xc8, 0x34, 0x00, 0x00,
	0x83, 0xc4, 0x04, 0xb8, 0x00, 0x00, 0x00, 0x00, 0x8b, 0x0d, 0xcc, 0x3a,
	0x05, 0x08, 0x29, 0xc8, 0x8b, 0x4d, 0xfc, 0x49, 0x21, 0xc8, 0x8b, 0x0d,
	0xcc, 0x3a, 0x05, 0x08, 0x01, 0xc1, 0x89, 0x0d, 0xcc, 0x3a, 0x05, 0x08,
	0x8b, 0x05, 0xd0, 0x3a, 0x05, 0x08, 0x8b, 0x0d, 0xcc, 0x3a, 0x05, 0x08,
	0x29, 0xc8, 0x8b, 0x4d, 0x08, 0x39, 0xc1, 0x0f, 0x86, 0x52, 0x02, 0x00,
	0x00, 0x8b, 0x05, 0xd0, 0x3a, 0x05, 0x08, 0x8b, 0x0d, 0xcc, 0x3a, 0x05,
	0x08, 0x29, 0xc8, 0x8b, 0x4d, 0x08, 0x29, 0xc1, 0x81, 0xc1, 0x00, 0x10,
	0x00, 0x00, 0x49, 0x81, 0xe1, 0x00, 0xf0, 0xff, 0xff, 0x89, 0x4d, 0xf4,
	0x8b, 0x05, 0xcc, 0x3a, 0x05, 0x08, 0x83, 0xf8, 0x00, 0x0f, 0x85, 0x4d,
	0x00, 0x00, 0x00, 0xb8, 0x00, 0x00, 0x00, 0x00, 0x50, 0xb8, 0x2d, 0x00,
	0x00, 0x00, 0x50, 0xe8, 0x6a, 0x02, 0x00, 0x00, 0x83, 0xc4, 0x08, 0x89,
	0x05, 0xc8, 0x3a, 0x05, 0x08, 0xb8, 0x00, 0x00, 0x00, 0x00, 0x8b, 0x0d,
	0xc8, 0x3a, 0x05, 0x08, 0x29, 0xc8, 0x81, 0xe0, 0xff, 0x0f, 0x00, 0x00,
	0x8b, 0x0d, 0xc8, 0x3a, 0x05, 0x08, 0x01, 0xc1, 0x89, 0x0d, 0xc8, 0x3a,
	0x05, 0x08, 0x8b, 0x05, 0xc8, 0x3a, 0x05, 0x08, 0x89, 0x05, 0xd0, 0x3a,
	0x05, 0x08, 0x89, 0x05, 0xcc, 0x3a, 0x05, 0x08, 0x8b, 0x05, 0xc8, 0x3a,
	0x05, 0x08, 0x8b, 0x0d, 0xd0, 0x3a, 0x05, 0x08, 0x39, 0xc8, 0x0f, 0x85,
	0x85, 0x00, 0x00, 0x00, 0xb8, 0xff, 0xff, 0xff, 0xff, 0x8b, 0x0d, 0xc8,
	0x3a, 0x05, 0x08, 0x29, 0xc8, 0x8b, 0x4d, 0xf4, 0x39, 0xc1, 0x0f, 0x83,
	0x6d, 0x00, 0x00, 0x00, 0x8b, 0x05, 0xc8, 0x3a, 0x05, 0x08, 0x8b, 0x4d,
	0xf4, 0x01, 0xc8, 0x50, 0x8b, 0x05, 0xc8, 0x3a, 0x05, 0x08, 0x50, 0xe8,
	0xc0, 0xfd, 0xff, 0xff, 0x83, 0xc4, 0x08, 0x83, 0xf8, 0x00, 0x0f, 0x85,
	0x49, 0x00, 0x00, 0x00, 0x8b, 0x05, 0xc8, 0x3a, 0x05, 0x08, 0x8b, 0x4d,
	0xf4, 0x01, 0xc8, 0x50, 0xb8, 0x2d, 0x00, 0x00, 0x00, 0x50, 0xe8, 0xc7,
	0x01, 0x00, 0x00, 0x83, 0xc4, 0x08, 0x8b, 0x0d, 0xc8, 0x3a, 0x05, 0x08,
	0x8b, 0x55, 0xf4, 0x01, 0xd1, 0x39, 0xc8, 0x0f, 0x85, 0x1c, 0x00, 0x00,
	0x00, 0x8b, 0x05, 0xd0, 0x3a, 0x05, 0x08, 0x8b, 0x4d, 0xf4, 0x01, 0xc8,
	0x89, 0x05, 0xd0, 0x3a, 0x05, 0x08, 0x89, 0x05, 0xc8, 0x3a, 0x05, 0x08,
	0xe9, 0x3a, 0x01, 0x00, 0x00, 0xb8, 0x00, 0x00, 0x00, 0x00, 0x89, 0x45,
	0xf0, 0x8b, 0x45, 0x08, 0x81, 0xc0, 0x00, 0x10, 0x00, 0x00, 0x48, 0x81,
	0xe0, 0x00, 0xf0, 0xff, 0xff, 0x89, 0x45, 0xf4, 0x8b, 0x45, 0xf4, 0x8b,
	0x4d, 0x08, 0x29, 0xc8, 0x8b, 0x4d, 0xf4, 0xc1, 0xe9, 0x03, 0x39, 0xc8,
	0x0f, 0x86, 0x73, 0x00, 0x00, 0x00, 0x8b, 0x05, 0xd4, 0x3a, 0x05, 0x08,
	0xc1, 0xe8, 0x01, 0xb9, 0x00, 0x10, 0x00, 0x00, 0x89, 0x4d, 0xe8, 0x89,
	0xc1, 0x8b, 0x45, 0xe8, 0xd3, 0xe0, 0x89, 0x45, 0xec, 0x8b, 0x45, 0xec,
	0x8b, 0x4d, 0x08, 0x29, 0xc8, 0x8b, 0x0d, 0xd0, 0x3a, 0x05, 0x08, 0x8b,
	0x15, 0xcc, 0x3a, 0x05, 0x08, 0x29, 0xd1, 0x39, 0xc8, 0x0f, 0x86, 0x3a,
	0x00, 0x00, 0x00, 0x8b, 0x45, 0xf4, 0x8b, 0x4d, 0xec, 0x39, 0xc8, 0x0f,
	0x83, 0x24, 0x00, 0x00, 0x00, 0x8b, 0x45, 0xec, 0x89, 0x45, 0xf4, 0x8b,
	0x05, 0xd4, 0x3a, 0x05, 0x08, 0x83, 0xf8, 0x0c, 0x0f, 0x83, 0x0f, 0x00,
	0x00, 0x00, 0x8b, 0x05, 0xd4, 0x3a, 0x05, 0x08, 0x89, 0xc1, 0x40, 0x89,
	0x05, 0xd4, 0x3a, 0x05, 0x08, 0xb8, 0x01, 0x00, 0x00, 0x00, 0x89, 0x45,
	0xf0, 0xb8, 0x00, 0x00, 0x00, 0x00, 0xb9, 0x00, 0x00, 0x00, 0x00, 0x51,
	0x50, 0xb8, 0xff, 0xff, 0xff, 0xff, 0x50, 0xb8, 0x22, 0x00, 0x00, 0x00,
	0x50, 0xb8, 0x03, 0x00, 0x00, 0x00, 0x50, 0x8b, 0x45, 0xf4, 0x50, 0xb8,
	0x00, 0x00, 0x00, 0x00, 0x50, 0xe8, 0x05, 0x2a, 0x00, 0x00, 0x83, 0xc4,
	0x1c, 0x89, 0x45, 0xe4, 0x8b, 0x45, 0xe4, 0x83, 0xf8, 0xff, 0x0f, 0x84,
	0x0c, 0x00, 0x00, 0x00, 0x8b, 0x45, 0xf0, 0x83, 0xf8, 0x00, 0x0f, 0x85,
	0x31, 0x00, 0x00, 0x00, 0xb8, 0xc4, 0x3a, 0x05, 0x08, 0x50, 0xe8, 0xd1,
	0x33, 0x00, 0x00, 0x83, 0xc4, 0x04, 0x8b, 0x45, 0xe4, 0x83, 0xf8, 0xff,
	0x0f, 0x85, 0x05, 0x00, 0x00, 0x00, 0xe9, 0x08, 0x00, 0x00, 0x00, 0x8b,
	0x45, 0xe4, 0xe9, 0x05, 0x00, 0x00, 0x00, 0xb8, 0x00, 0x00, 0x00, 0x00,
	0xe9, 0x45, 0x00, 0x00, 0x00, 0x8b, 0x45, 0xe4, 0x89, 0x05, 0xcc, 0x3a,
	0x05, 0x08, 0x8b, 0x05, 0xcc, 0x3a, 0x05, 0x08, 0x8b, 0x4d, 0xf4, 0x01,
	0xc8, 0x89, 0x05, 0xd0, 0x3a, 0x05, 0x08, 0x8b, 0x05, 0xcc, 0x3a, 0x05,
	0x08, 0x89, 0x45, 0xf8, 0x8b, 0x05, 0xcc, 0x3a, 0x05, 0x08, 0x8b, 0x4d,
	0x08, 0x01, 0xc8, 0x89, 0x05, 0xcc, 0x3a, 0x05, 0x08, 0xb8, 0xc4, 0x3a,
	0x05, 0x08, 0x50, 0xe8, 0x6c, 0x33, 0x00, 0x00, 0x83, 0xc4, 0x04, 0x8b,
	0x45, 0xf8, 0xc9, 0xc3, 0x55, 0x89, 0xe5, 0x81, 0xec, 0x00, 0x00, 0x00,
	0x00, 0x8b, 0x45, 0x08, 0x50, 0xe8, 0x3e, 0x1a, 0x00, 0x00, 0x83, 0xc4,
	0x04, 0xc9, 0xc3, 0x55, 0x89, 0xe5, 0x81, 0xec, 0x00, 0x00, 0x00, 0x00,
	0x8b, 0x45, 0x08, 0x50, 0xe8, 0x27, 0x1a, 0x00, 0x00, 0x83, 0xc4, 0x04,
	0xc9, 0xc3, 0x55, 0x89, 0xe5, 0x81, 0xec, 0x04, 0x00, 0x00, 0x00, 0x8b,
	0x45, 0x08, 0x8b, 0x55, 0x0c, 0x87, 0xda, 0xcd, 0x80, 0x87, 0xda, 0x89,
	0x45, 0xfc, 0x8b, 0x45, 0xfc, 0xc9, 0xc3, 0x00, 0x55, 0x89, 0xe5, 0x81,
	0xec, 0x20, 0x00, 0x00, 0x00, 0xb8, 0x00, 0x00, 0x00, 0x00, 0x89, 0x45,
	0xf8, 0xb8, 0x04, 0x00, 0x00, 0x00, 0x50, 0xb8, 0x00, 0x00, 0x00, 0x00,
	0x50, 0x8d, 0x45, 0xfc, 0x50, 0xe8, 0x2a, 0x30, 0x00, 0x00, 0x83, 0xc4,
	0x0c, 0x8b, 0x45, 0x0c, 0x83, 0xc0, 0x14, 0x8b, 0x08, 0xc1, 0xe1, 0x14,
	0xc1, 0xe9, 0x1a, 0x89, 0x4d, 0xf4, 0x8b, 0x45, 0xf4, 0x83, 0xf8, 0x30,
	0x0f, 0x8d, 0x22, 0x00, 0x00, 0x00, 0x8b, 0x45, 0xf4, 0xc1, 0xe0, 0x02,
	0xb9, 0x38, 0x25, 0x05, 0x08, 0x01, 0xc1, 0x8b, 0x45, 0x0c, 0x83, 0xc0,
	0x14, 0x8b, 0x10, 0xc1, 0xe2, 0x1b, 0xc1, 0xea, 0x1b, 0x42, 0x8b, 0x01,
	0x29, 0xd0, 0x89, 0x01, 0x8b, 0x45, 0x0c, 0x83, 0xc0, 0x14, 0x8b, 0x08,
	0xc1, 0xe9, 0x0c, 0x83, 0xf9, 0x00, 0x0f, 0x84, 0x32, 0x00, 0x00, 0x00,
	0xe8, 0xeb, 0x0b, 0x00, 0x00, 0x8b, 0x45, 0xf4, 0x50, 0xe8, 0x57, 0x0c,
	0x00, 0x00, 0x83, 0xc4, 0x04, 0x8b, 0x45, 0x0c, 0x83, 0xc0, 0x08, 0x8b,
	0x08, 0x89, 0x4d, 0xf8, 0x8b, 0x45, 0x0c, 0x83, 0xc0, 0x14, 0x8b, 0x08,
	0xc1, 0xe9, 0x0c, 0xc1, 0xe1, 0x0c, 0x89, 0x4d, 0xfc, 0xe9, 0x62, 0x00,
	0x00, 0x00, 0x8b, 0x45, 0x0c, 0x83, 0xc0, 0x08, 0x8b, 0x08, 0x89, 0x4d,
	0xf0, 0x8b, 0x45, 0xf0, 0x50, 0xe8, 0x53, 0x08, 0x00, 0x00, 0x83, 0xc4,
	0x04, 0x89, 0x45, 0xec, 0x8b, 0x45, 0xf0, 0x50, 0xe8, 0x2b, 0x08, 0x00,
	0x00, 0x83, 0xc4, 0x04, 0x89, 0x45, 0xe8, 0x8b, 0x45, 0x0c, 0x83, 0xc0,
	0x08, 0x8b, 0x08, 0xb8, 0x00, 0x00, 0x00, 0x00, 0x89, 0x01, 0x8b, 0x45,
	0xe8, 0x50, 0x8b, 0x45, 0xec, 0x50, 0x8d, 0x45, 0xe0, 0x50, 0xe8, 0x68,
	0x01, 0x00, 0x00, 0x83, 0xc4, 0x08, 0xb8, 0x08, 0x00, 0x00, 0x00, 0x50,
	0x8d, 0x45, 0xe0, 0x50, 0x8d, 0x45, 0xf8, 0x50, 0xe8, 0x0f, 0x2f, 0x00,
	0x00, 0x83, 0xc4, 0x0c, 0x8b, 0x45, 0x0c, 0x50, 0xe8, 0xfb, 0x06, 0x00,
	0x00, 0x83, 0xc4, 0x04, 0x8b, 0x45, 0x08, 0xb9, 0x08, 0x00, 0x00, 0x00,
	0x51, 0x8d, 0x4d, 0xf8, 0x51, 0x50, 0xe8, 0xed, 0x2e, 0x00, 0x00, 0x83,
	0xc4, 0x0c, 0xc9, 0xc2, 0x04, 0x00, 0x55, 0x89, 0xe5, 0x81, 0xec, 0x0c,
	0x00, 0x00, 0x00, 0x8b, 0x45, 0x08, 0x83, 0xc0, 0x14, 0x8b, 0x08, 0xc1,
	0xe1, 0x14, 0xc1, 0xe9, 0x1a, 0x89, 0x4d, 0xfc, 0x8b, 0x45, 0x08, 0x83,
	0xc0, 0x14, 0x8b, 0x08, 0xc1, 0xe1, 0x1a, 0xc1, 0xe9, 0x1f, 0x83, 0xf9,
	0x00, 0x0f, 0x85, 0x0a, 0x00, 0x00, 0x00, 0xb8, 0x00, 0x00, 0x00, 0x00,
	0xe9, 0xec, 0x00, 0x00, 0x00, 0x8b, 0x45, 0xfc, 0x83, 0xf8, 0x30, 0x0f,
	0x8d, 0x27, 0x00, 0x00, 0x00, 0x8b, 0x45, 0x08, 0x50, 0xe8, 0x73, 0x0a,
	0x00, 0x00, 0x83, 0xc4, 0x04, 0x8b, 0x4d, 0xfc, 0xc1, 0xe1, 0x01, 0xba,
	0xc8, 0x23, 0x05, 0x08, 0x01, 0xca, 0x0f, 0xb7, 0x0a, 0xc1, 0xe1, 0x04,
	0x39, 0xc8, 0x0f, 0x83, 0x0a, 0x00, 0x00, 0x00, 0xb8, 0x01, 0x00, 0x00,
	0x00, 0xe9, 0xaf, 0x00, 0x00, 0x00, 0x8b, 0x45, 0x08, 0x83, 0xc0, 0x14,
	0x8b, 0x08, 0xc1, 0xe9, 0x0c, 0x83, 0xf9, 0x00, 0x0f, 0x85, 0x0a, 0x00,
	0x00, 0x00, 0xb8, 0x01, 0x00, 0x00, 0x00, 0xe9, 0x91, 0x00, 0x00, 0x00,
	0x8b, 0x45, 0x08, 0x83, 0xc0, 0x04, 0x8b, 0x08, 0x8b, 0x45, 0x08, 0x39,
	0xc1, 0x0f, 0x84, 0x0a, 0x00, 0x00, 0x00, 0xb8, 0x01, 0x00, 0x00, 0x00,
	0xe9, 0x74, 0x00, 0x00, 0x00, 0x8b, 0x45, 0xfc, 0x50, 0xe8, 0x1f, 0x0b,
	0x00, 0x00, 0x83, 0xc4, 0x04, 0x83, 0xf8, 0x00, 0x0f, 0x85, 0x0a, 0x00,
	0x00, 0x00, 0xb8, 0x01, 0x00, 0x00, 0x00, 0xe9, 0x55, 0x00, 0x00, 0x00,
	0x8b, 0x45, 0x08, 0x83, 0xc0, 0x14, 0x8b, 0x08, 0xc1, 0xe1, 0x1b, 0xc1,
	0xe9, 0x1b, 0x41, 0x89, 0x4d, 0xf8, 0x8b, 0x45, 0xfc, 0xc1, 0xe0, 0x02,
	0xb9, 0x38, 0x25, 0x05, 0x08, 0x01, 0xc1, 0x8b, 0x01, 0x89, 0x45, 0xf4,
	0x8b, 0x45, 0xf8, 0xb9, 0x09, 0x00, 0x00, 0x00, 0x0f, 0xaf, 0xc1, 0x8b,
	0x4d, 0xf4, 0x39, 0xc8, 0x0f, 0x87, 0x16, 0x00, 0x00, 0x00, 0x8b, 0x45,
	0xf8, 0x83, 0xf8, 0x14, 0x0f, 0x83, 0x0a, 0x00, 0x00, 0x00, 0xb8, 0x01,
	0x00, 0x00, 0x00, 0xe9, 0x05, 0x00, 0x00, 0x00, 0xb8, 0x00, 0x00, 0x00,
	0x00, 0xc9, 0xc3, 0x55, 0x89, 0xe5, 0x81, 0xec, 0x24, 0x00, 0x00, 0x00,
	0xb8, 0x01, 0x00, 0x00, 0x00, 0x8b, 0x4d, 0x10, 0xd3, 0xe0, 0x89, 0x45,
	0xfc, 0x8b, 0x45, 0x0c, 0x83, 0xc0, 0x14, 0x8b, 0x08, 0xc1, 0xe1, 0x14,
	0xc1, 0xe9, 0x1a, 0x89, 0x4d, 0xf8, 0x8b, 0x45, 0x0c, 0x83, 0xc0, 0x10,
	0x8b, 0x4d, 0x0c, 0x83, 0xc1, 0x0c, 0x8b, 0x10, 0x8b, 0x01, 0x09, 0xc2,
	0x89, 0x55, 0xf4, 0x8b, 0x45, 0xf4, 0x8b, 0x4d, 0xfc, 0x01, 0xc8, 0x8b,
	0x4d, 0x0c, 0x83, 0xc1, 0x14, 0x8b, 0x11, 0xc1, 0xe2, 0x1b, 0xc1, 0xea,
	0x1b, 0xb9, 0x02, 0x00, 0x00, 0x00, 0x89, 0x4d, 0xf0, 0x89, 0xd1, 0x8b,
	0x55, 0xf0, 0xd3, 0xe2, 0x4a, 0x39, 0xd0, 0x0f, 0x85, 0xd5, 0x00, 0x00,
	0x00, 0x8b, 0x45, 0x0c, 0x50, 0xe8, 0x64, 0xfe, 0xff, 0xff, 0x83, 0xc4,
	0x04, 0x83, 0xf8, 0x00, 0x0f, 0x84, 0xc0, 0x00, 0x00, 0x00, 0x8b, 0x45,
	0x0c, 0x83, 0xc0, 0x04, 0x8b, 0x08, 0x83, 0xf9, 0x00, 0x0f, 0x84, 0x84,
	0x00, 0x00, 0x00, 0x8b, 0x45, 0xf8, 0x83, 0xf8, 0x30, 0x0f, 0x8c, 0x05,
	0x00, 0x00, 0x00, 0xe8, 0xb6, 0x03, 0x00, 0x00, 0x8b, 0x45, 0xf8, 0xc1,
	0xe0, 0x02, 0xb9, 0x78, 0x24, 0x05, 0x08, 0x01, 0xc1, 0x8b, 0x01, 0x8b,
	0x4d, 0x0c, 0x39, 0xc8, 0x0f, 0x94, 0xc0, 0x0f, 0xb6, 0xc0, 0x89, 0x45,
	0xec, 0x8b, 0x45, 0xf8, 0xc1, 0xe0, 0x02, 0xb9, 0x78, 0x24, 0x05, 0x08,
	0x01, 0xc1, 0x8b, 0x45, 0x0c, 0x50, 0x51, 0xe8, 0x63, 0x04, 0x00, 0x00,
	0x83, 0xc4, 0x08, 0x8b, 0x45, 0xec, 0x83, 0xf8, 0x00, 0x0f, 0x84, 0x30,
	0x00, 0x00, 0x00, 0x8b, 0x45, 0xf8, 0xc1, 0xe0, 0x02, 0xb9, 0x78, 0x24,
	0x05, 0x08, 0x01, 0xc1, 0x8b, 0x01, 0x83, 0xf8, 0x00, 0x0f, 0x84, 0x18,
	0x00, 0x00, 0x00, 0x8b, 0x45, 0xf8, 0xc1, 0xe0, 0x02, 0xb9, 0x78, 0x24,
	0x05, 0x08, 0x01, 0xc1, 0x8b, 0x01, 0x50, 0xe8, 0xfd, 0x04, 0x00, 0x00,
	0x83, 0xc4, 0x04, 0x8b, 0x45, 0x0c, 0x50, 0x8d, 0x45, 0xe4, 0x50, 0xe8,
	0x80, 0xfc, 0xff, 0xff, 0x83, 0xc4, 0x04, 0x8b, 0x45, 0x08, 0xb9, 0x08,
	0x00, 0x00, 0x00, 0x51, 0x8d, 0x4d, 0xe4, 0x51, 0x50, 0xe8, 0x86, 0x2c,
	0x00, 0x00, 0x83, 0xc4, 0x0c, 0xe9, 0x9a, 0x00, 0x00, 0x00, 0x8b, 0x45,
	0xf4, 0x83, 0xf8, 0x00, 0x0f, 0x85, 0x45, 0x00, 0x00, 0x00, 0x8b, 0x45,
	0xf8, 0x83, 0xf8, 0x30, 0x0f, 0x8c, 0x05, 0x00, 0x00, 0x00, 0xe8, 0xfb,
	0x02, 0x00, 0x00, 0x8b, 0x45, 0xf8, 0xc1, 0xe0, 0x02, 0xb9, 0x78, 0x24,
	0x05, 0x08, 0x01, 0xc1, 0x8b, 0x01, 0x8b, 0x4d, 0x0c, 0x39, 0xc8, 0x0f,
	0x84, 0x1a, 0x00, 0x00, 0x00, 0x8b, 0x45, 0xf8, 0xc1, 0xe0, 0x02, 0xb9,
	0x78, 0x24, 0x05, 0x08, 0x01, 0xc1, 0x8b, 0x45, 0x0c, 0x50, 0x51, 0xe8,
	0x18, 0x03, 0x00, 0x00, 0x83, 0xc4, 0x08, 0x8b, 0x45, 0x0c, 0x83, 0xc0,
	0x10, 0x8b, 0x4d, 0xfc, 0x51, 0x50, 0xe8, 0x9d, 0x02, 0x00, 0x00, 0x83,
	0xc4, 0x08, 0xb8, 0x00, 0x00, 0x00, 0x00, 0x89, 0x45, 0xdc, 0xb8, 0x04,
	0x00, 0x00, 0x00, 0x50, 0xb8, 0x00, 0x00, 0x00, 0x00, 0x50, 0x8d, 0x45,
	0xe0, 0x50, 0xe8, 0x31, 0x2c, 0x00, 0x00, 0x83, 0xc4, 0x0c, 0x8b, 0x45,
	0x08, 0xb9, 0x08, 0x00, 0x00, 0x00, 0x51, 0x8d, 0x4d, 0xdc, 0x51, 0x50,
	0xe8, 0xe7, 0x2b, 0x00, 0x00, 0x83, 0xc4, 0x0c, 0xc9, 0xc2, 0x04, 0x00,
	0x55, 0x89, 0xe5, 0x81, 0xec, 0x48, 0x00, 0x00, 0x00, 0x8b, 0x45, 0x08,
	0x83, 0xf8, 0x00, 0x0f, 0x85, 0x05, 0x00, 0x00, 0x00, 0xe9, 0x20, 0x02,
	0x00, 0x00, 0x8b, 0x45, 0x08, 0x50, 0xe8, 0xb6, 0x04, 0x00, 0x00, 0x83,
	0xc4, 0x04, 0x89, 0x45, 0xfc, 0x8b, 0x45, 0x08, 0x50, 0xe8, 0x8e, 0x04,
	0x00, 0x00, 0x83, 0xc4, 0x04, 0x89, 0x45, 0xf8, 0x8b, 0x45, 0xfc, 0x50,
	0xe8, 0x7c, 0x07, 0x00, 0x00, 0x83, 0xc4, 0x04, 0x89, 0x45, 0xf4, 0x8b,
	0x45, 0xfc, 0x83, 0xc0, 0x08, 0x8b, 0x08, 0x83, 0xc1, 0x10, 0x8b, 0x45,
	0xf4, 0x8b, 0x55, 0xf8, 0x0f, 0xaf, 0xc2, 0x01, 0xc1, 0x89, 0x4d, 0xf0,
	0x8b, 0x45, 0xf4, 0x8b, 0x4d, 0xf0, 0x01, 0xc1, 0x83, 0xe9, 0x04, 0x89,
	0x4d, 0xec, 0x8b, 0x45, 0xec, 0x50, 0x8b, 0x45, 0x08, 0x50, 0xe8, 0x84,
	0x06, 0x00, 0x00, 0x83, 0xc4, 0x08, 0xb8, 0x01, 0x00, 0x00, 0x00, 0x8b,
	0x4d, 0xf8, 0xd3, 0xe0, 0x89, 0x45, 0xe8, 0x8b, 0x45, 0xfc, 0x83, 0xc0,
	0x14, 0x8b, 0x08, 0xc1, 0xe1, 0x1b, 0xc1, 0xe9, 0x1b, 0xb8, 0x02, 0x00,
	0x00, 0x00, 0xd3, 0xe0, 0x48, 0x89, 0x45, 0xe4, 0x8b, 0x45, 0x08, 0x83,
	0xc0, 0xfd, 0xb9, 0xff, 0x00, 0x00, 0x00, 0x88, 0x08, 0x8b, 0x45, 0x08,
	0x83, 0xe8, 0x02, 0xb9, 0x00, 0x00, 0x00, 0x00, 0x66, 0x89, 0x08, 0x8b,
	0x45, 0xf0, 0x48, 0x8b, 0x4d, 0xec, 0x31, 0xc8, 0x81, 0xf8, 0x00, 0x20,
	0x00, 0x00, 0x0f, 0x82, 0x51, 0x00, 0x00, 0x00, 0x8b, 0x45, 0xfc, 0x83,
	0xc0, 0x14, 0x8b, 0x08, 0xc1, 0xe1, 0x1b, 0xc1, 0xe9, 0x1b, 0x83, 0xf9,
	0x00, 0x0f, 0x84, 0x3a, 0x00, 0x00, 0x00, 0xb8, 0x00, 0x00, 0x00, 0x00,
	0x8b, 0x4d, 0xf0, 0x29, 0xc8, 0x81, 0xe0, 0xff, 0x0f, 0x00, 0x00, 0x8b,
	0x4d, 0xf0, 0x01, 0xc1, 0x89, 0x4d, 0xe0, 0x8b, 0x45, 0xec, 0x8b, 0x4d,
	0xe0, 0x29, 0xc8, 0x81, 0xe0, 0x00, 0xf0, 0xff, 0xff, 0x89, 0x45, 0xdc,
	0x8b, 0x45, 0xdc, 0x83, 0xf8, 0x00, 0x0f, 0x84, 0x00, 0x00, 0x00, 0x00,
	0xe9, 0x00, 0x00, 0x00, 0x00, 0x8b, 0x45, 0xfc, 0x83, 0xc0, 0x10, 0x8b,
	0x08, 0x89, 0x4d, 0xd4, 0x8b, 0x45, 0xfc, 0x83, 0xc0, 0x0c, 0x8b, 0x08,
	0x89, 0x4d, 0xd0, 0x8b, 0x45, 0xd4, 0x8b, 0x4d, 0xd0, 0x09, 0xc8, 0x89,
	0x45, 0xcc, 0x8b, 0x45, 0xcc, 0x8b, 0x4d, 0xe8, 0x21, 0xc8, 0x83, 0xf8,
	0x00, 0x0f, 0x84, 0x05, 0x00, 0x00, 0x00, 0xe8, 0x1e, 0x01, 0x00, 0x00,
	0x8b, 0x45, 0xd4, 0x83, 0xf8, 0x00, 0x0f, 0x84, 0x13, 0x00, 0x00, 0x00,
	0x8b, 0x45, 0xcc, 0x8b, 0x4d, 0xe8, 0x01, 0xc8, 0x8b, 0x4d, 0xe4, 0x39,
	0xc8, 0x0f, 0x85, 0x05, 0x00, 0x00, 0x00, 0xe9, 0x56, 0x00, 0x00, 0x00,
	0x0f, 0xbe, 0x05, 0x8b, 0x3a, 0x05, 0x08, 0x83, 0xf8, 0x00, 0x0f, 0x85,
	0x15, 0x00, 0x00, 0x00, 0x8b, 0x45, 0xfc, 0x83, 0xc0, 0x10, 0x8b, 0x4d,
	0xd4, 0x8b, 0x55, 0xe8, 0x01, 0xd1, 0x89, 0x08, 0xe9, 0x2c, 0x00, 0x00,
	0x00, 0x8b, 0x45, 0xfc, 0x83, 0xc0, 0x10, 0x8b, 0x4d, 0xd4, 0x8b, 0x55,
	0xe8, 0x01, 0xd1, 0x51, 0x8b, 0x4d, 0xd4, 0x51, 0x50, 0xe8, 0x7e, 0x00,
	0x00, 0x00, 0x83, 0xc4, 0x0c, 0x8b, 0x4d, 0xd4, 0x39, 0xc8, 0x0f, 0x84,
	0x05, 0x00, 0x00, 0x00, 0xe9, 0x54, 0xff, 0xff, 0xff, 0xe9, 0x64, 0x00,
	0x00, 0x00, 0xe8, 0xab, 0x00, 0x00, 0x00, 0x8b, 0x45, 0xf8, 0x50, 0x8b,
	0x45, 0xfc, 0x50, 0x8d, 0x45, 0xbc, 0x50, 0xe8, 0x37, 0xfc, 0xff, 0xff,
	0x83, 0xc4, 0x08, 0xb8, 0x08, 0x00, 0x00, 0x00, 0x50, 0x8d, 0x45, 0xbc,
	0x50, 0x8d, 0x45, 0xc4, 0x50, 0xe8, 0xde, 0x29, 0x00, 0x00, 0x83, 0xc4,
	0x0c, 0xe8, 0xa5, 0x00, 0x00, 0x00, 0x8b, 0x45, 0xc8, 0x83, 0xf8, 0x00,
	0x0f, 0x84, 0x24, 0x00, 0x00, 0x00, 0xe8, 0xf5, 0x32, 0x00, 0x00, 0x8b,
	0x08, 0x89, 0x4d, 0xb8, 0x8b, 0x45, 0xc8, 0x50, 0x8b, 0x45, 0xc4, 0x50,
	0xe8, 0x76, 0x24, 0x00, 0x00, 0x83, 0xc4, 0x08, 0xe8, 0xdb, 0x32, 0x00,
	0x00, 0x8b, 0x4d, 0xb8, 0x89, 0x08, 0xc9, 0xc3, 0x55, 0x89, 0xe5, 0x81,
	0xec, 0x04, 0x00, 0x00, 0x00, 0x8b, 0x45, 0x08, 0x89, 0x45, 0xfc, 0x8b,
	0x55, 0xfc, 0x8b, 0x45, 0x0c, 0x8b, 0x4d, 0x10, 0xf0, 0x0f, 0xb1, 0x0a,
	0x89, 0x45, 0x0c, 0x8b, 0x45, 0x0c, 0xc9, 0xc3, 0x55, 0x89, 0xe5, 0x81,
	0xec, 0x04, 0x00, 0x00, 0x00, 0x8b, 0x45, 0x08, 0x89, 0x45, 0xfc, 0x8b,
	0x4d, 0xfc, 0x8b, 0x45, 0x0c, 0xf0, 0x09, 0x01, 0xc9, 0xc3, 0x55, 0x89,
	0xe5, 0x81, 0xec, 0x00, 0x00, 0x00, 0x00, 0xf4, 0xc9, 0xc3, 0x55, 0x89,
	0xe5, 0x81, 0xec, 0x00, 0x00, 0x00, 0x00, 0x0f, 0xbe, 0x05, 0x8b, 0x3a,
	0x05, 0x08, 0x83, 0xf8, 0x00, 0x0f, 0x84, 0x0e, 0x00, 0x00, 0x00, 0xb8,
	0xd8, 0x3a, 0x05, 0x08, 0x50, 0xe8, 0xda, 0x2a, 0x00, 0x00, 0x83, 0xc4,
	0x04, 0xc9, 0xc3, 0x55, 0x89, 0xe5, 0x81, 0xec, 0x00, 0x00, 0x00, 0x00,
	0xb8, 0xd8, 0x3a, 0x05, 0x08, 0x50, 0xe8, 0x19, 0x2c, 0x00, 0x00, 0x83,
	0xc4, 0x04, 0xc9, 0xc3, 0x55, 0x89, 0xe5, 0x81, 0xec, 0x04, 0x00, 0x00,
	0x00, 0x8b, 0x45, 0x0c, 0x83, 0xc0, 0x04, 0x8b, 0x08, 0x83, 0xf9, 0x00,
	0x0f, 0x84, 0x05, 0x00, 0x00, 0x00, 0xe8, 0x93, 0xff, 0xff, 0xff, 0x8b,
	0x45, 0x0c, 0x8b, 0x08, 0x83, 0xf9, 0x00, 0x0f, 0x84, 0x05, 0x00, 0x00,
	0x00, 0xe8, 0x80, 0xff, 0xff, 0xff, 0x8b, 0x45, 0x08, 0x8b, 0x08, 0x83,
	0xf9, 0x00, 0x0f, 0x84, 0x39, 0x00, 0x00, 0x00, 0x8b, 0x45, 0x08, 0x8b,
	0x08, 0x89, 0x4d, 0xfc, 0x8b, 0x45, 0x0c, 0x83, 0xc0, 0x04, 0x8b, 0x4d,
	0xfc, 0x89, 0x08, 0x8b, 0x45, 0x0c, 0x8b, 0x4d, 0xfc, 0x8b, 0x11, 0x89,
	0x10, 0x8b, 0x45, 0x0c, 0x83, 0xc0, 0x04, 0x8b, 0x08, 0x8b, 0x45, 0x0c,
	0x8b, 0x10, 0x83, 0xc2, 0x04, 0x8b, 0x45, 0x0c, 0x89, 0x02, 0x89, 0x01,
	0xe9, 0x18, 0x00, 0x00, 0x00, 0x8b, 0x45, 0x0c, 0x8b, 0x4d, 0x0c, 0x83,
	0xc1, 0x04, 0x8b, 0x55, 0x0c, 0x89, 0x11, 0x89, 0x10, 0x8b, 0x45, 0x08,
	0x8b, 0x4d, 0x0c, 0x89, 0x08, 0xc9, 0xc3, 0x55, 0x89, 0xe5, 0x81, 0xec,
	0x00, 0x00, 0x00, 0x00, 0x8b, 0x45, 0x0c, 0x83, 0xc0, 0x04, 0x8b, 0x08,
	0x8b, 0x45, 0x0c, 0x39, 0xc1, 0x0f, 0x84, 0x43, 0x00, 0x00, 0x00, 0x8b,
	0x45, 0x0c, 0x8b, 0x08, 0x83, 0xc1, 0x04, 0x8b, 0x45, 0x0c, 0x83, 0xc0,
	0x04, 0x8b, 0x10, 0x89, 0x11, 0x8b, 0x45, 0x0c, 0x83, 0xc0, 0x04, 0x8b,
	0x08, 0x8b, 0x45, 0x0c, 0x8b, 0x10, 0x89, 0x11, 0x8b, 0x45, 0x08, 0x8b,
	0x08, 0x8b, 0x45, 0x0c, 0x39, 0xc1, 0x0f, 0x85, 0x0d, 0x00, 0x00, 0x00,
	0x8b, 0x45, 0x08, 0x8b, 0x4d, 0x0c, 0x83, 0xc1, 0x04, 0x8b, 0x11, 0x89,
	0x10, 0xe9, 0x0a, 0x00, 0x00, 0x00, 0x8b, 0x45, 0x08, 0xb9, 0x00, 0x00,
	0x00, 0x00, 0x89, 0x08, 0x8b, 0x45, 0x0c, 0x8b, 0x4d, 0x0c, 0x83, 0xc1,
	0x04, 0xba, 0x00, 0x00, 0x00, 0x00, 0x89, 0x11, 0x89, 0x10, 0xc9, 0xc3,
	0x55, 0x89, 0xe5, 0x81, 0xec, 0x1c, 0x00, 0x00, 0x00, 0x8b, 0x45, 0x08,
	0xb9, 0x00, 0x00, 0x00, 0x00, 0x89, 0x4d, 0xe8, 0xb9, 0x14, 0x00, 0x00,
	0x00, 0x51, 0xb9, 0x00, 0x00, 0x00, 0x00, 0x51, 0x8d, 0x4d, 0xec, 0x51,
	0x89, 0x45, 0xe4, 0xe8, 0x10, 0x28, 0x00, 0x00, 0x83, 0xc4, 0x0c, 0xb8,
	0x18, 0x00, 0x00, 0x00, 0x50, 0x8d, 0x45, 0xe8, 0x50, 0x8b, 0x45, 0xe4,
	0x50, 0xe8, 0xc6, 0x27, 0x00, 0x00, 0x83, 0xc4, 0x0c, 0x8b, 0x45, 0x08,
	0x50, 0xb8, 0x58, 0x24, 0x05, 0x08, 0x50, 0xe8, 0x9c, 0xfe, 0xff, 0xff,
	0x83, 0xc4, 0x08, 0xc9, 0xc3, 0x55, 0x89, 0xe5, 0x81, 0xec, 0x0c, 0x00,
	0x00, 0x00, 0x8b, 0x45, 0x08, 0x83, 0xc0, 0x0c, 0x8b, 0x08, 0x83, 0xf9,
	0x00, 0x0f, 0x84, 0x05, 0x00, 0x00, 0x00, 0xe8, 0x2a, 0xfe, 0xff, 0xff,
	0x8b, 0x45, 0x08, 0x83, 0xc0, 0x08, 0x8b, 0x08, 0x83, 0xc1, 0x04, 0x0f,
	0xb6, 0x01, 0xc1, 0xe0, 0x1b, 0xc1, 0xe8, 0x1b, 0xb9, 0x02, 0x00, 0x00,
	0x00, 0x89, 0x4d, 0xf4, 0x89, 0xc1, 0x8b, 0x45, 0xf4, 0xd3, 0xe0, 0x48,
	0x89, 0x45, 0xf8, 0x8b, 0x45, 0x08, 0x83, 0xc0, 0x10, 0x8b, 0x08, 0x89,
	0x4d, 0xfc, 0x8b, 0x45, 0x08, 0x83, 0xc0, 0x10, 0x8b, 0x4d, 0xf8, 0x83,
	0xf1, 0xff, 0x8b, 0x55, 0xfc, 0x21, 0xca, 0x52, 0x8b, 0x4d, 0xfc, 0x51,
	0x50, 0xe8, 0x9e, 0xfd, 0xff, 0xff, 0x83, 0xc4, 0x0c, 0x8b, 0x4d, 0xfc,
	0x39, 0xc8, 0x0f, 0x85, 0xcb, 0xff, 0xff, 0xff, 0x8b, 0x45, 0x08, 0x83,
	0xc0, 0x0c, 0x8b, 0x4d, 0xfc, 0x8b, 0x55, 0xf8, 0x21, 0xd1, 0x89, 0x08,
	0x89, 0xc8, 0xc9, 0xc3, 0x55, 0x89, 0xe5, 0x81, 0xec, 0x00, 0x00, 0x00,
	0x00, 0x8b, 0x45, 0x08, 0x83, 0xc0, 0xfd, 0x0f, 0xb6, 0x08, 0x83, 0xe1,
	0x1f, 0x89, 0xc8, 0xc9, 0xc3, 0x55, 0x89, 0xe5, 0x81, 0xec, 0x18, 0x00,
	0x00, 0x00, 0x8b, 0x45, 0x08, 0x83, 0xe0, 0x0f, 0x83, 0xf8, 0x00, 0x0f,
	0x84, 0x05, 0x00, 0x00, 0x00, 0xe8, 0x84, 0xfd, 0xff, 0xff, 0x8b, 0x45,
	0x08, 0x83, 0xe8, 0x02, 0x0f, 0xb7, 0x08, 0x89, 0x4d, 0xfc, 0x8b, 0x45,
	0x08, 0x50, 0xe8, 0xb5, 0xff, 0xff, 0xff, 0x83, 0xc4, 0x04, 0x89, 0x45,
	0xf8, 0x8b, 0x45, 0x08, 0x83, 0xc0, 0xfc, 0x0f, 0xb6, 0x08, 0x83, 0xf9,
	0x00, 0x0f, 0x84, 0x30, 0x00, 0x00, 0x00, 0x8b, 0x45, 0xfc, 0x83, 0xf8,
	0x00, 0x0f, 0x84, 0x05, 0x00, 0x00, 0x00, 0xe8, 0x46, 0xfd, 0xff, 0xff,
	0x8b, 0x45, 0x08, 0x83, 0xe8, 0x08, 0x8b, 0x08, 0x89, 0x4d, 0xfc, 0x8b,
	0x45, 0xfc, 0x81, 0xf8, 0xff, 0xff, 0x00, 0x00, 0x0f, 0x8f, 0x05, 0x00,
	0x00, 0x00, 0xe8, 0x27, 0xfd, 0xff, 0xff, 0x8b, 0x45, 0xfc, 0xc1, 0xe0,
	0x04, 0x8b, 0x4d, 0x08, 0x29, 0xc1, 0x83, 0xe9, 0x10, 0x89, 0x4d, 0xf4,
	0x8b, 0x45, 0xf4, 0x8b, 0x08, 0x89, 0x4d, 0xf0, 0x8b, 0x45, 0xf0, 0x83,
	0xc0, 0x08, 0x8b, 0x08, 0x8b, 0x45, 0xf4, 0x39, 0xc1, 0x0f, 0x84, 0x05,
	0x00, 0x00, 0x00, 0xe8, 0xf6, 0xfc, 0xff, 0xff, 0x8b, 0x45, 0xf0, 0x83,
	0xc0, 0x14, 0x8b, 0x08, 0xc1, 0xe1, 0x1b, 0xc1, 0xe9, 0x1b, 0x8b, 0x45,
	0xf8, 0x39, 0xc8, 0x0f, 0x8e, 0x05, 0x00, 0x00, 0x00, 0xe8, 0xd8, 0xfc,
	0xff, 0xff, 0x8b, 0x45, 0xf0, 0x83, 0xc0, 0x0c, 0xb9, 0x01, 0x00, 0x00,
	0x00, 0x89, 0x4d, 0xec, 0x8b, 0x4d, 0xf8, 0x8b, 0x55, 0xec, 0xd3, 0xe2,
	0x8b, 0x08, 0x21, 0xd1, 0x83, 0xf9, 0x00, 0x0f, 0x84, 0x05, 0x00, 0x00,
	0x00, 0xe8, 0xb0, 0xfc, 0xff, 0xff, 0x8b, 0x45, 0xf0, 0x83, 0xc0, 0x10,
	0xb9, 0x01, 0x00, 0x00, 0x00, 0x89, 0x4d, 0xec, 0x8b, 0x4d, 0xf8, 0x8b,
	0x55, 0xec, 0xd3, 0xe2, 0x8b, 0x08, 0x21, 0xd1, 0x83, 0xf9, 0x00, 0x0f,
	0x84, 0x05, 0x00, 0x00, 0x00, 0xe8, 0x88, 0xfc, 0xff, 0xff, 0x8b, 0x45,
	0xf0, 0x81, 0xe0, 0x00, 0xf0, 0xff, 0xff, 0x89, 0x45, 0xe8, 0x8b, 0x45,
	0xe8, 0x8b, 0x08, 0x83, 0xc0, 0x04, 0x8b, 0x10, 0x8b, 0x05, 0x4c, 0x24,
	0x05, 0x08, 0x39, 0xc2, 0x0f, 0x85, 0x0e, 0x00, 0x00, 0x00, 0x8b, 0x05,
	0x48, 0x24, 0x05, 0x08, 0x39, 0xc1, 0x0f, 0x84, 0x05, 0x00, 0x00, 0x00,
	0xe8, 0x51, 0xfc, 0xff, 0xff, 0x8b, 0x45, 0xf0, 0x83, 0xc0, 0x14, 0x8b,
	0x08, 0xc1, 0xe1, 0x14, 0xc1, 0xe9, 0x1a, 0x83, 0xf9, 0x30, 0x0f, 0x8d,
	0x68, 0x00, 0x00, 0x00, 0x8b, 0x45, 0xf0, 0x83, 0xc0, 0x14, 0x8b, 0x08,
	0xc1, 0xe1, 0x14, 0xc1, 0xe9, 0x1a, 0xc1, 0xe1, 0x01, 0xb8, 0xc8, 0x23,
	0x05, 0x08, 0x01, 0xc8, 0x0f, 0xb7, 0x08, 0x8b, 0x45, 0xf8, 0x0f, 0xaf,
	0xc8, 0x8b, 0x45, 0xfc, 0x39, 0xc8, 0x0f, 0x8d, 0x05, 0x00, 0x00, 0x00,
	0xe8, 0x09, 0xfc, 0xff, 0xff, 0x8b, 0x45, 0xf0, 0x83, 0xc0, 0x14, 0x8b,
	0x08, 0xc1, 0xe1, 0x14, 0xc1, 0xe9, 0x1a, 0xc1, 0xe1, 0x01, 0xb8, 0xc8,
	0x23, 0x05, 0x08, 0x01, 0xc8, 0x8b, 0x4d, 0xf8, 0x41, 0x0f, 0xb7, 0x10,
	0x0f, 0xaf, 0xd1, 0x8b, 0x45, 0xfc, 0x39, 0xd0, 0x0f, 0x8c, 0x05, 0x00,
	0x00, 0x00, 0xe8, 0xd7, 0xfb, 0xff, 0xff, 0xe9, 0x1c, 0x00, 0x00, 0x00,
	0x8b, 0x45, 0xf0, 0x83, 0xc0, 0x14, 0x8b, 0x08, 0xc1, 0xe1, 0x14, 0xc1,
	0xe9, 0x1a, 0x83, 0xf9, 0x3f, 0x0f, 0x84, 0x05, 0x00, 0x00, 0x00, 0xe8,
	0xb6, 0xfb, 0xff, 0xff, 0x8b, 0x45, 0xf0, 0x83, 0xc0, 0x14, 0x8b, 0x08,
	0xc1, 0xe9, 0x0c, 0x83, 0xf9, 0x00, 0x0f, 0x84, 0x22, 0x00, 0x00, 0x00,
	0x8b, 0x45, 0xf0, 0x83, 0xc0, 0x14, 0x8b, 0x08, 0xc1, 0xe9, 0x0c, 0xc1,
	0xe1, 0x0c, 0xc1, 0xe9, 0x04, 0x49, 0x8b, 0x45, 0xfc, 0x39, 0xc8, 0x0f,
	0x86, 0x05, 0x00, 0x00, 0x00, 0xe8, 0x80, 0xfb, 0xff, 0xff, 0x8b, 0x45,
	0xf0, 0xc9, 0xc3, 0x55, 0x89, 0xe5, 0x81, 0xec, 0x04, 0x00, 0x00, 0x00,
	0x8b, 0x45, 0x08, 0x83, 0xc0, 0xfd, 0x0f, 0xb6, 0x08, 0xc1, 0xf9, 0x05,
	0x89, 0x4d, 0xfc, 0x8b, 0x45, 0xfc, 0x83, 0xf8, 0x05, 0x0f, 0x82, 0x44,
	0x00, 0x00, 0x00, 0x8b, 0x45, 0xfc, 0x83, 0xf8, 0x05, 0x0f, 0x84, 0x05,
	0x00, 0x00, 0x00, 0xe8, 0x46, 0xfb, 0xff, 0xff, 0x8b, 0x45, 0x0c, 0x83,
	0xe8, 0x04, 0x8b, 0x08, 0x89, 0x4d, 0xfc, 0x8b, 0x45, 0xfc, 0x83, 0xf8,
	0x05, 0x0f, 0x83, 0x05, 0x00, 0x00, 0x00, 0xe8, 0x2a, 0xfb, 0xff, 0xff,
	0x8b, 0x45, 0x0c, 0x83, 0xc0, 0xfb, 0x0f, 0xb6, 0x08, 0x83, 0xf9, 0x00,
	0x0f, 0x84, 0x05, 0x00, 0x00, 0x00, 0xe8, 0x13, 0xfb, 0xff, 0xff, 0x8b,
	0x45, 0x0c, 0x8b, 0x4d, 0x08, 0x29, 0xc8, 0x8b, 0x4d, 0xfc, 0x39, 0xc1,
	0x0f, 0x86, 0x05, 0x00, 0x00, 0x00, 0xe8, 0xfb, 0xfa, 0xff, 0xff, 0x8b,
	0x45, 0xfc, 0x8b, 0x4d, 0x0c, 0x29, 0xc1, 0x0f, 0xb6, 0x01, 0x83, 0xf8,
	0x00, 0x0f, 0x84, 0x05, 0x00, 0x00, 0x00, 0xe8, 0xe2, 0xfa, 0xff, 0xff,
	0x8b, 0x45, 0x0c, 0x0f, 0xb6, 0x08, 0x83, 0xf9, 0x00, 0x0f, 0x84, 0x05,
	0x00, 0x00, 0x00, 0xe8, 0xce, 0xfa, 0xff, 0xff, 0x8b, 0x45, 0xfc, 0x8b,
	0x4d, 0x0c, 0x29, 0xc1, 0x8b, 0x45, 0x08, 0x29, 0xc1, 0x89, 0xc8, 0xc9,
	0xc3, 0x55, 0x89, 0xe5, 0x81, 0xec, 0x00, 0x00, 0x00, 0x00, 0x8b, 0x45,
	0x08, 0x83, 0xc0, 0x14, 0x8b, 0x08, 0xc1, 0xe1, 0x1b, 0xc1, 0xe9, 0x1b,
	0x83, 0xf9, 0x00, 0x0f, 0x85, 0x2c, 0x00, 0x00, 0x00, 0x8b, 0x45, 0x08,
	0x83, 0xc0, 0x14, 0x8b, 0x08, 0xc1, 0xe9, 0x0c, 0x83, 0xf9, 0x00, 0x0f,
	0x84, 0x18, 0x00, 0x00, 0x00, 0x8b, 0x45, 0x08, 0x83, 0xc0, 0x14, 0x8b,
	0x08, 0xc1, 0xe9, 0x0c, 0xc1, 0xe1, 0x0c, 0x83, 0xe9, 0x10, 0x89, 0xc8,
	0xe9, 0x25, 0x00, 0x00, 0x00, 0x8b, 0x45, 0x08, 0x83, 0xc0, 0x14, 0x8b,
	0x08, 0xc1, 0xe1, 0x14, 0xc1, 0xe9, 0x1a, 0xc1, 0xe1, 0x01, 0xb8, 0xc8,
	0x23, 0x05, 0x08, 0x01, 0xc8, 0x0f, 0xb7, 0x08, 0xc1, 0xe1, 0x04, 0x89,
	0xc8, 0xe9, 0x00, 0x00, 0x00, 0x00, 0xc9, 0xc3, 0x55, 0x89, 0xe5, 0x81,
	0xec, 0x04, 0x00, 0x00, 0x00, 0x0f, 0xb6, 0x05, 0x38, 0x26, 0x05, 0x08,
	0x81, 0xf8, 0xff, 0x00, 0x00, 0x00, 0x0f, 0x85, 0x47, 0x00, 0x00, 0x00,
	0xb8, 0x00, 0x00, 0x00, 0x00, 0x89, 0x45, 0xfc, 0x8b, 0x45, 0xfc, 0x83,
	0xf8, 0x20, 0x0f, 0x8d, 0x23, 0x00, 0x00, 0x00, 0xe9, 0x0b, 0x00, 0x00,
	0x00, 0x8b, 0x45, 0xfc, 0x89, 0xc1, 0x40, 0x89, 0x45, 0xfc, 0xeb, 0xe4,
	0x8b, 0x45, 0xfc, 0xb9, 0xf8, 0x25, 0x05, 0x08, 0x01, 0xc1, 0xb8, 0x00,
	0x00, 0x00, 0x00, 0x88, 0x01, 0xeb, 0xe2, 0xb8, 0x01, 0x00, 0x00, 0x00,
	0x88, 0x05, 0x38, 0x26, 0x05, 0x08, 0xe9, 0x10, 0x00, 0x00, 0x00, 0x0f,
	0xb6, 0x05, 0x38, 0x26, 0x05, 0x08, 0x89, 0xc1, 0x40, 0x88, 0x05, 0x38,
	0x26, 0x05, 0x08, 0xc9, 0xc3, 0x55, 0x89, 0xe5, 0x81, 0xec, 0x00, 0x00,
	0x00, 0x00, 0x8b, 0x45, 0x08, 0x83, 0xe8, 0x07, 0x83, 0xf8, 0x20, 0x0f,
	0x83, 0x16, 0x00, 0x00, 0x00, 0x8b, 0x45, 0x08, 0x83, 0xe8, 0x07, 0xb9,
	0xf8, 0x25, 0x05, 0x08, 0x01, 0xc1, 0x0f, 0xb6, 0x05, 0x38, 0x26, 0x05,
	0x08, 0x88, 0x01, 0xc9, 0xc3, 0x55, 0x89, 0xe5, 0x81, 0xec, 0x00, 0x00,
	0x00, 0x00, 0x8b, 0x45, 0x08, 0x83, 0xe8, 0x07, 0x83, 0xf8, 0x20, 0x0f,
	0x83, 0x19, 0x00, 0x00, 0x00, 0x8b, 0x45, 0x08, 0x83, 0xe8, 0x07, 0xb9,
	0x18, 0x26, 0x05, 0x08, 0x01, 0xc1, 0x0f, 0xb6, 0x01, 0x83, 0xf8, 0x64,
	0x0f, 0x8d, 0x07, 0x00, 0x00, 0x00, 0xb8, 0x00, 0x00, 0x00, 0x00, 0xeb,
	0x05, 0xb8, 0x01, 0x00, 0x00, 0x00, 0xc9, 0xc3, 0x55, 0x89, 0xe5, 0x81,
	0xec, 0x00, 0x00, 0x00, 0x00, 0x8b, 0x45, 0x08, 0x50, 0xe8, 0xcb, 0x11,
	0x00, 0x00, 0x83, 0xc4, 0x04, 0xc9, 0xc3, 0x55, 0x89, 0xe5, 0x81, 0xec,
	0x1c, 0x00, 0x00, 0x00, 0x8b, 0x05, 0x50, 0x24, 0x05, 0x08, 0x83, 0xf8,
	0x00, 0x0f, 0x85, 0x1c, 0x00, 0x00, 0x00, 0xe8, 0x99, 0x10, 0x00, 0x00,
	0x89, 0x05, 0x48, 0x24, 0x05, 0x08, 0x89, 0x15, 0x4c, 0x24, 0x05, 0x08,
	0xb8, 0x01, 0x00, 0x00, 0x00, 0x89, 0x05, 0x50, 0x24, 0x05, 0x08, 0xb8,
	0x00, 0x10, 0x00, 0x00, 0x89, 0x45, 0xf4, 0x8b, 0x45, 0xf4, 0x81, 0xf8,
	0x00, 0x10, 0x00, 0x00, 0x0f, 0x83, 0x08, 0x00, 0x00, 0x00, 0xb8, 0x00,
	0x10, 0x00, 0x00, 0x89, 0x45, 0xf4, 0xb8, 0x58, 0x24, 0x05, 0x08, 0x50,
	0xe8, 0xb4, 0x12, 0x00, 0x00, 0x83, 0xc4, 0x04, 0x89, 0x45, 0xfc, 0x83,
	0xf8, 0x00, 0x0f, 0x84, 0x08, 0x00, 0x00, 0x00, 0x8b, 0x45, 0xfc, 0xe9,
	0x11, 0x03, 0x00, 0x00, 0x8b, 0x05, 0x60, 0x24, 0x05, 0x08, 0x83, 0xf8,
	0x00, 0x0f, 0x85, 0xca, 0x02, 0x00, 0x00, 0xb8, 0x01, 0x00, 0x00, 0x00,
	0x89, 0x45, 0xf0, 0x8b, 0x05, 0x64, 0x24, 0x05, 0x08, 0x83, 0xf8, 0x00,
	0x0f, 0x85, 0x1d, 0x01, 0x00, 0x00, 0x8b, 0x05, 0x3c, 0x26, 0x05, 0x08,
	0x83, 0xf8, 0xff, 0x0f, 0x84, 0x0e, 0x01, 0x00, 0x00, 0x8b, 0x05, 0x3c,
	0x26, 0x05, 0x08, 0x8b, 0x4d, 0xf4, 0x01, 0xc8, 0x89, 0x45, 0xec, 0xb8,
	0x00, 0x00, 0x00, 0x00, 0x89, 0x45, 0xe8, 0x8b, 0x05, 0x3c, 0x26, 0x05,
	0x08, 0x83, 0xf8, 0x00, 0x0f, 0x85, 0x54, 0x00, 0x00, 0x00, 0xb8, 0x01,
	0x00, 0x00, 0x00, 0x89, 0x45, 0xe8, 0xb8, 0x00, 0x00, 0x00, 0x00, 0x50,
	0xb8, 0x2d, 0x00, 0x00, 0x00, 0x50, 0xe8, 0xb1, 0x0f, 0x00, 0x00, 0x83,
	0xc4, 0x08, 0x89, 0x05, 0x3c, 0x26, 0x05, 0x08, 0xb8, 0x00, 0x00, 0x00,
	0x00, 0x8b, 0x0d, 0x3c, 0x26, 0x05, 0x08, 0x29, 0xc8, 0x8b, 0x4d, 0xf4,
	0x49, 0x21, 0xc8, 0x8b, 0x0d, 0x3c, 0x26, 0x05, 0x08, 0x01, 0xc1, 0x89,
	0x0d, 0x3c, 0x26, 0x05, 0x08, 0x8b, 0x45, 0xf4, 0xc1, 0xe0, 0x01, 0x8b,
	0x0d, 0x3c, 0x26, 0x05, 0x08, 0x01, 0xc1, 0x89, 0x4d, 0xec, 0x8b, 0x45,
	0xec, 0x50, 0xb8, 0x2d, 0x00, 0x00, 0x00, 0x50, 0xe8, 0x67, 0x0f, 0x00,
	0x00, 0x83, 0xc4, 0x08, 0x8b, 0x4d, 0xec, 0x39, 0xc8, 0x0f, 0x84, 0x10,
	0x00, 0x00, 0x00, 0xb8, 0xff, 0xff, 0xff, 0xff, 0x89, 0x05, 0x3c, 0x26,
	0x05, 0x08, 0xe9, 0x68, 0x00, 0x00, 0x00, 0x8b, 0x45, 0xe8, 0x83, 0xf8,
	0x00, 0x0f, 0x84, 0x31, 0x00, 0x00, 0x00, 0xb8, 0x00, 0x00, 0x00, 0x00,
	0xb9, 0x00, 0x00, 0x00, 0x00, 0x51, 0x50, 0xb8, 0xff, 0xff, 0xff, 0xff,
	0x50, 0xb8, 0x32, 0x00, 0x00, 0x00, 0x50, 0xb8, 0x00, 0x00, 0x00, 0x00,
	0x50, 0x8b, 0x45, 0xf4, 0x50, 0x8b, 0x05, 0x3c, 0x26, 0x05, 0x08, 0x50,
	0xe8, 0x32, 0x1a, 0x00, 0x00, 0x83, 0xc4, 0x1c, 0x8b, 0x45, 0xec, 0x89,
	0x05, 0x3c, 0x26, 0x05, 0x08, 0x8b, 0x45, 0xec, 0x8b, 0x4d, 0xf4, 0x29,
	0xc8, 0x89, 0x05, 0x74, 0x24, 0x05, 0x08, 0x8b, 0x45, 0xf4, 0xc1, 0xe8,
	0x0c, 0x89, 0x05, 0x64, 0x24, 0x05, 0x08, 0xb8, 0x00, 0x00, 0x00, 0x00,
	0x89, 0x45, 0xf0, 0x8b, 0x05, 0x64, 0x24, 0x05, 0x08, 0x83, 0xf8, 0x00,
	0x0f, 0x85, 0x8f, 0x00, 0x00, 0x00, 0xb8, 0x02, 0x00, 0x00, 0x00, 0x8b,
	0x0d, 0x68, 0x24, 0x05, 0x08, 0xd3, 0xe0, 0x89, 0x45, 0xe4, 0x8b, 0x45,
	0xe4, 0x8b, 0x4d, 0xf4, 0x0f, 0xaf, 0xc1, 0xb9, 0x00, 0x00, 0x00, 0x00,
	0xba, 0x00, 0x00, 0x00, 0x00, 0x52, 0x51, 0xb9, 0xff, 0xff, 0xff, 0xff,
	0x51, 0xb9, 0x22, 0x00, 0x00, 0x00, 0x51, 0xb9, 0x00, 0x00, 0x00, 0x00,
	0x51, 0x50, 0xb8, 0x00, 0x00, 0x00, 0x00, 0x50, 0xe8, 0xb2, 0x19, 0x00,
	0x00, 0x83, 0xc4, 0x1c, 0x89, 0x45, 0xf8, 0x8b, 0x45, 0xf8, 0x83, 0xf8,
	0xff, 0x0f, 0x85, 0x0a, 0x00, 0x00, 0x00, 0xb8, 0x00, 0x00, 0x00, 0x00,
	0xe9, 0x60, 0x01, 0x00, 0x00, 0x8b, 0x45, 0xf4, 0x8b, 0x4d, 0xf8, 0x01,
	0xc1, 0x89, 0x0d, 0x74, 0x24, 0x05, 0x08, 0x8b, 0x45, 0xe4, 0x48, 0x8b,
	0x4d, 0xf4, 0xc1, 0xe9, 0x0c, 0x0f, 0xaf, 0xc1, 0x89, 0x05, 0x64, 0x24,
	0x05, 0x08, 0x8b, 0x05, 0x68, 0x24, 0x05, 0x08, 0x89, 0xc1, 0x40, 0x89,
	0x05, 0x68, 0x24, 0x05, 0x08, 0x8b, 0x05, 0x74, 0x24, 0x05, 0x08, 0x89,
	0x45, 0xf8, 0x8b, 0x45, 0xf4, 0x48, 0x8b, 0x4d, 0xf8, 0x21, 0xc1, 0x83,
	0xf9, 0x00, 0x0f, 0x84, 0x08, 0x00, 0x00, 0x00, 0xb8, 0x00, 0x00, 0x00,
	0x00, 0x89, 0x45, 0xf0, 0x8b, 0x45, 0xf0, 0x83, 0xf8, 0x00, 0x0f, 0x84,
	0x39, 0x00, 0x00, 0x00, 0xb8, 0x03, 0x00, 0x00, 0x00, 0x50, 0x8b, 0x45,
	0xf4, 0x50, 0x8b, 0x45, 0xf8, 0x50, 0xe8, 0x5d, 0x1a, 0x00, 0x00, 0x83,
	0xc4, 0x0c, 0x83, 0xf8, 0x00, 0x0f, 0x84, 0x1a, 0x00, 0x00, 0x00, 0xe8,
	0x3c, 0x29, 0x00, 0x00, 0x8b, 0x08, 0x83, 0xf9, 0x26, 0x0f, 0x84, 0x0a,
	0x00, 0x00, 0x00, 0xb8, 0x00, 0x00, 0x00, 0x00, 0xe9, 0xc8, 0x00, 0x00,
	0x00, 0x8b, 0x05, 0x64, 0x24, 0x05, 0x08, 0x89, 0xc1, 0x48, 0x89, 0x05,
	0x64, 0x24, 0x05, 0x08, 0x8b, 0x45, 0xf8, 0x81, 0xc0, 0x00, 0x10, 0x00,
	0x00, 0x89, 0x05, 0x74, 0x24, 0x05, 0x08, 0x8b, 0x05, 0x70, 0x24, 0x05,
	0x08, 0x83, 0xf8, 0x00, 0x0f, 0x84, 0x13, 0x00, 0x00, 0x00, 0x8b, 0x05,
	0x70, 0x24, 0x05, 0x08, 0x83, 0xc0, 0x08, 0x8b, 0x4d, 0xf8, 0x89, 0x08,
	0xe9, 0x09, 0x00, 0x00, 0x00, 0x8b, 0x45, 0xf8, 0x89, 0x05, 0x6c, 0x24,
	0x05, 0x08, 0x8b, 0x45, 0xf8, 0x89, 0x05, 0x70, 0x24, 0x05, 0x08, 0x8b,
	0x05, 0x70, 0x24, 0x05, 0x08, 0x8b, 0x0d, 0x48, 0x24, 0x05, 0x08, 0x8b,
	0x15, 0x4c, 0x24, 0x05, 0x08, 0x89, 0x08, 0x83, 0xc0, 0x04, 0x89, 0x10,
	0x8b, 0x05, 0x70, 0x24, 0x05, 0x08, 0x83, 0xc0, 0x0c, 0xb9, 0xaa, 0x00,
	0x00, 0x00, 0x89, 0x08, 0x89, 0x0d, 0x60, 0x24, 0x05, 0x08, 0x8b, 0x05,
	0x70, 0x24, 0x05, 0x08, 0x83, 0xc0, 0x10, 0x89, 0x05, 0x5c, 0x24, 0x05,
	0x08, 0x8b, 0x05, 0x60, 0x24, 0x05, 0x08, 0x89, 0xc1, 0x48, 0x89, 0x05,
	0x60, 0x24, 0x05, 0x08, 0x8b, 0x05, 0x5c, 0x24, 0x05, 0x08, 0x89, 0xc1,
	0x83, 0xc0, 0x18, 0x89, 0x05, 0x5c, 0x24, 0x05, 0x08, 0x89, 0x4d, 0xfc,
	0x8b, 0x45, 0xfc, 0x8b, 0x4d, 0xfc, 0x83, 0xc1, 0x04, 0xba, 0x00, 0x00,
	0x00, 0x00, 0x89, 0x11, 0x89, 0x10, 0x8b, 0x45, 0xfc, 0xc9, 0xc3, 0x55,
	0x89, 0xe5, 0x81, 0xec, 0x1c, 0x00, 0x00, 0x00, 0x8b, 0x45, 0x08, 0x8b,
	0x08, 0x89, 0x4d, 0xfc, 0x8b, 0x45, 0xfc, 0x83, 0xf8, 0x00, 0x0f, 0x85,
	0x0a, 0x00, 0x00, 0x00, 0xb8, 0x00, 0x00, 0x00, 0x00, 0xe9, 0x63, 0x02,
	0x00, 0x00, 0x8b, 0x45, 0xfc, 0x83, 0xc0, 0x0c, 0x8b, 0x08, 0x89, 0x4d,
	0xf4, 0x8b, 0x45, 0xf4, 0x83, 0xf8, 0x00, 0x0f, 0x85, 0x27, 0x02, 0x00,
	0x00, 0x8b, 0x45, 0xfc, 0x83, 0xf8, 0x00, 0x0f, 0x85, 0x0a, 0x00, 0x00,
	0x00, 0xb8, 0x00, 0x00, 0x00, 0x00, 0xe9, 0x36, 0x02, 0x00, 0x00, 0x8b,
	0x45, 0xfc, 0x83, 0xc0, 0x10, 0x8b, 0x08, 0x83, 0xf9, 0x00, 0x0f, 0x85,
	0x33, 0x00, 0x00, 0x00, 0x8b, 0x45, 0xfc, 0x50, 0x8b, 0x45, 0x08, 0x50,
	0xe8, 0x9b, 0x0e, 0x00, 0x00, 0x83, 0xc4, 0x08, 0x8b, 0x45, 0x08, 0x8b,
	0x08, 0x89, 0x4d, 0xfc, 0x8b, 0x45, 0xfc, 0x83, 0xf8, 0x00, 0x0f, 0x85,
	0x0a, 0x00, 0x00, 0x00, 0xb8, 0x00, 0x00, 0x00, 0x00, 0xe9, 0xf7, 0x01,
	0x00, 0x00, 0xe9, 0x13, 0x00, 0x00, 0x00, 0x8b, 0x45, 0xfc, 0x83, 0xc0,
	0x04, 0x8b, 0x08, 0x89, 0x4d, 0xfc, 0x8b, 0x45, 0x08, 0x8b, 0x4d, 0xfc,
	0x89, 0x08, 0x8b, 0x45, 0xfc, 0x83, 0xc0, 0x10, 0x8b, 0x08, 0x89, 0x4d,
	0xf4, 0x8b, 0x45, 0xfc, 0x83, 0xc0, 0x14, 0x8b, 0x08, 0xc1, 0xe1, 0x1b,
	0xc1, 0xe9, 0x1b, 0xb8, 0x02, 0x00, 0x00, 0x00, 0xd3, 0xe0, 0x48, 0x8b,
	0x4d, 0xf4, 0x39, 0xc1, 0x0f, 0x85, 0x35, 0x00, 0x00, 0x00, 0x8b, 0x45,
	0xfc, 0x83, 0xc0, 0x14, 0x8b, 0x08, 0xc1, 0xe1, 0x1a, 0xc1, 0xe9, 0x1f,
	0x83, 0xf9, 0x00, 0x0f, 0x84, 0x1e, 0x00, 0x00, 0x00, 0x8b, 0x45, 0xfc,
	0x83, 0xc0, 0x04, 0x8b, 0x08, 0x89, 0x4d, 0xfc, 0x8b, 0x45, 0x08, 0x8b,
	0x4d, 0xfc, 0x89, 0x08, 0x8b, 0x45, 0xfc, 0x83, 0xc0, 0x10, 0x8b, 0x08,
	0x89, 0x4d, 0xf4, 0x8b, 0x45, 0xfc, 0x83, 0xc0, 0x08, 0x8b, 0x08, 0x83,
	0xc1, 0x04, 0x0f, 0xb6, 0x01, 0xc1, 0xe0, 0x1b, 0xc1, 0xe8, 0x1b, 0xb9,
	0x02, 0x00, 0x00, 0x00, 0x89, 0x4d, 0xf0, 0x89, 0xc1, 0x8b, 0x45, 0xf0,
	0xd3, 0xe0, 0x48, 0x8b, 0x4d, 0xf4, 0x21, 0xc1, 0x83, 0xf9, 0x00, 0x0f,
	0x85, 0xf0, 0x00, 0x00, 0x00, 0x8b, 0x45, 0xfc, 0x83, 0xc0, 0x04, 0x8b,
	0x08, 0x8b, 0x45, 0xfc, 0x39, 0xc1, 0x0f, 0x84, 0x18, 0x00, 0x00, 0x00,
	0x8b, 0x45, 0xfc, 0x83, 0xc0, 0x04, 0x8b, 0x08, 0x89, 0x4d, 0xfc, 0x8b,
	0x45, 0x08, 0x8b, 0x4d, 0xfc, 0x89, 0x08, 0xe9, 0xc5, 0x00, 0x00, 0x00,
	0x8b, 0x45, 0xfc, 0x83, 0xc0, 0x08, 0x8b, 0x08, 0x83, 0xc1, 0x04, 0x0f,
	0xb6, 0x01, 0xc1, 0xe0, 0x1b, 0xc1, 0xe8, 0x1b, 0x83, 0xc0, 0x02, 0x89,
	0x45, 0xec, 0x8b, 0x45, 0xfc, 0x83, 0xc0, 0x14, 0x8b, 0x08, 0xc1, 0xe1,
	0x14, 0xc1, 0xe9, 0x1a, 0xc1, 0xe1, 0x01, 0xb8, 0xc8, 0x23, 0x05, 0x08,
	0x01, 0xc8, 0x0f, 0xb7, 0x08, 0xc1, 0xe1, 0x04, 0x89, 0x4d, 0xe8, 0x8b,
	0x45, 0xe8, 0x8b, 0x4d, 0xec, 0x0f, 0xaf, 0xc1, 0x83, 0xc0, 0x10, 0x89,
	0x45, 0xe4, 0x8b, 0x45, 0xe4, 0x8b, 0x4d, 0xe8, 0x01, 0xc8, 0x48, 0x8b,
	0x4d, 0xe4, 0x31, 0xc1, 0x81, 0xf9, 0x00, 0x10, 0x00, 0x00, 0x0f, 0x8d,
	0x16, 0x00, 0x00, 0x00, 0x8b, 0x45, 0xec, 0x89, 0xc1, 0x40, 0x89, 0x45,
	0xec, 0x8b, 0x45, 0xe4, 0x8b, 0x4d, 0xe8, 0x01, 0xc8, 0x89, 0x45, 0xe4,
	0xeb, 0xd0, 0x8b, 0x45, 0xfc, 0x83, 0xc0, 0x14, 0x8b, 0x08, 0xc1, 0xe1,
	0x1b, 0xc1, 0xe9, 0x1b, 0x41, 0x8b, 0x45, 0xec, 0x39, 0xc8, 0x0f, 0x8e,
	0x12, 0x00, 0x00, 0x00, 0x8b, 0x45, 0xfc, 0x83, 0xc0, 0x14, 0x8b, 0x08,
	0xc1, 0xe1, 0x1b, 0xc1, 0xe9, 0x1b, 0x41, 0x89, 0x4d, 0xec, 0x8b, 0x45,
	0xfc, 0x83, 0xc0, 0x08, 0x8b, 0x08, 0x83, 0xc1, 0x04, 0x8b, 0x45, 0xec,
	0x48, 0x0f, 0xb6, 0xc0, 0x83, 0xe0, 0x1f, 0x0f, 0xb6, 0x11, 0x83, 0xe2,
	0xe0, 0x09, 0xd0, 0x88, 0x01, 0x8b, 0x45, 0xfc, 0x50, 0xe8, 0xde, 0x0d,
	0x00, 0x00, 0x83, 0xc4, 0x04, 0x89, 0x45, 0xf4, 0x8b, 0x45, 0xf4, 0x83,
	0xf8, 0x00, 0x0f, 0x85, 0x05, 0x00, 0x00, 0x00, 0xe8, 0xa0, 0x0a, 0x00,
	0x00, 0x8b, 0x45, 0xfc, 0x83, 0xc0, 0x14, 0x8b, 0x08, 0xc1, 0xe1, 0x14,
	0xc1, 0xe9, 0x1a, 0x51, 0xe8, 0x49, 0x14, 0x00, 0x00, 0x83, 0xc4, 0x04,
	0xb8, 0x00, 0x00, 0x00, 0x00, 0x8b, 0x4d, 0xf4, 0x29, 0xc8, 0x8b, 0x4d,
	0xf4, 0x21, 0xc1, 0x89, 0x4d, 0xf8, 0x8b, 0x45, 0xfc, 0x83, 0xc0, 0x0c,
	0x8b, 0x4d, 0xf4, 0x8b, 0x55, 0xf8, 0x29, 0xd1, 0x89, 0x08, 0x8b, 0x45,
	0xf8, 0xc9, 0xc3, 0x55, 0x89, 0xe5, 0x81, 0xec, 0x3c, 0x00, 0x00, 0x00,
	0x8b, 0x45, 0x08, 0xc1, 0xe0, 0x01, 0xb9, 0xc8, 0x23, 0x05, 0x08, 0x01,
	0xc1, 0x0f, 0xb7, 0x01, 0xc1, 0xe0, 0x04, 0x89, 0x45, 0xfc, 0xb8, 0x00,
	0x00, 0x00, 0x00, 0x89, 0x45, 0xf8, 0xe8, 0xc0, 0xf9, 0xff, 0xff, 0x89,
	0x45, 0xec, 0x8b, 0x45, 0xec, 0x83, 0xf8, 0x00, 0x0f, 0x85, 0x0a, 0x00,
	0x00, 0x00, 0xb8, 0x00, 0x00, 0x00, 0x00, 0xe9, 0xac, 0x05, 0x00, 0x00,
	0x8b, 0x45, 0x08, 0xc1, 0xe0, 0x02, 0xb9, 0x38, 0x25, 0x05, 0x08, 0x01,
	0xc1, 0x8b, 0x01, 0x89, 0x45, 0xe8, 0xb8, 0x00, 0x10, 0x00, 0x00, 0x89,
	0x45, 0xe4, 0x8b, 0x45, 0x08, 0x83, 0xf8, 0x09, 0x0f, 0x8d, 0x61, 0x00,
	0x00, 0x00, 0x8b, 0x45, 0xf8, 0x83, 0xf8, 0x02, 0x0f, 0x8d, 0x33, 0x00,
	0x00, 0x00, 0x8b, 0x45, 0x08, 0xb9, 0x03, 0x00, 0x00, 0x00, 0x0f, 0xaf,
	0xc1, 0xb9, 0x28, 0x24, 0x05, 0x08, 0x01, 0xc1, 0x8b, 0x45, 0xf8, 0x01,
	0xc1, 0x0f, 0xb6, 0x01, 0xc1, 0xe0, 0x02, 0x8b, 0x4d, 0xe8, 0x39, 0xc8,
	0x0f, 0x86, 0x0b, 0x00, 0x00, 0x00, 0x8b, 0x45, 0xf8, 0x89, 0xc1, 0x40,
	0x89, 0x45, 0xf8, 0xeb, 0xc1, 0x8b, 0x45, 0x08, 0xb9, 0x03, 0x00, 0x00,
	0x00, 0x0f, 0xaf, 0xc1, 0xb9, 0x28, 0x24, 0x05, 0x08, 0x01, 0xc1, 0x8b,
	0x45, 0xf8, 0x01, 0xc1, 0x0f, 0xb6, 0x01, 0x89, 0x45, 0xf4, 0xe9, 0x5e,
	0x00, 0x00, 0x00, 0x8b, 0x45, 0x08, 0x83, 0xe0, 0x03, 0xb9, 0x43, 0x24,
	0x05, 0x08, 0x01, 0xc1, 0x0f, 0xb6, 0x01, 0x89, 0x45, 0xf4, 0x8b, 0x45,
	0xf4, 0x83, 0xe0, 0x01, 0x83, 0xf8, 0x00, 0x0f, 0x85, 0x1c, 0x00, 0x00,
	0x00, 0x8b, 0x45, 0xf4, 0xc1, 0xe0, 0x02, 0x8b, 0x4d, 0xe8, 0x39, 0xc8,
	0x0f, 0x86, 0x0b, 0x00, 0x00, 0x00, 0x8b, 0x45, 0xf4, 0xc1, 0xf8, 0x01,
	0x89, 0x45, 0xf4, 0xeb, 0xd5, 0x8b, 0x45, 0xfc, 0x8b, 0x4d, 0xf4, 0x0f,
	0xaf, 0xc1, 0x81, 0xf8, 0x00, 0x00, 0x10, 0x00, 0x0f, 0x82, 0x0b, 0x00,
	0x00, 0x00, 0x8b, 0x45, 0xf4, 0xc1, 0xf8, 0x01, 0x89, 0x45, 0xf4, 0xeb,
	0xe0, 0x8b, 0x45, 0xf4, 0x83, 0xf8, 0x01, 0x0f, 0x85, 0x22, 0x00, 0x00,
	0x00, 0x8b, 0x45, 0xfc, 0x8b, 0x4d, 0xf4, 0x0f, 0xaf, 0xc1, 0x83, 0xc0,
	0x10, 0x8b, 0x4d, 0xe4, 0xc1, 0xe9, 0x01, 0x39, 0xc8, 0x0f, 0x87, 0x08,
	0x00, 0x00, 0x00, 0xb8, 0x02, 0x00, 0x00, 0x00, 0x89, 0x45, 0xf4, 0x8b,
	0x45, 0xfc, 0x8b, 0x4d, 0xf4, 0x0f, 0xaf, 0xc1, 0x83, 0xc0, 0x10, 0x8b,
	0x4d, 0xe4, 0xc1, 0xe9, 0x01, 0x39, 0xc8, 0x0f, 0x86, 0xa1, 0x02, 0x00,
	0x00, 0x8b, 0x45, 0x08, 0x50, 0xe8, 0xec, 0x12, 0x00, 0x00, 0x83, 0xc4,
	0x04, 0x89, 0x45, 0xdc, 0x8b, 0x45, 0x08, 0x50, 0xe8, 0xff, 0x11, 0x00,
	0x00, 0x83, 0xc4, 0x04, 0xe8, 0x82, 0x11, 0x00, 0x00, 0x8b, 0x45, 0x08,
	0x83, 0xe0, 0x01, 0x83, 0xf8, 0x00, 0x0f, 0x85, 0x24, 0x00, 0x00, 0x00,
	0x8b, 0x45, 0x08, 0x83, 0xf8, 0x20, 0x0f, 0x8d, 0x18, 0x00, 0x00, 0x00,
	0x8b, 0x45, 0x08, 0x40, 0xc1, 0xe0, 0x02, 0xb9, 0x38, 0x25, 0x05, 0x08,
	0x01, 0xc1, 0x8b, 0x45, 0xe8, 0x8b, 0x11, 0x01, 0xd0, 0x89, 0x45, 0xe8,
	0x8b, 0x45, 0xf4, 0xc1, 0xe0, 0x02, 0x8b, 0x4d, 0xe8, 0x39, 0xc8, 0x0f,
	0x86, 0xd8, 0x00, 0x00, 0x00, 0x8b, 0x45, 0xdc, 0x83, 0xf8, 0x00, 0x0f,
	0x85, 0xcc, 0x00, 0x00, 0x00, 0xe9, 0x00, 0x00, 0x00, 0x00, 0x8b, 0x45,
	0x08, 0x83, 0xe0, 0x03, 0x83, 0xf8, 0x01, 0x0f, 0x85, 0x24, 0x00, 0x00,
	0x00, 0x8b, 0x45, 0xfc, 0x8b, 0x4d, 0xf4, 0x0f, 0xaf, 0xc1, 0x8b, 0x4d,
	0xe4, 0xc1, 0xe1, 0x03, 0x39, 0xc8, 0x0f, 0x86, 0x0d, 0x00, 0x00, 0x00,
	0xb8, 0x02, 0x00, 0x00, 0x00, 0x89, 0x45, 0xf4, 0xe9, 0x94, 0x00, 0x00,
	0x00, 0x8b, 0x45, 0x08, 0x83, 0xe0, 0x03, 0x83, 0xf8, 0x02, 0x0f, 0x85,
	0x24, 0x00, 0x00, 0x00, 0x8b, 0x45, 0xfc, 0x8b, 0x4d, 0xf4, 0x0f, 0xaf,
	0xc1, 0x8b, 0x4d, 0xe4, 0xc1, 0xe1, 0x02, 0x39, 0xc8, 0x0f, 0x86, 0x0d,
	0x00, 0x00, 0x00, 0xb8, 0x03, 0x00, 0x00, 0x00, 0x89, 0x45, 0xf4, 0xe9,
	0x61, 0x00, 0x00, 0x00, 0x8b, 0x45, 0x08, 0x83, 0xe0, 0x03, 0x83, 0xf8,
	0x00, 0x0f, 0x85, 0x24, 0x00, 0x00, 0x00, 0x8b, 0x45, 0xfc, 0x8b, 0x4d,
	0xf4, 0x0f, 0xaf, 0xc1, 0x8b, 0x4d, 0xe4, 0xc1, 0xe1, 0x03, 0x39, 0xc8,
	0x0f, 0x86, 0x0d, 0x00, 0x00, 0x00, 0xb8, 0x03, 0x00, 0x00, 0x00, 0x89,
	0x45, 0xf4, 0xe9, 0x2e, 0x00, 0x00, 0x00, 0x8b, 0x45, 0x08, 0x83, 0xe0,
	0x03, 0x83, 0xf8, 0x00, 0x0f, 0x85, 0x1f, 0x00, 0x00, 0x00, 0x8b, 0x45,
	0xfc, 0x8b, 0x4d, 0xf4, 0x0f, 0xaf, 0xc1, 0x8b, 0x4d, 0xe4, 0xc1, 0xe1,
	0x01, 0x39, 0xc8, 0x0f, 0x86, 0x08, 0x00, 0x00, 0x00, 0xb8, 0x05, 0x00,
	0x00, 0x00, 0x89, 0x45, 0xf4, 0x8b, 0x45, 0xfc, 0x8b, 0x4d, 0xf4, 0x0f,
	0xaf, 0xc1, 0x83, 0xc0, 0x10, 0x89, 0x45, 0xd8, 0xb8, 0x00, 0x00, 0x00,
	0x00, 0x8b, 0x4d, 0xd8, 0x29, 0xc8, 0x8b, 0x4d, 0xe4, 0x49, 0x21, 0xc8,
	0x8b, 0x4d, 0xd8, 0x01, 0xc1, 0x89, 0x4d, 0xd8, 0x8b, 0x45, 0xdc, 0x83,
	0xf8, 0x00, 0x0f, 0x85, 0x6e, 0x00, 0x00, 0x00, 0x8b, 0x45, 0xf4, 0x83,
	0xf8, 0x07, 0x0f, 0x8f, 0x62, 0x00, 0x00, 0x00, 0x8b, 0x45, 0x0c, 0x83,
	0xc0, 0x14, 0x89, 0x45, 0x0c, 0xb8, 0x00, 0x00, 0x00, 0x00, 0x8b, 0x4d,
	0x0c, 0x29, 0xc8, 0x8b, 0x4d, 0xe4, 0x49, 0x21, 0xc8, 0x8b, 0x4d, 0x0c,
	0x01, 0xc1, 0x89, 0x4d, 0x0c, 0x8b, 0x45, 0xfc, 0x83, 0xc0, 0x10, 0x8b,
	0x4d, 0x0c, 0x39, 0xc1, 0x0f, 0x82, 0x22, 0x00, 0x00, 0x00, 0x8b, 0x45,
	0xe4, 0xc1, 0xe0, 0x02, 0x8b, 0x4d, 0x0c, 0x39, 0xc1, 0x0f, 0x82, 0x1f,
	0x00, 0x00, 0x00, 0x8b, 0x45, 0xf4, 0xc1, 0xe0, 0x01, 0x8b, 0x4d, 0xe8,
	0x39, 0xc8, 0x0f, 0x86, 0x0e, 0x00, 0x00, 0x00, 0xb8, 0x01, 0x00, 0x00,
	0x00, 0x89, 0x45, 0xf4, 0x8b, 0x45, 0x0c, 0x89, 0x45, 0xd8, 0xb8, 0x00,
	0x00, 0x00, 0x00, 0xb9, 0x00, 0x00, 0x00, 0x00, 0x51, 0x50, 0xb8, 0xff,
	0xff, 0xff, 0xff, 0x50, 0xb8, 0x22, 0x00, 0x00, 0x00, 0x50, 0xb8, 0x03,
	0x00, 0x00, 0x00, 0x50, 0x8b, 0x45, 0xd8, 0x50, 0xb8, 0x00, 0x00, 0x00,
	0x00, 0x50, 0xe8, 0x2c, 0x12, 0x00, 0x00, 0x83, 0xc4, 0x1c, 0x89, 0x45,
	0xf0, 0x8b, 0x45, 0xf0, 0x83, 0xf8, 0xff, 0x0f, 0x85, 0x16, 0x00, 0x00,
	0x00, 0x8b, 0x45, 0xec, 0x50, 0xe8, 0x99, 0x09, 0x00, 0x00, 0x83, 0xc4,
	0x04, 0xb8, 0x00, 0x00, 0x00, 0x00, 0xe9, 0x4d, 0x02, 0x00, 0x00, 0x8b,
	0x45, 0xec, 0x83, 0xc0, 0x14, 0x8b, 0x4d, 0xd8, 0xc1, 0xe9, 0x0c, 0x81,
	0xe1, 0xff, 0xff, 0x0f, 0x00, 0xc1, 0xe1, 0x0c, 0x8b, 0x10, 0x81, 0xe2,
	0xff, 0x0f, 0x00, 0x00, 0x09, 0xd1, 0x89, 0x08, 0x8b, 0x05, 0x54, 0x24,
	0x05, 0x08, 0x89, 0xc1, 0x40, 0x89, 0x05, 0x54, 0x24, 0x05, 0x08, 0xb8,
	0xf0, 0x0f, 0x00, 0x00, 0x8b, 0x4d, 0xfc, 0x31, 0xd2, 0xf7, 0xf1, 0x48,
	0x89, 0x45, 0xe0, 0x8b, 0x45, 0xf4, 0x48, 0x8b, 0x4d, 0xe0, 0x39, 0xc1,
	0x0f, 0x8e, 0x07, 0x00, 0x00, 0x00, 0x8b, 0x45, 0xf4, 0x48, 0x89, 0x45,
	0xe0, 0x8b, 0x45, 0xe0, 0x83, 0xf8, 0x00, 0x0f, 0x8d, 0x08, 0x00, 0x00,
	0x00, 0xb8, 0x00, 0x00, 0x00, 0x00, 0x89, 0x45, 0xe0, 0xe9, 0x13, 0x01,
	0x00, 0x00, 0x8b, 0x45, 0xf4, 0x8b, 0x4d, 0xfc, 0x0f, 0xaf, 0xc1, 0x83,
	0xc0, 0x10, 0x83, 0xe8, 0x04, 0x50, 0xe8, 0x1a, 0x0e, 0x00, 0x00, 0x83,
	0xc4, 0x04, 0x89, 0x45, 0xd4, 0x8b, 0x45, 0xf4, 0x8b, 0x4d, 0xfc, 0x0f,
	0xaf, 0xc1, 0x83, 0xc0, 0x10, 0x83, 0xe8, 0x04, 0x50, 0x8b, 0x45, 0xd4,
	0x50, 0xe8, 0xac, 0x01, 0x00, 0x00, 0x83, 0xc4, 0x08, 0x89, 0x45, 0xd0,
	0x8b, 0x45, 0xd0, 0x83, 0xf8, 0x00, 0x0f, 0x8d, 0x16, 0x00, 0x00, 0x00,
	0x8b, 0x45, 0xec, 0x50, 0xe8, 0xce, 0x08, 0x00, 0x00, 0x83, 0xc4, 0x04,
	0xb8, 0x00, 0x00, 0x00, 0x00, 0xe9, 0x82, 0x01, 0x00, 0x00, 0x8b, 0x45,
	0xd4, 0xc1, 0xe0, 0x02, 0xb9, 0x78, 0x24, 0x05, 0x08, 0x01, 0xc1, 0x8b,
	0x01, 0x89, 0x45, 0xcc, 0x8b, 0x45, 0xd4, 0xc1, 0xe0, 0x01, 0xb9, 0xc8,
	0x23, 0x05, 0x08, 0x01, 0xc1, 0x0f, 0xb7, 0x01, 0xc1, 0xe0, 0x04, 0x83,
	0xe8, 0x04, 0x8b, 0x0d, 0x54, 0x24, 0x05, 0x08, 0x51, 0x50, 0x8b, 0x45,
	0xd0, 0x50, 0x8b, 0x45, 0xcc, 0x50, 0xe8, 0x05, 0x0c, 0x00, 0x00, 0x83,
	0xc4, 0x10, 0x89, 0x45, 0xf0, 0x8b, 0x45, 0xec, 0x83, 0xc0, 0x14, 0x8b,
	0x08, 0x81, 0xe1, 0xff, 0x0f, 0x00, 0x00, 0x89, 0x08, 0x8b, 0x45, 0xf0,
	0x83, 0xc0, 0xfd, 0x8b, 0x4d, 0xf0, 0x83, 0xc1, 0xfd, 0x0f, 0xb6, 0x11,
	0x83, 0xe2, 0x1f, 0x81, 0xca, 0xc0, 0x00, 0x00, 0x00, 0x88, 0x10, 0xb8,
	0x00, 0x00, 0x00, 0x00, 0x89, 0x45, 0xc8, 0x8b, 0x45, 0xc8, 0x8b, 0x4d,
	0xf4, 0x39, 0xc8, 0x0f, 0x8f, 0x2d, 0x00, 0x00, 0x00, 0xe9, 0x0b, 0x00,
	0x00, 0x00, 0x8b, 0x45, 0xc8, 0x89, 0xc1, 0x40, 0x89, 0x45, 0xc8, 0xeb,
	0xe2, 0x8b, 0x45, 0xc8, 0x8b, 0x4d, 0xfc, 0x0f, 0xaf, 0xc1, 0x83, 0xc0,
	0x10, 0x83, 0xe8, 0x04, 0x8b, 0x4d, 0xf0, 0x01, 0xc1, 0xb8, 0x00, 0x00,
	0x00, 0x00, 0x88, 0x01, 0xeb, 0xd8, 0x8b, 0x45, 0xf4, 0x48, 0x89, 0x45,
	0xe0, 0x8b, 0x45, 0x08, 0xc1, 0xe0, 0x02, 0xb9, 0x38, 0x25, 0x05, 0x08,
	0x01, 0xc1, 0x8b, 0x01, 0x8b, 0x55, 0xf4, 0x01, 0xd0, 0x89, 0x01, 0x8b,
	0x45, 0xec, 0x83, 0xc0, 0x0c, 0xb9, 0x02, 0x00, 0x00, 0x00, 0x89, 0x4d,
	0xc4, 0x8b, 0x4d, 0xe0, 0x8b, 0x55, 0xc4, 0xd3, 0xe2, 0x4a, 0x89, 0x10,
	0x8b, 0x45, 0xec, 0x83, 0xc0, 0x10, 0x8b, 0x4d, 0xf4, 0x49, 0xba, 0x02,
	0x00, 0x00, 0x00, 0xd3, 0xe2, 0x4a, 0x8b, 0x4d, 0xec, 0x83, 0xc1, 0x0c,
	0x89, 0x45, 0xc4, 0x8b, 0x01, 0x29, 0xc2, 0x8b, 0x45, 0xc4, 0x89, 0x10,
	0x8b, 0x45, 0xec, 0x83, 0xc0, 0x08, 0x8b, 0x4d, 0xf0, 0x89, 0x08, 0x8b,
	0x45, 0xec, 0x83, 0xc0, 0x08, 0x8b, 0x08, 0x8b, 0x45, 0xec, 0x89, 0x01,
	0x8b, 0x45, 0xec, 0x83, 0xc0, 0x08, 0x8b, 0x08, 0x83, 0xc1, 0x04, 0x0f,
	0xb6, 0x45, 0xe0, 0x83, 0xe0, 0x1f, 0x0f, 0xb6, 0x11, 0x83, 0xe2, 0xe0,
	0x09, 0xd0, 0x88, 0x01, 0x8b, 0x45, 0xec, 0x83, 0xc0, 0x14, 0x8b, 0x4d,
	0xf4, 0x49, 0x83, 0xe1, 0x1f, 0x8b, 0x10, 0x83, 0xe2, 0xe0, 0x09, 0xd1,
	0x89, 0x08, 0x8b, 0x45, 0xec, 0x83, 0xc0, 0x14, 0x8b, 0x08, 0x83, 0xe1,
	0xdf, 0x83, 0xc9, 0x20, 0x89, 0x08, 0x8b, 0x45, 0xec, 0x83, 0xc0, 0x14,
	0x8b, 0x4d, 0x08, 0x83, 0xe1, 0x3f, 0xc1, 0xe1, 0x06, 0x8b, 0x10, 0x81,
	0xe2, 0x3f, 0xf0, 0xff, 0xff, 0x09, 0xd1, 0x89, 0x08, 0x8b, 0x45, 0xec,
	0xc9, 0xc3, 0x55, 0x89, 0xe5, 0x81, 0xec, 0x08, 0x00, 0x00, 0x00, 0x8b,
	0x45, 0x08, 0xc1, 0xe0, 0x02, 0xb9, 0x78, 0x24, 0x05, 0x08, 0x01, 0xc1,
	0x51, 0xe8, 0x65, 0xf7, 0xff, 0xff, 0x83, 0xc4, 0x04, 0x89, 0x45, 0xfc,
	0x8b, 0x45, 0xfc, 0x83, 0xf8, 0x00, 0x0f, 0x84, 0x11, 0x00, 0x00, 0x00,
	0x8b, 0x45, 0xfc, 0x50, 0xe8, 0x44, 0x04, 0x00, 0x00, 0x83, 0xc4, 0x04,
	0xe9, 0x55, 0x00, 0x00, 0x00, 0x8b, 0x45, 0x0c, 0x50, 0x8b, 0x45, 0x08,
	0x50, 0xe8, 0xc1, 0xf9, 0xff, 0xff, 0x83, 0xc4, 0x08, 0x89, 0x45, 0xf8,
	0x8b, 0x45, 0xf8, 0x83, 0xf8, 0x00, 0x0f, 0x85, 0x0a, 0x00, 0x00, 0x00,
	0xb8, 0xff, 0xff, 0xff, 0xff, 0xe9, 0x2c, 0x00, 0x00, 0x00, 0x8b, 0x45,
	0xf8, 0x83, 0xc0, 0x0c, 0x8b, 0x08, 0x89, 0xca, 0x49, 0x89, 0x08, 0x8b,
	0x45, 0x08, 0xc1, 0xe0, 0x02, 0xb9, 0x78, 0x24, 0x05, 0x08, 0x01, 0xc1,
	0x8b, 0x45, 0xf8, 0x50, 0x51, 0xe8, 0x6f, 0x05, 0x00, 0x00, 0x83, 0xc4,
	0x08, 0xb8, 0x00, 0x00, 0x00, 0x00, 0xc9, 0xc3, 0x55, 0x89, 0xe5, 0x81,
	0xec, 0x24, 0x00, 0x00, 0x00, 0x8b, 0x45, 0x08, 0x50, 0xe8, 0x44, 0x0c,
	0x00, 0x00, 0x83, 0xc4, 0x04, 0x83, 0xf8, 0x00, 0x0f, 0x84, 0x0a, 0x00,
	0x00, 0x00, 0xb8, 0x00, 0x00, 0x00, 0x00, 0xe9, 0x40, 0x03, 0x00, 0x00,
	0x8b, 0x45, 0x08, 0x81, 0xf8, 0xec, 0xff, 0x01, 0x00, 0x0f, 0x82, 0x35,
	0x01, 0x00, 0x00, 0x8b, 0x45, 0x08, 0x83, 0xc0, 0x04, 0x83, 0xc0, 0x10,
	0x89, 0x45, 0xe4, 0xb8, 0x00, 0x00, 0x00, 0x00, 0xb9, 0x00, 0x00, 0x00,
	0x00, 0x51, 0x50, 0xb8, 0xff, 0xff, 0xff, 0xff, 0x50, 0xb8, 0x22, 0x00,
	0x00, 0x00, 0x50, 0xb8, 0x03, 0x00, 0x00, 0x00, 0x50, 0x8b, 0x45, 0xe4,
	0x50, 0xb8, 0x00, 0x00, 0x00, 0x00, 0x50, 0xe8, 0xaf, 0x0e, 0x00, 0x00,
	0x83, 0xc4, 0x1c, 0x89, 0x45, 0xe0, 0x8b, 0x45, 0xe0, 0x83, 0xf8, 0xff,
	0x0f, 0x85, 0x0a, 0x00, 0x00, 0x00, 0xb8, 0x00, 0x00, 0x00, 0x00, 0xe9,
	0xdc, 0x02, 0x00, 0x00, 0xe8, 0x4b, 0x04, 0x00, 0x00, 0xe8, 0xf5, 0x0b,
	0x00, 0x00, 0xe8, 0xc8, 0xf2, 0xff, 0xff, 0x89, 0x45, 0xfc, 0x8b, 0x45,
	0xfc, 0x83, 0xf8, 0x00, 0x0f, 0x85, 0x1f, 0x00, 0x00, 0x00, 0xe8, 0x56,
	0x04, 0x00, 0x00, 0x8b, 0x45, 0xe4, 0x50, 0x8b, 0x45, 0xe0, 0x50, 0xe8,
	0x1f, 0x10, 0x00, 0x00, 0x83, 0xc4, 0x08, 0xb8, 0x00, 0x00, 0x00, 0x00,
	0xe9, 0x9f, 0x02, 0x00, 0x00, 0x8b, 0x45, 0xfc, 0x83, 0xc0, 0x08, 0x8b,
	0x4d, 0xe0, 0x89, 0x08, 0x8b, 0x45, 0xfc, 0x83, 0xc0, 0x08, 0x8b, 0x08,
	0x8b, 0x45, 0xfc, 0x89, 0x01, 0x8b, 0x45, 0xfc, 0x83, 0xc0, 0x14, 0x8b,
	0x08, 0x83, 0xe1, 0xe0, 0x89, 0x08, 0x8b, 0x45, 0xfc, 0x83, 0xc0, 0x14,
	0x8b, 0x08, 0x83, 0xe1, 0xdf, 0x83, 0xc9, 0x20, 0x89, 0x08, 0x8b, 0x45,
	0xfc, 0x83, 0xc0, 0x14, 0x8b, 0x08, 0x81, 0xe1, 0x3f, 0xf0, 0xff, 0xff,
	0x81, 0xc9, 0xc0, 0x0f, 0x00, 0x00, 0x89, 0x08, 0x8b, 0x45, 0xfc, 0x83,
	0xc0, 0x14, 0x8b, 0x4d, 0xe4, 0x81, 0xc1, 0xff, 0x0f, 0x00, 0x00, 0xc1,
	0xe9, 0x0c, 0x81, 0xe1, 0xff, 0xff, 0x0f, 0x00, 0xc1, 0xe1, 0x0c, 0x8b,
	0x10, 0x81, 0xe2, 0xff, 0x0f, 0x00, 0x00, 0x09, 0xd1, 0x89, 0x08, 0x8b,
	0x45, 0xfc, 0x83, 0xc0, 0x0c, 0x8b, 0x4d, 0xfc, 0x83, 0xc1, 0x10, 0xba,
	0x00, 0x00, 0x00, 0x00, 0x89, 0x11, 0x89, 0x10, 0x8b, 0x05, 0x54, 0x24,
	0x05, 0x08, 0x89, 0xc1, 0x40, 0x89, 0x05, 0x54, 0x24, 0x05, 0x08, 0xb8,
	0x00, 0x00, 0x00, 0x00, 0x89, 0x45, 0xec, 0xe9, 0xd6, 0x01, 0x00, 0x00,
	0x8b, 0x45, 0x08, 0x50, 0xe8, 0x44, 0x0a, 0x00, 0x00, 0x83, 0xc4, 0x04,
	0x89, 0x45, 0xf0, 0xe8, 0x33, 0x03, 0x00, 0x00, 0x8b, 0x45, 0xf0, 0xc1,
	0xe0, 0x02, 0xb9, 0x78, 0x24, 0x05, 0x08, 0x01, 0xc1, 0x8b, 0x01, 0x89,
	0x45, 0xfc, 0x8b, 0x45, 0xfc, 0x83, 0xf8, 0x00, 0x0f, 0x85, 0xeb, 0x00,
	0x00, 0x00, 0x8b, 0x45, 0xf0, 0x83, 0xf8, 0x04, 0x0f, 0x8c, 0xdf, 0x00,
	0x00, 0x00, 0x8b, 0x45, 0xf0, 0x83, 0xf8, 0x20, 0x0f, 0x8d, 0xd3, 0x00,
	0x00, 0x00, 0x8b, 0x45, 0xf0, 0x83, 0xf8, 0x06, 0x0f, 0x84, 0xc7, 0x00,
	0x00, 0x00, 0x8b, 0x45, 0xf0, 0x83, 0xe0, 0x01, 0x83, 0xf8, 0x00, 0x0f,
	0x85, 0xb8, 0x00, 0x00, 0x00, 0x8b, 0x45, 0xf0, 0xc1, 0xe0, 0x02, 0xb9,
	0x38, 0x25, 0x05, 0x08, 0x01, 0xc1, 0x8b, 0x01, 0x83, 0xf8, 0x00, 0x0f,
	0x85, 0xa0, 0x00, 0x00, 0x00, 0x8b, 0x45, 0xf0, 0x83, 0xc8, 0x01, 0xc1,
	0xe0, 0x02, 0xb9, 0x38, 0x25, 0x05, 0x08, 0x01, 0xc1, 0x8b, 0x01, 0x89,
	0x45, 0xdc, 0x8b, 0x45, 0xf0, 0x83, 0xc8, 0x01, 0xc1, 0xe0, 0x02, 0xb9,
	0x78, 0x24, 0x05, 0x08, 0x01, 0xc1, 0x8b, 0x01, 0x83, 0xf8, 0x00, 0x0f,
	0x84, 0x40, 0x00, 0x00, 0x00, 0x8b, 0x45, 0xf0, 0x83, 0xc8, 0x01, 0xc1,
	0xe0, 0x02, 0xb9, 0x78, 0x24, 0x05, 0x08, 0x01, 0xc1, 0x8b, 0x01, 0x83,
	0xc0, 0x0c, 0x8b, 0x08, 0x83, 0xf9, 0x00, 0x0f, 0x85, 0x29, 0x00, 0x00,
	0x00, 0x8b, 0x45, 0xf0, 0x83, 0xc8, 0x01, 0xc1, 0xe0, 0x02, 0xb9, 0x78,
	0x24, 0x05, 0x08, 0x01, 0xc1, 0x8b, 0x01, 0x83, 0xc0, 0x10, 0x8b, 0x08,
	0x83, 0xf9, 0x00, 0x0f, 0x85, 0x09, 0x00, 0x00, 0x00, 0x8b, 0x45, 0xdc,
	0x83, 0xc0, 0x03, 0x89, 0x45, 0xdc, 0x8b, 0x45, 0xdc, 0x83, 0xf8, 0x0c,
	0x0f, 0x87, 0x09, 0x00, 0x00, 0x00, 0x8b, 0x45, 0xf0, 0x83, 0xc8, 0x01,
	0x89, 0x45, 0xf0, 0x8b, 0x45, 0xf0, 0xc1, 0xe0, 0x02, 0xb9, 0x78, 0x24,
	0x05, 0x08, 0x01, 0xc1, 0x8b, 0x01, 0x89, 0x45, 0xfc, 0x8b, 0x45, 0xfc,
	0x83, 0xf8, 0x00, 0x0f, 0x84, 0x0b, 0x00, 0x00, 0x00, 0x8b, 0x45, 0xfc,
	0x83, 0xc0, 0x0c, 0xe9, 0x0a, 0x00, 0x00, 0x00, 0xb8, 0x00, 0x00, 0x00,
	0x00, 0xe9, 0x04, 0x00, 0x00, 0x00, 0x8b, 0x08, 0x89, 0xc8, 0x89, 0x45,
	0xf8, 0xb8, 0x00, 0x00, 0x00, 0x00, 0x8b, 0x4d, 0xf8, 0x29, 0xc8, 0x8b,
	0x4d, 0xf8, 0x21, 0xc1, 0x89, 0x4d, 0xf4, 0x8b, 0x45, 0xf4, 0x83, 0xf8,
	0x00, 0x0f, 0x85, 0x05, 0x00, 0x00, 0x00, 0xe9, 0x29, 0x00, 0x00, 0x00,
	0x8b, 0x45, 0xfc, 0x83, 0xc0, 0x0c, 0x8b, 0x4d, 0xf8, 0x8b, 0x55, 0xf4,
	0x29, 0xd1, 0x89, 0x08, 0xe9, 0x00, 0x00, 0x00, 0x00, 0x8b, 0x45, 0xf4,
	0x50, 0xe8, 0xf3, 0x00, 0x00, 0x00, 0x83, 0xc4, 0x04, 0x89, 0x45, 0xec,
	0xe9, 0x45, 0x00, 0x00, 0x00, 0xe8, 0x1c, 0x02, 0x00, 0x00, 0x8b, 0x45,
	0x08, 0x50, 0x8b, 0x45, 0xf0, 0x50, 0xe8, 0x5b, 0xfc, 0xff, 0xff, 0x83,
	0xc4, 0x08, 0x89, 0x45, 0xec, 0x8b, 0x45, 0xec, 0x83, 0xf8, 0x00, 0x0f,
	0x8d, 0x0f, 0x00, 0x00, 0x00, 0xe8, 0xdf, 0x01, 0x00, 0x00, 0xb8, 0x00,
	0x00, 0x00, 0x00, 0xe9, 0x38, 0x00, 0x00, 0x00, 0x8b, 0x45, 0xf0, 0xc1,
	0xe0, 0x02, 0xb9, 0x78, 0x24, 0x05, 0x08, 0x01, 0xc1, 0x8b, 0x01, 0x89,
	0x45, 0xfc, 0x8b, 0x05, 0x54, 0x24, 0x05, 0x08, 0x89, 0x45, 0xe8, 0xe8,
	0xb5, 0x01, 0x00, 0x00, 0x8b, 0x45, 0xe8, 0x50, 0x8b, 0x45, 0x08, 0x50,
	0x8b, 0x45, 0xec, 0x50, 0x8b, 0x45, 0xfc, 0x50, 0xe8, 0xc3, 0x06, 0x00,
	0x00, 0x83, 0xc4, 0x10, 0xc9, 0xc3, 0x55, 0x89, 0xe5, 0x81, 0xec, 0x04,
	0x00, 0x00, 0x00, 0x8b, 0x45, 0x08, 0x50, 0xe8, 0x13, 0x04, 0x00, 0x00,
	0x83, 0xc4, 0x04, 0x89, 0x45, 0xfc, 0x8b, 0x45, 0xfc, 0x83, 0xc0, 0x14,
	0x8b, 0x08, 0xc1, 0xe1, 0x14, 0xc1, 0xe9, 0x1a, 0x83, 0xf9, 0x30, 0x0f,
	0x8d, 0x39, 0x00, 0x00, 0x00, 0x8b, 0x45, 0xfc, 0x50, 0xe8, 0x13, 0x06,
	0x00, 0x00, 0x83, 0xc4, 0x04, 0x8b, 0x4d, 0xfc, 0x83, 0xc1, 0x14, 0x8b,
	0x11, 0xc1, 0xe2, 0x14, 0xc1, 0xea, 0x1a, 0xc1, 0xe2, 0x01, 0xb9, 0xc8,
	0x23, 0x05, 0x08, 0x01, 0xd1, 0x0f, 0xb7, 0x11, 0xc1, 0xe2, 0x04, 0x39,
	0xd0, 0x0f, 0x82, 0x07, 0x00, 0x00, 0x00, 0xb8, 0x00, 0x00, 0x00, 0x00,
	0xeb, 0x05, 0xb8, 0x01, 0x00, 0x00, 0x00, 0xc9, 0xc3, 0x55, 0x89, 0xe5,
	0x81, 0xec, 0x00, 0x00, 0x00, 0x00, 0xf4, 0xc9, 0xc3, 0x55, 0x89, 0xe5,
	0x81, 0xec, 0x04, 0x00, 0x00, 0x00, 0x8b, 0x45, 0x08, 0x0f, 0xbc, 0xc0,
	0x89, 0x45, 0xfc, 0x8b, 0x45, 0xfc, 0xc9, 0xc3, 0x55, 0x89, 0xe5, 0x81,
	0xec, 0x04, 0x00, 0x00, 0x00, 0x8b, 0x45, 0x08, 0x8b, 0x55, 0x0c, 0x87,
	0xda, 0xcd, 0x80, 0x87, 0xda, 0x89, 0x45, 0xfc, 0x8b, 0x45, 0xfc, 0xc9,
	0xc3, 0x55, 0x89, 0xe5, 0x81, 0xec, 0x0c, 0x00, 0x00, 0x00, 0x8d, 0x45,
	0xf8, 0xb9, 0x6d, 0x4e, 0xc6, 0x41, 0x0f, 0xaf, 0xc1, 0xb9, 0x00, 0x00,
	0x00, 0x00, 0x89, 0x45, 0xf8, 0x89, 0x4d, 0xfc, 0xb8, 0x00, 0x00, 0x00,
	0x00, 0x89, 0x45, 0xf4, 0x8b, 0x45, 0xf4, 0xc1, 0xe0, 0x02, 0x8b, 0x0d,
	0x90, 0x3a, 0x05, 0x08, 0x01, 0xc1, 0x8b, 0x01, 0x83, 0xf8, 0x00, 0x0f,
	0x84, 0x52, 0x00, 0x00, 0x00, 0xe9, 0x0b, 0x00, 0x00, 0x00, 0x8b, 0x45,
	0xf4, 0x83, 0xc0, 0x02, 0x89, 0x45, 0xf4, 0xeb, 0xd7, 0x8b, 0x45, 0xf4,
	0xc1, 0xe0, 0x02, 0x8b, 0x0d, 0x90, 0x3a, 0x05, 0x08, 0x01, 0xc1, 0x8b,
	0x01, 0x83, 0xf8, 0x19, 0x0f, 0x85, 0x27, 0x00, 0x00, 0x00, 0x8b, 0x45,
	0xf4, 0x40, 0xc1, 0xe0, 0x02, 0x8b, 0x0d, 0x90, 0x3a, 0x05, 0x08, 0x01,
	0xc1, 0x8b, 0x01, 0x83, 0xc0, 0x08, 0xb9, 0x08, 0x00, 0x00, 0x00, 0x51,
	0x50, 0x8d, 0x45, 0xf8, 0x50, 0xe8, 0x2a, 0x11, 0x00, 0x00, 0x83, 0xc4,
	0x0c, 0xeb, 0xb3, 0x8b, 0x45, 0xf8, 0x8b, 0x55, 0xfc, 0xc9, 0xc3, 0x55,
	0x89, 0xe5, 0x81, 0xec, 0x00, 0x00, 0x00, 0x00, 0x0f, 0xbe, 0x05, 0x8b,
	0x3a, 0x05, 0x08, 0x83, 0xf8, 0x00, 0x0f, 0x84, 0x0e, 0x00, 0x00, 0x00,
	0xb8, 0xd8, 0x3a, 0x05, 0x08, 0x50, 0xe8, 0xe5, 0x12, 0x00, 0x00, 0x83,
	0xc4, 0x04, 0xc9, 0xc3, 0x55, 0x89, 0xe5, 0x81, 0xec, 0x00, 0x00, 0x00,
	0x00, 0x0f, 0xbe, 0x05, 0x8b, 0x3a, 0x05, 0x08, 0x83, 0xf8, 0x00, 0x0f,
	0x84, 0x0e, 0x00, 0x00, 0x00, 0xb8, 0xd8, 0x3a, 0x05, 0x08, 0x50, 0xe8,
	0xbc, 0x12, 0x00, 0x00, 0x83, 0xc4, 0x04, 0xc9, 0xc3, 0x55, 0x89, 0xe5,
	0x81, 0xec, 0x00, 0x00, 0x00, 0x00, 0xb8, 0xd8, 0x3a, 0x05, 0x08, 0x50,
	0xe8, 0xfb, 0x13, 0x00, 0x00, 0x83, 0xc4, 0x04, 0xc9, 0xc3, 0x55, 0x89,
	0xe5, 0x81, 0xec, 0x00, 0x00, 0x00, 0x00, 0xc9, 0xc3, 0x55, 0x89, 0xe5,
	0x81, 0xec, 0x00, 0x00, 0x00, 0x00, 0x8b, 0x45, 0x08, 0x83, 0xf8, 0x00,
	0x0f, 0x8d, 0x0a, 0x00, 0x00, 0x00, 0xe8, 0x70, 0xff, 0xff, 0xff, 0xe9,
	0x1b, 0x00, 0x00, 0x00, 0x8b, 0x45, 0x08, 0x83, 0xf8, 0x00, 0x0f, 0x8e,
	0x0a, 0x00, 0x00, 0x00, 0xe8, 0x04, 0x09, 0x00, 0x00, 0xe9, 0x05, 0x00,
	0x00, 0x00, 0xe8, 0xa2, 0xff, 0xff, 0xff, 0xc9, 0xc3, 0x55, 0x89, 0xe5,
	0x81, 0xec, 0x04, 0x00, 0x00, 0x00, 0x8b, 0x45, 0x0c, 0x83, 0xc0, 0x04,
	0x8b, 0x08, 0x83, 0xf9, 0x00, 0x0f, 0x84, 0x05, 0x00, 0x00, 0x00, 0xe8,
	0x55, 0xfe, 0xff, 0xff, 0x8b, 0x45, 0x0c, 0x8b, 0x08, 0x83, 0xf9, 0x00,
	0x0f, 0x84, 0x05, 0x00, 0x00, 0x00, 0xe8, 0x42, 0xfe, 0xff, 0xff, 0x8b,
	0x45, 0x08, 0x8b, 0x08, 0x83, 0xf9, 0x00, 0x0f, 0x84, 0x39, 0x00, 0x00,
	0x00, 0x8b, 0x45, 0x08, 0x8b, 0x08, 0x89, 0x4d, 0xfc, 0x8b, 0x45, 0x0c,
	0x83, 0xc0, 0x04, 0x8b, 0x4d, 0xfc, 0x89, 0x08, 0x8b, 0x45, 0x0c, 0x8b,
	0x4d, 0xfc, 0x8b, 0x11, 0x89, 0x10, 0x8b, 0x45, 0x0c, 0x83, 0xc0, 0x04,
	0x8b, 0x08, 0x8b, 0x45, 0x0c, 0x8b, 0x10, 0x83, 0xc2, 0x04, 0x8b, 0x45,
	0x0c, 0x89, 0x02, 0x89, 0x01, 0xe9, 0x18, 0x00, 0x00, 0x00, 0x8b, 0x45,
	0x0c, 0x8b, 0x4d, 0x0c, 0x83, 0xc1, 0x04, 0x8b, 0x55, 0x0c, 0x89, 0x11,
	0x89, 0x10, 0x8b, 0x45, 0x08, 0x8b, 0x4d, 0x0c, 0x89, 0x08, 0xc9, 0xc3,
	0x55, 0x89, 0xe5, 0x81, 0xec, 0x00, 0x00, 0x00, 0x00, 0x8b, 0x45, 0x0c,
	0x83, 0xc0, 0x04, 0x8b, 0x08, 0x8b, 0x45, 0x0c, 0x39, 0xc1, 0x0f, 0x84,
	0x43, 0x00, 0x00, 0x00, 0x8b, 0x45, 0x0c, 0x8b, 0x08, 0x83, 0xc1, 0x04,
	0x8b, 0x45, 0x0c, 0x83, 0xc0, 0x04, 0x8b, 0x10, 0x89, 0x11, 0x8b, 0x45,
	0x0c, 0x83, 0xc0, 0x04, 0x8b, 0x08, 0x8b, 0x45, 0x0c, 0x8b, 0x10, 0x89,
	0x11, 0x8b, 0x45, 0x08, 0x8b, 0x08, 0x8b, 0x45, 0x0c, 0x39, 0xc1, 0x0f,
	0x85, 0x0d, 0x00, 0x00, 0x00, 0x8b, 0x45, 0x08, 0x8b, 0x4d, 0x0c, 0x83,
	0xc1, 0x04, 0x8b, 0x11, 0x89, 0x10, 0xe9, 0x0a, 0x00, 0x00, 0x00, 0x8b,
	0x45, 0x08, 0xb9, 0x00, 0x00, 0x00, 0x00, 0x89, 0x08, 0x8b, 0x45, 0x0c,
	0x8b, 0x4d, 0x0c, 0x83, 0xc1, 0x04, 0xba, 0x00, 0x00, 0x00, 0x00, 0x89,
	0x11, 0x89, 0x10, 0xc9, 0xc3, 0x55, 0x89, 0xe5, 0x81, 0xec, 0x04, 0x00,
	0x00, 0x00, 0x8b, 0x45, 0x08, 0x8b, 0x08, 0x89, 0x4d, 0xfc, 0x8b, 0x45,
	0xfc, 0x83, 0xf8, 0x00, 0x0f, 0x84, 0x10, 0x00, 0x00, 0x00, 0x8b, 0x45,
	0xfc, 0x50, 0x8b, 0x45, 0x08, 0x50, 0xe8, 0x59, 0xff, 0xff, 0xff, 0x83,
	0xc4, 0x08, 0x8b, 0x45, 0xfc, 0xc9, 0xc3, 0x55, 0x89, 0xe5, 0x81, 0xec,
	0x1c, 0x00, 0x00, 0x00, 0x8b, 0x45, 0x08, 0xb9, 0x00, 0x00, 0x00, 0x00,
	0x89, 0x4d, 0xe8, 0xb9, 0x14, 0x00, 0x00, 0x00, 0x51, 0xb9, 0x00, 0x00,
	0x00, 0x00, 0x51, 0x8d, 0x4d, 0xec, 0x51, 0x89, 0x45, 0xe4, 0xe8, 0x79,
	0x0f, 0x00, 0x00, 0x83, 0xc4, 0x0c, 0xb8, 0x18, 0x00, 0x00, 0x00, 0x50,
	0x8d, 0x45, 0xe8, 0x50, 0x8b, 0x45, 0xe4, 0x50, 0xe8, 0x2f, 0x0f, 0x00,
	0x00, 0x83, 0xc4, 0x0c, 0x8b, 0x45, 0x08, 0x50, 0xb8, 0x58, 0x24, 0x05,
	0x08, 0x50, 0xe8, 0x6a, 0xfe, 0xff, 0xff, 0x83, 0xc4, 0x08, 0xc9, 0xc3,
	0x55, 0x89, 0xe5, 0x81, 0xec, 0x0c, 0x00, 0x00, 0x00, 0x8b, 0x45, 0x08,
	0x83, 0xc0, 0x0c, 0x8b, 0x08, 0x83, 0xf9, 0x00, 0x0f, 0x84, 0x05, 0x00,
	0x00, 0x00, 0xe8, 0xba, 0xfc, 0xff, 0xff, 0x8b, 0x45, 0x08, 0x83, 0xc0,
	0x08, 0x8b, 0x08, 0x83, 0xc1, 0x04, 0x0f, 0xb6, 0x01, 0xc1, 0xe0, 0x1b,
	0xc1, 0xe8, 0x1b, 0xb9, 0x02, 0x00, 0x00, 0x00, 0x89, 0x4d, 0xf4, 0x89,
	0xc1, 0x8b, 0x45, 0xf4, 0xd3, 0xe0, 0x48, 0x89, 0x45, 0xf8, 0x8b, 0x45,
	0x08, 0x83, 0xc0, 0x10, 0x8b, 0x08, 0x89, 0x4d, 0xfc, 0x8b, 0x45, 0x08,
	0x83, 0xc0, 0x10, 0x8b, 0x4d, 0xf8, 0x83, 0xf1, 0xff, 0x8b, 0x55, 0xfc,
	0x21, 0xca, 0x52, 0x8b, 0x4d, 0xfc, 0x51, 0x50, 0xe8, 0xb0, 0x06, 0x00,
	0x00, 0x83, 0xc4, 0x0c, 0x8b, 0x4d, 0xfc, 0x39, 0xc8, 0x0f, 0x85, 0xcb,
	0xff, 0xff, 0xff, 0x8b, 0x45, 0x08, 0x83, 0xc0, 0x0c, 0x8b, 0x4d, 0xfc,
	0x8b, 0x55, 0xf8, 0x21, 0xd1, 0x89, 0x08, 0x89, 0xc8, 0xc9, 0xc3, 0x55,
	0x89, 0xe5, 0x81, 0xec, 0x18, 0x00, 0x00, 0x00, 0x8b, 0x45, 0x08, 0x83,
	0xe0, 0x0f, 0x83, 0xf8, 0x00, 0x0f, 0x84, 0x05, 0x00, 0x00, 0x00, 0xe8,
	0x2d, 0xfc, 0xff, 0xff, 0x8b, 0x45, 0x08, 0x83, 0xe8, 0x02, 0x0f, 0xb7,
	0x08, 0x89, 0x4d, 0xfc, 0x8b, 0x45, 0x08, 0x50, 0xe8, 0xb2, 0x06, 0x00,
	0x00, 0x83, 0xc4, 0x04, 0x89, 0x45, 0xf8, 0x8b, 0x45, 0x08, 0x83, 0xc0,
	0xfc, 0x0f, 0xb6, 0x08, 0x83, 0xf9, 0x00, 0x0f, 0x84, 0x30, 0x00, 0x00,
	0x00, 0x8b, 0x45, 0xfc, 0x83, 0xf8, 0x00, 0x0f, 0x84, 0x05, 0x00, 0x00,
	0x00, 0xe8, 0xef, 0xfb, 0xff, 0xff, 0x8b, 0x45, 0x08, 0x83, 0xe8, 0x08,
	0x8b, 0x08, 0x89, 0x4d, 0xfc, 0x8b, 0x45, 0xfc, 0x81, 0xf8, 0xff, 0xff,
	0x00, 0x00, 0x0f, 0x8f, 0x05, 0x00, 0x00, 0x00, 0xe8, 0xd0, 0xfb, 0xff,
	0xff, 0x8b, 0x45, 0xfc, 0xc1, 0xe0, 0x04, 0x8b, 0x4d, 0x08, 0x29, 0xc1,
	0x83, 0xe9, 0x10, 0x89, 0x4d, 0xf4, 0x8b, 0x45, 0xf4, 0x8b, 0x08, 0x89,
	0x4d, 0xf0, 0x8b, 0x45, 0xf0, 0x83, 0xc0, 0x08, 0x8b, 0x08, 0x8b, 0x45,
	0xf4, 0x39, 0xc1, 0x0f, 0x84, 0x05, 0x00, 0x00, 0x00, 0xe8, 0x9f, 0xfb,
	0xff, 0xff, 0x8b, 0x45, 0xf0, 0x83, 0xc0, 0x14, 0x8b, 0x08, 0xc1, 0xe1,
	0x1b, 0xc1, 0xe9, 0x1b, 0x8b, 0x45, 0xf8, 0x39, 0xc8, 0x0f, 0x8e, 0x05,
	0x00, 0x00, 0x00, 0xe8, 0x81, 0xfb, 0xff, 0xff, 0x8b, 0x45, 0xf0, 0x83,
	0xc0, 0x0c, 0xb9, 0x01, 0x00, 0x00, 0x00, 0x89, 0x4d, 0xec, 0x8b, 0x4d,
	0xf8, 0x8b, 0x55, 0xec, 0xd3, 0xe2, 0x8b, 0x08, 0x21, 0xd1, 0x83, 0xf9,
	0x00, 0x0f, 0x84, 0x05, 0x00, 0x00, 0x00, 0xe8, 0x59, 0xfb, 0xff, 0xff,
	0x8b, 0x45, 0xf0, 0x83, 0xc0, 0x10, 0xb9, 0x01, 0x00, 0x00, 0x00, 0x89,
	0x4d, 0xec, 0x8b, 0x4d, 0xf8, 0x8b, 0x55, 0xec, 0xd3, 0xe2, 0x8b, 0x08,
	0x21, 0xd1, 0x83, 0xf9, 0x00, 0x0f, 0x84, 0x05, 0x00, 0x00, 0x00, 0xe8,
	0x31, 0xfb, 0xff, 0xff, 0x8b, 0x45, 0xf0, 0x81, 0xe0, 0x00, 0xf0, 0xff,
	0xff, 0x89, 0x45, 0xe8, 0x8b, 0x45, 0xe8, 0x8b, 0x08, 0x83, 0xc0, 0x04,
	0x8b, 0x10, 0x8b, 0x05, 0x4c, 0x24, 0x05, 0x08, 0x39, 0xc2, 0x0f, 0x85,
	0x0e, 0x00, 0x00, 0x00, 0x8b, 0x05, 0x48, 0x24, 0x05, 0x08, 0x39, 0xc1,
	0x0f, 0x84, 0x05, 0x00, 0x00, 0x00, 0xe8, 0xfa, 0xfa, 0xff, 0xff, 0x8b,
	0x45, 0xf0, 0x83, 0xc0, 0x14, 0x8b, 0x08, 0xc1, 0xe1, 0x14, 0xc1, 0xe9,
	0x1a, 0x83, 0xf9, 0x30, 0x0f, 0x8d, 0x68, 0x00, 0x00, 0x00, 0x8b, 0x45,
	0xf0, 0x83, 0xc0, 0x14, 0x8b, 0x08, 0xc1, 0xe1, 0x14, 0xc1, 0xe9, 0x1a,
	0xc1, 0xe1, 0x01, 0xb8, 0xc8, 0x23, 0x05, 0x08, 0x01, 0xc8, 0x0f, 0xb7,
	0x08, 0x8b, 0x45, 0xf8, 0x0f, 0xaf, 0xc8, 0x8b, 0x45, 0xfc, 0x39, 0xc8,
	0x0f, 0x8d, 0x05, 0x00, 0x00, 0x00, 0xe8, 0xb2, 0xfa, 0xff, 0xff, 0x8b,
	0x45, 0xf0, 0x83, 0xc0, 0x14, 0x8b, 0x08, 0xc1, 0xe1, 0x14, 0xc1, 0xe9,
	0x1a, 0xc1, 0xe1, 0x01, 0xb8, 0xc8, 0x23, 0x05, 0x08, 0x01, 0xc8, 0x8b,
	0x4d, 0xf8, 0x41, 0x0f, 0xb7, 0x10, 0x0f, 0xaf, 0xd1, 0x8b, 0x45, 0xfc,
	0x39, 0xd0, 0x0f, 0x8c, 0x05, 0x00, 0x00, 0x00, 0xe8, 0x80, 0xfa, 0xff,
	0xff, 0xe9, 0x1c, 0x00, 0x00, 0x00, 0x8b, 0x45, 0xf0, 0x83, 0xc0, 0x14,
	0x8b, 0x08, 0xc1, 0xe1, 0x14, 0xc1, 0xe9, 0x1a, 0x83, 0xf9, 0x3f, 0x0f,
	0x84, 0x05, 0x00, 0x00, 0x00, 0xe8, 0x5f, 0xfa, 0xff, 0xff, 0x8b, 0x45,
	0xf0, 0x83, 0xc0, 0x14, 0x8b, 0x08, 0xc1, 0xe9, 0x0c, 0x83, 0xf9, 0x00,
	0x0f, 0x84, 0x22, 0x00, 0x00, 0x00, 0x8b, 0x45, 0xf0, 0x83, 0xc0, 0x14,
	0x8b, 0x08, 0xc1, 0xe9, 0x0c, 0xc1, 0xe1, 0x0c, 0xc1, 0xe9, 0x04, 0x49,
	0x8b, 0x45, 0xfc, 0x39, 0xc8, 0x0f, 0x86, 0x05, 0x00, 0x00, 0x00, 0xe8,
	0x29, 0xfa, 0xff, 0xff, 0x8b, 0x45, 0xf0, 0xc9, 0xc3, 0x55, 0x89, 0xe5,
	0x81, 0xec, 0x00, 0x00, 0x00, 0x00, 0x8b, 0x45, 0x08, 0x83, 0xc0, 0x14,
	0x8b, 0x08, 0xc1, 0xe1, 0x1b, 0xc1, 0xe9, 0x1b, 0x83, 0xf9, 0x00, 0x0f,
	0x85, 0x2c, 0x00, 0x00, 0x00, 0x8b, 0x45, 0x08, 0x83, 0xc0, 0x14, 0x8b,
	0x08, 0xc1, 0xe9, 0x0c, 0x83, 0xf9, 0x00, 0x0f, 0x84, 0x18, 0x00, 0x00,
	0x00, 0x8b, 0x45, 0x08, 0x83, 0xc0, 0x14, 0x8b, 0x08, 0xc1, 0xe9, 0x0c,
	0xc1, 0xe1, 0x0c, 0x83, 0xe9, 0x10, 0x89, 0xc8, 0xe9, 0x25, 0x00, 0x00,
	0x00, 0x8b, 0x45, 0x08, 0x83, 0xc0, 0x14, 0x8b, 0x08, 0xc1, 0xe1, 0x14,
	0xc1, 0xe9, 0x1a, 0xc1, 0xe1, 0x01, 0xb8, 0xc8, 0x23, 0x05, 0x08, 0x01,
	0xc8, 0x0f, 0xb7, 0x08, 0xc1, 0xe1, 0x04, 0x89, 0xc8, 0xe9, 0x00, 0x00,
	0x00, 0x00, 0xc9, 0xc3, 0x55, 0x89, 0xe5, 0x81, 0xec, 0x18, 0x00, 0x00,
	0x00, 0x8b, 0x45, 0x08, 0x50, 0xe8, 0x7b, 0xff, 0xff, 0xff, 0x83, 0xc4,
	0x04, 0x89, 0x45, 0xfc, 0x8b, 0x45, 0xfc, 0x83, 0xe8, 0x04, 0x8b, 0x4d,
	0x10, 0x29, 0xc8, 0xc1, 0xe8, 0x04, 0x89, 0x45, 0xf8, 0x8b, 0x45, 0x08,
	0x83, 0xc0, 0x08, 0x8b, 0x08, 0x83, 0xc1, 0x10, 0x8b, 0x45, 0xfc, 0x8b,
	0x55, 0x0c, 0x0f, 0xaf, 0xc2, 0x01, 0xc1, 0x89, 0x4d, 0xf4, 0x8b, 0x45,
	0xfc, 0x8b, 0x4d, 0xf4, 0x01, 0xc1, 0x83, 0xe9, 0x04, 0x89, 0x4d, 0xf0,
	0x8b, 0x45, 0xf4, 0x83, 0xc0, 0xfd, 0x0f, 0xb6, 0x08, 0x83, 0xf9, 0x00,
	0x0f, 0x84, 0x0f, 0x00, 0x00, 0x00, 0x8b, 0x45, 0xf4, 0x83, 0xe8, 0x02,
	0x0f, 0xb7, 0x08, 0x41, 0xe9, 0x08, 0x00, 0x00, 0x00, 0x8b, 0x45, 0x14,
	0xe9, 0x02, 0x00, 0x00, 0x00, 0x89, 0xc8, 0x81, 0xe0, 0xff, 0x00, 0x00,
	0x00, 0x89, 0x45, 0xec, 0x8b, 0x45, 0xf4, 0x83, 0xc0, 0xfc, 0x0f, 0xb6,
	0x08, 0x83, 0xf9, 0x00, 0x0f, 0x84, 0x05, 0x00, 0x00, 0x00, 0xe8, 0x16,
	0xf9, 0xff, 0xff, 0x8b, 0x45, 0xec, 0x8b, 0x4d, 0xf8, 0x39, 0xc8, 0x0f,
	0x86, 0x68, 0x00, 0x00, 0x00, 0x8b, 0x45, 0xf8, 0x89, 0x45, 0xe8, 0x8b,
	0x45, 0xe8, 0xc1, 0xe8, 0x01, 0x8b, 0x4d, 0xe8, 0x09, 0xc1, 0x89, 0x4d,
	0xe8, 0x8b, 0x45, 0xe8, 0xc1, 0xe8, 0x02, 0x8b, 0x4d, 0xe8, 0x09, 0xc1,
	0x89, 0x4d, 0xe8, 0x8b, 0x45, 0xe8, 0xc1, 0xe8, 0x04, 0x8b, 0x4d, 0xe8,
	0x09, 0xc1, 0x89, 0x4d, 0xe8, 0x8b, 0x45, 0xec, 0x8b, 0x4d, 0xe8, 0x21,
	0xc8, 0x89, 0x45, 0xec, 0x8b, 0x45, 0xec, 0x8b, 0x4d, 0xf8, 0x39, 0xc8,
	0x0f, 0x86, 0x0c, 0x00, 0x00, 0x00, 0x8b, 0x45, 0xf8, 0x40, 0x8b, 0x4d,
	0xec, 0x29, 0xc1, 0x89, 0x4d, 0xec, 0x8b, 0x45, 0xec, 0x8b, 0x4d, 0xf8,
	0x39, 0xc8, 0x0f, 0x86, 0x05, 0x00, 0x00, 0x00, 0xe8, 0xa0, 0xf8, 0xff,
	0xff, 0x8b, 0x45, 0xec, 0x83, 0xf8, 0x00, 0x0f, 0x84, 0x34, 0x00, 0x00,
	0x00, 0x8b, 0x45, 0xf4, 0x83, 0xe8, 0x02, 0x8b, 0x4d, 0xec, 0x66, 0x89,
	0x08, 0x8b, 0x45, 0xf4, 0x83, 0xc0, 0xfd, 0xb9, 0xe0, 0x00, 0x00, 0x00,
	0x88, 0x08, 0x8b, 0x45, 0xec, 0xc1, 0xe0, 0x04, 0x8b, 0x4d, 0xf4, 0x01,
	0xc1, 0x89, 0x4d, 0xf4, 0x8b, 0x45, 0xf4, 0x83, 0xc0, 0xfc, 0xb9, 0x00,
	0x00, 0x00, 0x00, 0x88, 0x08, 0x8b, 0x45, 0xf4, 0x83, 0xe8, 0x02, 0x8b,
	0x4d, 0x08, 0x83, 0xc1, 0x08, 0x8b, 0x11, 0x83, 0xc2, 0x10, 0x8b, 0x4d,
	0xf4, 0x29, 0xd1, 0xc1, 0xe9, 0x04, 0x66, 0x89, 0x08, 0x8b, 0x45, 0xf4,
	0x83, 0xc0, 0xfd, 0x8b, 0x4d, 0x0c, 0x88, 0x08, 0x8b, 0x45, 0x10, 0x50,
	0x8b, 0x45, 0xf0, 0x50, 0x8b, 0x45, 0xf4, 0x50, 0xe8, 0xdb, 0x02, 0x00,
	0x00, 0x83, 0xc4, 0x0c, 0x8b, 0x45, 0xf4, 0xc9, 0xc3, 0x55, 0x89, 0xe5,
	0x81, 0xec, 0x04, 0x00, 0x00, 0x00, 0x8b, 0x45, 0x08, 0x83, 0xc0, 0x04,
	0x48, 0xc1, 0xe8, 0x04, 0x89, 0x45, 0x08, 0x8b, 0x45, 0x08, 0x83, 0xf8,
	0x0a, 0x0f, 0x83, 0x08, 0x00, 0x00, 0x00, 0x8b, 0x45, 0x08, 0xe9, 0x71,
	0x00, 0x00, 0x00, 0x8b, 0x45, 0x08, 0x89, 0xc1, 0x40, 0x89, 0x45, 0x08,
	0x8b, 0x45, 0x08, 0x50, 0xe8, 0x4c, 0x02, 0x00, 0x00, 0x83, 0xc4, 0x04,
	0xb9, 0x1c, 0x00, 0x00, 0x00, 0x29, 0xc1, 0xc1, 0xe1, 0x02, 0x83, 0xc1,
	0x08, 0x89, 0x4d, 0xfc, 0x8b, 0x45, 0xfc, 0x40, 0xc1, 0xe0, 0x01, 0xb9,
	0xc8, 0x23, 0x05, 0x08, 0x01, 0xc1, 0x0f, 0xb7, 0x01, 0x8b, 0x4d, 0x08,
	0x39, 0xc1, 0x0f, 0x86, 0x09, 0x00, 0x00, 0x00, 0x8b, 0x45, 0xfc, 0x83,
	0xc0, 0x02, 0x89, 0x45, 0xfc, 0x8b, 0x45, 0xfc, 0xc1, 0xe0, 0x01, 0xb9,
	0xc8, 0x23, 0x05, 0x08, 0x01, 0xc1, 0x0f, 0xb7, 0x01, 0x8b, 0x4d, 0x08,
	0x39, 0xc1, 0x0f, 0x86, 0x09, 0x00, 0x00, 0x00, 0x8b, 0x45, 0xfc, 0x89,
	0xc1, 0x40, 0x89, 0x45, 0xfc, 0x8b, 0x45, 0xfc, 0xc9, 0xc3, 0x55, 0x89,
	0xe5, 0x81, 0xec, 0x00, 0x00, 0x00, 0x00, 0x8b, 0x45, 0x08, 0x81, 0xf8,
	0xff, 0xef, 0xff, 0x7f, 0x0f, 0x82, 0x16, 0x00, 0x00, 0x00, 0xe8, 0xd5,
	0x12, 0x00, 0x00, 0xb9, 0x0c, 0x00, 0x00, 0x00, 0x89, 0x08, 0xb8, 0x01,
	0x00, 0x00, 0x00, 0xe9, 0x05, 0x00, 0x00, 0x00, 0xb8, 0x00, 0x00, 0x00,
	0x00, 0xc9, 0xc3, 0x55, 0x89, 0xe5, 0x81, 0xec, 0x04, 0x00, 0x00, 0x00,
	0x0f, 0xb6, 0x05, 0x38, 0x26, 0x05, 0x08, 0x81, 0xf8, 0xff, 0x00, 0x00,
	0x00, 0x0f, 0x85, 0x47, 0x00, 0x00, 0x00, 0xb8, 0x00, 0x00, 0x00, 0x00,
	0x89, 0x45, 0xfc, 0x8b, 0x45, 0xfc, 0x83, 0xf8, 0x20, 0x0f, 0x8d, 0x23,
	0x00, 0x00, 0x00, 0xe9, 0x0b, 0x00, 0x00, 0x00, 0x8b, 0x45, 0xfc, 0x89,
	0xc1, 0x40, 0x89, 0x45, 0xfc, 0xeb, 0xe4, 0x8b, 0x45, 0xfc, 0xb9, 0xf8,
	0x25, 0x05, 0x08, 0x01, 0xc1, 0xb8, 0x00, 0x00, 0x00, 0x00, 0x88, 0x01,
	0xeb, 0xe2, 0xb8, 0x01, 0x00, 0x00, 0x00, 0x88, 0x05, 0x38, 0x26, 0x05,
	0x08, 0xe9, 0x10, 0x00, 0x00, 0x00, 0x0f, 0xb6, 0x05, 0x38, 0x26, 0x05,
	0x08, 0x89, 0xc1, 0x40, 0x88, 0x05, 0x38, 0x26, 0x05, 0x08, 0xc9, 0xc3,
	0x55, 0x89, 0xe5, 0x81, 0xec, 0x04, 0x00, 0x00, 0x00, 0x8b, 0x45, 0x08,
	0x83, 0xe8, 0x07, 0x83, 0xf8, 0x20, 0x0f, 0x83, 0x7c, 0x00, 0x00, 0x00,
	0x8b, 0x45, 0x08, 0x83, 0xe8, 0x07, 0xb9, 0xf8, 0x25, 0x05, 0x08, 0x01,
	0xc1, 0x0f, 0xb6, 0x01, 0x89, 0x45, 0xfc, 0x8b, 0x45, 0xfc, 0x83, 0xf8,
	0x00, 0x0f, 0x84, 0x5d, 0x00, 0x00, 0x00, 0x0f, 0xb6, 0x05, 0x38, 0x26,
	0x05, 0x08, 0x8b, 0x4d, 0xfc, 0x29, 0xc8, 0x83, 0xf8, 0x0a, 0x0f, 0x8d,
	0x48, 0x00, 0x00, 0x00, 0x8b, 0x45, 0x08, 0x83, 0xe8, 0x07, 0xb9, 0x18,
	0x26, 0x05, 0x08, 0x01, 0xc1, 0x0f, 0xb6, 0x01, 0x40, 0x83, 0xf8, 0x64,
	0x0f, 0x8d, 0x1a, 0x00, 0x00, 0x00, 0x8b, 0x45, 0x08, 0x83, 0xe8, 0x07,
	0xb9, 0x18, 0x26, 0x05, 0x08, 0x01, 0xc1, 0x0f, 0xb6, 0x01, 0x89, 0xc2,
	0x40, 0x88, 0x01, 0xe9, 0x14, 0x00, 0x00, 0x00, 0x8b, 0x45, 0x08, 0x83,
	0xe8, 0x07, 0xb9, 0x18, 0x26, 0x05, 0x08, 0x01, 0xc1, 0xb8, 0x96, 0x00,
	0x00, 0x00, 0x88, 0x01, 0xc9, 0xc3, 0x55, 0x89, 0xe5, 0x81, 0xec, 0x00,
	0x00, 0x00, 0x00, 0x8b, 0x45, 0x08, 0x83, 0xe8, 0x07, 0x83, 0xf8, 0x20,
	0x0f, 0x83, 0x2e, 0x00, 0x00, 0x00, 0x8b, 0x45, 0x08, 0x83, 0xe8, 0x07,
	0xb9, 0x18, 0x26, 0x05, 0x08, 0x01, 0xc1, 0x0f, 0xb6, 0x01, 0x83, 0xf8,
	0x00, 0x0f, 0x84, 0x15, 0x00, 0x00, 0x00, 0x8b, 0x45, 0x08, 0x83, 0xe8,
	0x07, 0xb9, 0x18, 0x26, 0x05, 0x08, 0x01, 0xc1, 0x0f, 0xb6, 0x01, 0x89,
	0xc2, 0x48, 0x88, 0x01, 0xc9, 0xc3, 0x55, 0x89, 0xe5, 0x81, 0xec, 0x00,
	0x00, 0x00, 0x00, 0x8b, 0x45, 0x08, 0x83, 0xe8, 0x07, 0x83, 0xf8, 0x20,
	0x0f, 0x83, 0x19, 0x00, 0x00, 0x00, 0x8b, 0x45, 0x08, 0x83, 0xe8, 0x07,
	0xb9, 0x18, 0x26, 0x05, 0x08, 0x01, 0xc1, 0x0f, 0xb6, 0x01, 0x83, 0xf8,
	0x64, 0x0f, 0x8d, 0x07, 0x00, 0x00, 0x00, 0xb8, 0x00, 0x00, 0x00, 0x00,
	0xeb, 0x05, 0xb8, 0x01, 0x00, 0x00, 0x00, 0xc9, 0xc3, 0x55, 0x89, 0xe5,
	0x81, 0xec, 0x04, 0x00, 0x00, 0x00, 0x8b, 0x45, 0x08, 0x89, 0x45, 0xfc,
	0x8b, 0x55, 0xfc, 0x8b, 0x45, 0x0c, 0x8b, 0x4d, 0x10, 0xf0, 0x0f, 0xb1,
	0x0a, 0x89, 0x45, 0x0c, 0x8b, 0x45, 0x0c, 0xc9, 0xc3, 0x55, 0x89, 0xe5,
	0x81, 0xec, 0x00, 0x00, 0x00, 0x00, 0x8b, 0x45, 0x08, 0x0f, 0xbd, 0xc0,
	0x35, 0x1f, 0x00, 0x00, 0x00, 0x89, 0x45, 0x08, 0x8b, 0x45, 0x08, 0xc9,
	0xc3, 0x55, 0x89, 0xe5, 0x81, 0xec, 0x00, 0x00, 0x00, 0x00, 0xb8, 0x00,
	0x00, 0x00, 0x00, 0x89, 0x05, 0xd8, 0x3a, 0x05, 0x08, 0xc9, 0xc3, 0x55,
	0x89, 0xe5, 0x81, 0xec, 0x00, 0x00, 0x00, 0x00, 0x8b, 0x45, 0x08, 0x83,
	0xc0, 0xfd, 0x0f, 0xb6, 0x08, 0x83, 0xe1, 0x1f, 0x89, 0xc8, 0xc9, 0xc3,
	0x55, 0x89, 0xe5, 0x81, 0xec, 0x04, 0x00, 0x00, 0x00, 0x8b, 0x45, 0x0c,
	0x8b, 0x4d, 0x08, 0x29, 0xc8, 0x8b, 0x4d, 0x10, 0x29, 0xc8, 0x89, 0x45,
	0xfc, 0x8b, 0x45, 0xfc, 0x83, 0xf8, 0x00, 0x0f, 0x84, 0x16, 0x00, 0x00,
	0x00, 0xb8, 0x00, 0x00, 0x00, 0x00, 0x8b, 0x4d, 0xfc, 0x29, 0xc8, 0x8b,
	0x4d, 0x0c, 0x01, 0xc1, 0xb8, 0x00, 0x00, 0x00, 0x00, 0x88, 0x01, 0x8b,
	0x45, 0xfc, 0x83, 0xf8, 0x05, 0x0f, 0x8c, 0x20, 0x00, 0x00, 0x00, 0x8b,
	0x45, 0x0c, 0x83, 0xe8, 0x04, 0x8b, 0x4d, 0xfc, 0x89, 0x08, 0x8b, 0x45,
	0x0c, 0x83, 0xc0, 0xfb, 0xb9, 0x00, 0x00, 0x00, 0x00, 0x88, 0x08, 0xb8,
	0x05, 0x00, 0x00, 0x00, 0x89, 0x45, 0xfc, 0x8b, 0x45, 0x08, 0x83, 0xc0,
	0xfd, 0x8b, 0x4d, 0x08, 0x83, 0xc1, 0xfd, 0x0f, 0xb6, 0x11, 0x83, 0xe2,
	0x1f, 0x8b, 0x4d, 0xfc, 0xc1, 0xe1, 0x05, 0x01, 0xca, 0x88, 0x10, 0xc9,
	0xc3, 0x00, 0x00, 0x00, 0x55, 0x89, 0xe5, 0x81, 0xec, 0x00, 0x00, 0x00,
	0x00, 0xc9, 0xc3, 0x55, 0x89, 0xe5, 0x81, 0xec, 0x04, 0x00, 0x00, 0x00,
	0x8b, 0x45, 0x1c, 0x81, 0xe0, 0xff, 0x0f, 0x00, 0x00, 0x8b, 0x4d, 0x20,
	0x81, 0xe1, 0x00, 0xf0, 0xff, 0xff, 0x83, 0xf9, 0x00, 0x0f, 0x85, 0x09,
	0x00, 0x00, 0x00, 0x83, 0xf8, 0x00, 0x0f, 0x84, 0x16, 0x00, 0x00, 0x00,
	0xe8, 0xf7, 0x0f, 0x00, 0x00, 0xb9, 0x16, 0x00, 0x00, 0x00, 0x89, 0x08,
	0xb8, 0xff, 0xff, 0xff, 0xff, 0xe9, 0xbc, 0x00, 0x00, 0x00, 0x8b, 0x45,
	0x0c, 0x81, 0xf8, 0xff, 0xff, 0xff, 0x7f, 0x0f, 0x82, 0x16, 0x00, 0x00,
	0x00, 0xe8, 0xd2, 0x0f, 0x00, 0x00, 0xb9, 0x0c, 0x00, 0x00, 0x00, 0x89,
	0x08, 0xb8, 0xff, 0xff, 0xff, 0xff, 0xe9, 0x97, 0x00, 0x00, 0x00, 0x8b,
	0x45, 0x14, 0x83, 0xe0, 0x10, 0x83, 0xf8, 0x00, 0x0f, 0x84, 0x05, 0x00,
	0x00, 0x00, 0xe8, 0x79, 0xff, 0xff, 0xff, 0x8b, 0x45, 0x20, 0x89, 0xc1,
	0xc1, 0xe9, 0x0c, 0xc1, 0xe0, 0x14, 0x8b, 0x55, 0x1c, 0xc1, 0xea, 0x0c,
	0x09, 0xd0, 0x50, 0x8b, 0x45, 0x18, 0x50, 0x8b, 0x45, 0x14, 0x50, 0x8b,
	0x45, 0x10, 0x50, 0x8b, 0x45, 0x0c, 0x50, 0x8b, 0x45, 0x08, 0x50, 0xb8,
	0xc0, 0x00, 0x00, 0x00, 0x50, 0xe8, 0x52, 0x00, 0x00, 0x00, 0x83, 0xc4,
	0x1c, 0x89, 0x45, 0xfc, 0x8b, 0x45, 0xfc, 0x83, 0xf8, 0xff, 0x0f, 0x85,
	0x32, 0x00, 0x00, 0x00, 0x8b, 0x45, 0x08, 0x83, 0xf8, 0x00, 0x0f, 0x85,
	0x26, 0x00, 0x00, 0x00, 0x8b, 0x45, 0x14, 0x83, 0xe0, 0x20, 0x83, 0xf8,
	0x00, 0x0f, 0x84, 0x17, 0x00, 0x00, 0x00, 0x8b, 0x45, 0x14, 0x83, 0xe0,
	0x10, 0x83, 0xf8, 0x00, 0x0f, 0x85, 0x08, 0x00, 0x00, 0x00, 0xb8, 0xf4,
	0xff, 0xff, 0xff, 0x89, 0x45, 0xfc, 0x8b, 0x45, 0xfc, 0x50, 0xe8, 0xa9,
	0x0f, 0x00, 0x00, 0x83, 0xc4, 0x04, 0xc9, 0xc3, 0x55, 0x89, 0xe5, 0x81,
	0xec, 0x04, 0x00, 0x00, 0x00, 0x53, 0x56, 0x57, 0x8b, 0x45, 0x08, 0x8b,
	0x5d, 0x0c, 0x8b, 0x4d, 0x10, 0x8b, 0x55, 0x14, 0x8b, 0x75, 0x18, 0x8b,
	0x7d, 0x1c, 0xff, 0x75, 0x20, 0x55, 0x8b, 0x6c, 0x24, 0x04, 0xcd, 0x80,
	0x5d, 0x83, 0xc4, 0x04, 0x89, 0x45, 0xfc, 0x5f, 0x5e, 0x5b, 0x8b, 0x45,
	0xfc, 0xc9, 0xc3, 0x00, 0x55, 0x89, 0xe5, 0x81, 0xec, 0x08, 0x00, 0x00,
	0x00, 0x8b, 0x45, 0x08, 0x81, 0xe0, 0x00, 0xf0, 0xff, 0xff, 0x89, 0x45,
	0xfc, 0x8b, 0x45, 0x0c, 0x8b, 0x4d, 0x08, 0x01, 0xc1, 0x81, 0xc1, 0x00,
	0x10, 0x00, 0x00, 0x49, 0x81, 0xe1, 0x00, 0xf0, 0xff, 0xff, 0x89, 0x4d,
	0xf8, 0x8b, 0x45, 0xf8, 0x8b, 0x4d, 0xfc, 0x29, 0xc8, 0x8b, 0x4d, 0x10,
	0x51, 0x50, 0x8b, 0x45, 0xfc, 0x50, 0xb8, 0x7d, 0x00, 0x00, 0x00, 0x50,
	0xe8, 0x0e, 0x00, 0x00, 0x00, 0x83, 0xc4, 0x10, 0x50, 0xe8, 0x1a, 0x0f,
	0x00, 0x00, 0x83, 0xc4, 0x04, 0xc9, 0xc3, 0x55, 0x89, 0xe5, 0x81, 0xec,
	0x04, 0x00, 0x00, 0x00, 0x53, 0x8b, 0x45, 0x08, 0x8b, 0x5d, 0x0c, 0x8b,
	0x4d, 0x10, 0x8b, 0x55, 0x14, 0xcd, 0x80, 0x89, 0x45, 0xfc, 0x5b, 0x8b,
	0x45, 0xfc, 0xc9, 0xc3, 0x55, 0x89, 0xe5, 0x81, 0xec, 0x00, 0x00, 0x00,
	0x00, 0xc9, 0xc3, 0x55, 0x89, 0xe5, 0x81, 0xec, 0x00, 0x00, 0x00, 0x00,
	0xe8, 0x2b, 0xfe, 0xff, 0xff, 0x8b, 0x45, 0x0c, 0x50, 0x8b, 0x45, 0x08,
	0x50, 0xb8, 0x5b, 0x00, 0x00, 0x00, 0x50, 0xe8, 0x0e, 0x00, 0x00, 0x00,
	0x83, 0xc4, 0x0c, 0x50, 0xe8, 0xbf, 0x0e, 0x00, 0x00, 0x83, 0xc4, 0x04,
	0xc9, 0xc3, 0x55, 0x89, 0xe5, 0x81, 0xec, 0x04, 0x00, 0x00, 0x00, 0x8b,
	0x45, 0x08, 0x8b, 0x55, 0x0c, 0x8b, 0x4d, 0x10, 0x87, 0xda, 0xcd, 0x80,
	0x87, 0xda, 0x89, 0x45, 0xfc, 0x8b, 0x45, 0xfc, 0xc9, 0xc3, 0x00, 0x00,
	0x55, 0x89, 0xe5, 0x81, 0xec, 0x04, 0x00, 0x00, 0x00, 0x8b, 0x45, 0x08,
	0x50, 0xe8, 0x42, 0x06, 0x00, 0x00, 0x83, 0xc4, 0x04, 0x89, 0x45, 0xfc,
	0x8b, 0x45, 0x0c, 0x50, 0x8b, 0x45, 0xfc, 0x50, 0xb8, 0x01, 0x00, 0x00,
	0x00, 0x50, 0x8b, 0x45, 0x08, 0x50, 0xe8, 0x69, 0x01, 0x00, 0x00, 0x83,
	0xc4, 0x10, 0x8b, 0x4d, 0xfc, 0x39, 0xc8, 0x0f, 0x94, 0xc0, 0x0f, 0xb6,
	0xc0, 0x48, 0xc9, 0xc3, 0x55, 0x89, 0xe5, 0x81, 0xec, 0x0c, 0x00, 0x00,
	0x00, 0xb8, 0x00, 0x00, 0x00, 0x00, 0x89, 0x45, 0xfc, 0x8b, 0x45, 0x10,
	0x83, 0xc0, 0x10, 0x8b, 0x08, 0x83, 0xf9, 0x00, 0x0f, 0x85, 0x1f, 0x00,
	0x00, 0x00, 0x8b, 0x45, 0x10, 0x50, 0xe8, 0x59, 0x12, 0x00, 0x00, 0x83,
	0xc4, 0x04, 0x83, 0xf8, 0x00, 0x0f, 0x84, 0x0a, 0x00, 0x00, 0x00, 0xb8,
	0x00, 0x00, 0x00, 0x00, 0xe9, 0x15, 0x01, 0x00, 0x00, 0x8b, 0x45, 0x10,
	0x83, 0xc0, 0x10, 0x8b, 0x4d, 0x10, 0x83, 0xc1, 0x14, 0x8b, 0x10, 0x8b,
	0x01, 0x29, 0xc2, 0x8b, 0x45, 0x0c, 0x39, 0xd0, 0x0f, 0x86, 0x24, 0x00,
	0x00, 0x00, 0x8b, 0x45, 0x10, 0x83, 0xc0, 0x24, 0x8b, 0x4d, 0x0c, 0x51,
	0x8b, 0x4d, 0x08, 0x51, 0x8b, 0x4d, 0x10, 0x51, 0x89, 0x45, 0xf8, 0x8b,
	0x45, 0xf8, 0x8b, 0x00, 0xff, 0xd0, 0x83, 0xc4, 0x0c, 0xe9, 0xd4, 0x00,
	0x00, 0x00, 0x8b, 0x45, 0x10, 0x83, 0xc0, 0x50, 0x8b, 0x08, 0x83, 0xf9,
	0x00, 0x0f, 0x8c, 0x93, 0x00, 0x00, 0x00, 0x8b, 0x45, 0x0c, 0x89, 0x45,
	0xfc, 0x8b, 0x45, 0xfc, 0x83, 0xf8, 0x00, 0x0f, 0x84, 0x27, 0x00, 0x00,
	0x00, 0x8b, 0x45, 0xfc, 0x48, 0x8b, 0x4d, 0x08, 0x01, 0xc1, 0x0f, 0xb6,
	0x01, 0x83, 0xf8, 0x0a, 0x0f, 0x84, 0x12, 0x00, 0x00, 0x00, 0xe9, 0x0b,
	0x00, 0x00, 0x00, 0x8b, 0x45, 0xfc, 0x89, 0xc1, 0x48, 0x89, 0x45, 0xfc,
	0xeb, 0xcf, 0xeb, 0xf3, 0x8b, 0x45, 0xfc, 0x83, 0xf8, 0x00, 0x0f, 0x84,
	0x4e, 0x00, 0x00, 0x00, 0x8b, 0x45, 0x10, 0x83, 0xc0, 0x24, 0x8b, 0x4d,
	0xfc, 0x51, 0x8b, 0x4d, 0x08, 0x51, 0x8b, 0x4d, 0x10, 0x51, 0x89, 0x45,
	0xf8, 0x8b, 0x45, 0xf8, 0x8b, 0x00, 0xff, 0xd0, 0x83, 0xc4, 0x0c, 0x89,
	0x45, 0xf4, 0x8b, 0x45, 0xf4, 0x8b, 0x4d, 0xfc, 0x39, 0xc8, 0x0f, 0x83,
	0x08, 0x00, 0x00, 0x00, 0x8b, 0x45, 0xf4, 0xe9, 0x46, 0x00, 0x00, 0x00,
	0x8b, 0x45, 0xfc, 0x8b, 0x4d, 0x08, 0x01, 0xc1, 0x89, 0x4d, 0x08, 0x8b,
	0x45, 0x0c, 0x8b, 0x4d, 0xfc, 0x29, 0xc8, 0x89, 0x45, 0x0c, 0x8b, 0x45,
	0x10, 0x83, 0xc0, 0x14, 0x8b, 0x4d, 0x0c, 0x51, 0x8b, 0x4d, 0x08, 0x51,
	0x8b, 0x08, 0x51, 0xe8, 0x28, 0x03, 0x00, 0x00, 0x83, 0xc4, 0x0c, 0x8b,
	0x45, 0x10, 0x83, 0xc0, 0x14, 0x8b, 0x4d, 0x0c, 0x8b, 0x10, 0x01, 0xca,
	0x89, 0x10, 0x8b, 0x45, 0x0c, 0x8b, 0x4d, 0xfc, 0x01, 0xc8, 0xc9, 0xc3,
	0x55, 0x89, 0xe5, 0x81, 0xec, 0x0c, 0x00, 0x00, 0x00, 0x8b, 0x45, 0x0c,
	0x8b, 0x4d, 0x10, 0x0f, 0xaf, 0xc1, 0x89, 0x45, 0xf8, 0x8b, 0x45, 0x0c,
	0x83, 0xf8, 0x00, 0x0f, 0x85, 0x08, 0x00, 0x00, 0x00, 0xb8, 0x00, 0x00,
	0x00, 0x00, 0x89, 0x45, 0x10, 0x8b, 0x45, 0x14, 0x83, 0xc0, 0x4c, 0x8b,
	0x08, 0x83, 0xf9, 0x00, 0x0f, 0x8c, 0x11, 0x00, 0x00, 0x00, 0x8b, 0x45,
	0x14, 0x50, 0xe8, 0xf5, 0x0c, 0x00, 0x00, 0x83, 0xc4, 0x04, 0xe9, 0x0a,
	0x00, 0x00, 0x00, 0xb8, 0x00, 0x00, 0x00, 0x00, 0xe9, 0x00, 0x00, 0x00,
	0x00, 0x89, 0x45, 0xf4, 0x8b, 0x45, 0x14, 0x50, 0x8b, 0x45, 0xf8, 0x50,
	0x8b, 0x45, 0x08, 0x50, 0xe8, 0x3f, 0xfe, 0xff, 0xff, 0x83, 0xc4, 0x0c,
	0x89, 0x45, 0xfc, 0x8b, 0x45, 0xf4, 0x83, 0xf8, 0x00, 0x0f, 0x84, 0x0c,
	0x00, 0x00, 0x00, 0x8b, 0x45, 0x14, 0x50, 0xe8, 0xb5, 0x0d, 0x00, 0x00,
	0x83, 0xc4, 0x04, 0x8b, 0x45, 0xfc, 0x8b, 0x4d, 0xf8, 0x39, 0xc8, 0x0f,
	0x85, 0x05, 0x00, 0x00, 0x00, 0xe9, 0x0f, 0x00, 0x00, 0x00, 0x8b, 0x45,
	0xfc, 0x8b, 0x4d, 0x0c, 0x31, 0xd2, 0xf7, 0xf1, 0xe9, 0x03, 0x00, 0x00,
	0x00, 0x8b, 0x45, 0x10, 0xc9, 0xc3, 0x00, 0x00, 0x55, 0x89, 0xe5, 0x81,
	0xec, 0x08, 0x00, 0x00, 0x00, 0x8d, 0x45, 0x14, 0x89, 0x45, 0xf8, 0x8b,
	0x45, 0xf8, 0x50, 0x8b, 0x45, 0x10, 0x50, 0x8b, 0x45, 0x0c, 0x50, 0x8b,
	0x45, 0x08, 0x50, 0xe8, 0x4c, 0x01, 0x00, 0x00, 0x83, 0xc4, 0x10, 0x89,
	0x45, 0xfc, 0x8b, 0x45, 0xfc, 0xc9, 0xc3, 0x00, 0x55, 0x89, 0xe5, 0x81,
	0xec, 0x0c, 0x00, 0x00, 0x00, 0x8b, 0x45, 0x08, 0x83, 0xc0, 0x54, 0x8b,
	0x08, 0x89, 0x4d, 0xfc, 0x8b, 0x45, 0xfc, 0x83, 0xc0, 0x04, 0x8b, 0x4d,
	0x08, 0x83, 0xc1, 0x14, 0x8b, 0x55, 0x08, 0x83, 0xc2, 0x1c, 0x89, 0x45,
	0xf4, 0x8b, 0x01, 0x8b, 0x0a, 0x29, 0xc8, 0x8b, 0x4d, 0xf4, 0x8b, 0x09,
	0x39, 0xc1, 0x0f, 0x83, 0x0b, 0x00, 0x00, 0x00, 0x8b, 0x45, 0xfc, 0x83,
	0xc0, 0x04, 0xe9, 0x17, 0x00, 0x00, 0x00, 0x8b, 0x45, 0x08, 0x83, 0xc0,
	0x14, 0x8b, 0x4d, 0x08, 0x83, 0xc1, 0x1c, 0x8b, 0x10, 0x8b, 0x01, 0x29,
	0xc2, 0xe9, 0x04, 0x00, 0x00, 0x00, 0x8b, 0x08, 0x89, 0xca, 0x89, 0x55,
	0xf8, 0x8b, 0x45, 0xf8, 0x83, 0xf8, 0x00, 0x0f, 0x84, 0x36, 0x00, 0x00,
	0x00, 0x8b, 0x45, 0xfc, 0x8b, 0x4d, 0x08, 0x83, 0xc1, 0x1c, 0x8b, 0x55,
	0xf8, 0x52, 0x8b, 0x11, 0x52, 0x8b, 0x08, 0x51, 0xe8, 0xa3, 0x01, 0x00,
	0x00, 0x83, 0xc4, 0x0c, 0x8b, 0x45, 0xfc, 0x8b, 0x4d, 0xf8, 0x8b, 0x10,
	0x01, 0xca, 0x89, 0x10, 0x8b, 0x45, 0xfc, 0x83, 0xc0, 0x04, 0x8b, 0x08,
	0x8b, 0x55, 0xf8, 0x29, 0xd1, 0x89, 0x08, 0x8b, 0x45, 0xfc, 0x83, 0xc0,
	0x04, 0x8b, 0x08, 0x8b, 0x45, 0x10, 0x39, 0xc1, 0x0f, 0x83, 0x0b, 0x00,
	0x00, 0x00, 0x8b, 0x45, 0xfc, 0x83, 0xc0, 0x04, 0xe9, 0x08, 0x00, 0x00,
	0x00, 0x8b, 0x45, 0x10, 0xe9, 0x04, 0x00, 0x00, 0x00, 0x8b, 0x08, 0x89,
	0xc8, 0x89, 0x45, 0xf8, 0x8b, 0x45, 0xf8, 0x83, 0xf8, 0x00, 0x0f, 0x84,
	0x31, 0x00, 0x00, 0x00, 0x8b, 0x45, 0xfc, 0x8b, 0x4d, 0xf8, 0x51, 0x8b,
	0x4d, 0x0c, 0x51, 0x8b, 0x08, 0x51, 0xe8, 0x39, 0x01, 0x00, 0x00, 0x83,
	0xc4, 0x0c, 0x8b, 0x45, 0xfc, 0x8b, 0x4d, 0xf8, 0x8b, 0x10, 0x01, 0xca,
	0x89, 0x10, 0x8b, 0x45, 0xfc, 0x83, 0xc0, 0x04, 0x8b, 0x08, 0x8b, 0x55,
	0xf8, 0x29, 0xd1, 0x89, 0x08, 0x8b, 0x45, 0xfc, 0x8b, 0x08, 0xb8, 0x00,
	0x00, 0x00, 0x00, 0x88, 0x01, 0x8b, 0x45, 0x08, 0x83, 0xc0, 0x14, 0x8b,
	0x4d, 0x08, 0x83, 0xc1, 0x1c, 0x8b, 0x55, 0x08, 0x83, 0xc2, 0x2c, 0x89,
	0x45, 0xf4, 0x8b, 0x02, 0x89, 0x01, 0x8b, 0x4d, 0xf4, 0x89, 0x01, 0x8b,
	0x45, 0x10, 0xc9, 0xc3, 0x55, 0x89, 0xe5, 0x81, 0xec, 0x94, 0x00, 0x00,
	0x00, 0x8b, 0x45, 0x0c, 0x83, 0xf8, 0x00, 0x0f, 0x84, 0x05, 0x00, 0x00,
	0x00, 0xe9, 0x08, 0x00, 0x00, 0x00, 0x8d, 0x45, 0xfe, 0xe9, 0x03, 0x00,
	0x00, 0x00, 0x8b, 0x45, 0x08, 0x89, 0x45, 0xf4, 0x8b, 0x45, 0x0c, 0x83,
	0xf8, 0x00, 0x0f, 0x84, 0x09, 0x00, 0x00, 0x00, 0x8b, 0x45, 0x0c, 0x48,
	0xe9, 0x0a, 0x00, 0x00, 0x00, 0xb8, 0x00, 0x00, 0x00, 0x00, 0xe9, 0x00,
	0x00, 0x00, 0x00, 0x89, 0x45, 0xf8, 0xb8, 0x50, 0x00, 0x00, 0x00, 0x50,
	0xb8, 0x00, 0x00, 0x00, 0x00, 0x50, 0x8d, 0x85, 0x6c, 0xff, 0xff, 0xff,
	0x50, 0xe8, 0x06, 0x01, 0x00, 0x00, 0x83, 0xc4, 0x0c, 0xb8, 0xff, 0xff,
	0xff, 0xff, 0x89, 0x45, 0xbc, 0xb8, 0xcc, 0xb8, 0x04, 0x08, 0x89, 0x45,
	0x90, 0xb8, 0xff, 0xff, 0xff, 0xff, 0x89, 0x45, 0xb8, 0x8d, 0x45, 0xff,
	0x89, 0x45, 0x98, 0x8d, 0x45, 0xf4, 0x89, 0x45, 0xc0, 0xb8, 0x30, 0x00,
	0x00, 0x00, 0x50, 0xb8, 0x00, 0x00, 0x00, 0x00, 0x50, 0x8d, 0x45, 0xc4,
	0x50, 0xe8, 0xca, 0x00, 0x00, 0x00, 0x83, 0xc4, 0x0c, 0x8b, 0x45, 0x0c,
	0x81, 0xf8, 0xff, 0xff, 0xff, 0x7f, 0x0f, 0x86, 0x16, 0x00, 0x00, 0x00,
	0xe8, 0xaf, 0x09, 0x00, 0x00, 0xb9, 0x4b, 0x00, 0x00, 0x00, 0x89, 0x08,
	0xb8, 0xff, 0xff, 0xff, 0xff, 0xe9, 0x21, 0x00, 0x00, 0x00, 0x8b, 0x45,
	0xf4, 0xb9, 0x00, 0x00, 0x00, 0x00, 0x88, 0x08, 0x8b, 0x45, 0x14, 0x50,
	0x8b, 0x45, 0x10, 0x50, 0x8d, 0x85, 0x6c, 0xff, 0xff, 0xff, 0x50, 0xe8,
	0x4b, 0x40, 0x00, 0x00, 0x83, 0xc4, 0x0c, 0xc9, 0xc3, 0x00, 0x00, 0x00,
	0x56, 0x57, 0x8b, 0x7c, 0x24, 0x0c, 0x8b, 0x74, 0x24, 0x10, 0x8b, 0x4c,
	0x24, 0x14, 0x89, 0xf8, 0x83, 0xf9, 0x04, 0x0f, 0x82, 0x16, 0x00, 0x00,
	0x00, 0xf7, 0xc7, 0x03, 0x00, 0x00, 0x00, 0x0f, 0x84, 0x0a, 0x00, 0x00,
	0x00, 0xa4, 0x49, 0xf7, 0xc7, 0x03, 0x00, 0x00, 0x00, 0x75, 0xf6, 0x89,
	0xca, 0xc1, 0xe9, 0x02, 0xf3, 0xa5, 0x83, 0xe2, 0x03, 0x0f, 0x84, 0x04,
	0x00, 0x00, 0x00, 0xa4, 0x4a, 0x75, 0xfc, 0x5f, 0x5e, 0xc3, 0x00, 0x00,
	0x8b, 0x44, 0x24, 0x04, 0x2b, 0x44, 0x24, 0x08, 0x3b, 0x44, 0x24, 0x0c,
	0x0f, 0x83, 0xa6, 0xff, 0xff, 0xff, 0x56, 0x57, 0x8b, 0x7c, 0x24, 0x0c,
	0x8b, 0x74, 0x24, 0x10, 0x8b, 0x4c, 0x24, 0x14, 0x8d, 0x7c, 0x0f, 0xff,
	0x8d, 0x74, 0x0e, 0xff, 0xfd, 0xf3, 0xa4, 0xfc, 0x8d, 0x47, 0x01, 0x5f,
	0x5e, 0xc3, 0x00, 0x00, 0x8b, 0x4c, 0x24, 0x0c, 0x83, 0xf9, 0x3e, 0x0f,
	0x87, 0x82, 0x00, 0x00, 0x00, 0x8a, 0x54, 0x24, 0x08, 0x8b, 0x44, 0x24,
	0x04, 0x85, 0xc9, 0x0f, 0x84, 0x71, 0x00, 0x00, 0x00, 0x88, 0xd6, 0x88,
	0x10, 0x88, 0x54, 0x08, 0xff, 0x83, 0xf9, 0x02, 0x0f, 0x86, 0x60, 0x00,
	0x00, 0x00, 0x66, 0x89, 0x50, 0x01, 0x66, 0x89, 0x54, 0x08, 0xfd, 0x83,
	0xf9, 0x06, 0x0f, 0x86, 0x4e, 0x00, 0x00, 0x00, 0xc1, 0xe2, 0x10, 0x8a,
	0x54, 0x24, 0x08, 0x8a, 0x74, 0x24, 0x08, 0x89, 0x50, 0x03, 0x89, 0x54,
	0x08, 0xf9, 0x83, 0xf9, 0x0e, 0x0f, 0x86, 0x33, 0x00, 0x00, 0x00, 0x89,
	0x50, 0x07, 0x89, 0x50, 0x0b, 0x89, 0x54, 0x08, 0xf1, 0x89, 0x54, 0x08,
	0xf5, 0x83, 0xf9, 0x1e, 0x0f, 0x86, 0x1c, 0x00, 0x00, 0x00, 0x89, 0x50,
	0x0f, 0x89, 0x50, 0x13, 0x89, 0x50, 0x17, 0x89, 0x50, 0x1b, 0x89, 0x54,
	0x08, 0xe1, 0x89, 0x54, 0x08, 0xe5, 0x89, 0x54, 0x08, 0xe9, 0x89, 0x54,
	0x08, 0xed, 0xc3, 0x0f, 0xb6, 0x44, 0x24, 0x08, 0x89, 0x7c, 0x24, 0x0c,
	0x69, 0xc0, 0x01, 0x01, 0x01, 0x01, 0x8b, 0x7c, 0x24, 0x04, 0xf7, 0xc7,
	0x0f, 0x00, 0x00, 0x00, 0x89, 0x44, 0x0f, 0xfc, 0x0f, 0x85, 0x0e, 0x00,
	0x00, 0x00, 0xc1, 0xe9, 0x02, 0xf3, 0xab, 0x8b, 0x44, 0x24, 0x04, 0x8b,
	0x7c, 0x24, 0x0c, 0xc3, 0x31, 0xd2, 0x29, 0xfa, 0x83, 0xe2, 0x0f, 0x89,
	0x07, 0x89, 0x47, 0x04, 0x89, 0x47, 0x08, 0x89, 0x47, 0x0c, 0x29, 0xd1,
	0x01, 0xd7, 0xeb, 0xda, 0x55, 0x89, 0xe5, 0x81, 0xec, 0x00, 0x00, 0x00,
	0x00, 0x8b, 0x45, 0x08, 0x8b, 0x4d, 0x0c, 0x0f, 0xbe, 0x10, 0x0f, 0xbe,
	0x01, 0x39, 0xc2, 0x0f, 0x85, 0x2a, 0x00, 0x00, 0x00, 0x8b, 0x45, 0x08,
	0x0f, 0xbe, 0x08, 0x83, 0xf9, 0x00, 0x0f, 0x84, 0x1b, 0x00, 0x00, 0x00,
	0xe9, 0x14, 0x00, 0x00, 0x00, 0x8b, 0x45, 0x08, 0x89, 0xc1, 0x40, 0x89,
	0x45, 0x08, 0x8b, 0x45, 0x0c, 0x89, 0xc1, 0x40, 0x89, 0x45, 0x0c, 0xeb,
	0xc4, 0xeb, 0xea, 0x8b, 0x45, 0x08, 0x8b, 0x4d, 0x0c, 0x0f, 0xb6, 0x10,
	0x0f, 0xb6, 0x01, 0x29, 0xc2, 0x89, 0xd0, 0xc9, 0xc3, 0x00, 0x00, 0x00,
	0x55, 0x89, 0xe5, 0x81, 0xec, 0x04, 0x00, 0x00, 0x00, 0x8b, 0x45, 0x08,
	0x89, 0x45, 0xfc, 0x8b, 0x45, 0x08, 0x0f, 0xbe, 0x08, 0x83, 0xf9, 0x00,
	0x0f, 0x84, 0x12, 0x00, 0x00, 0x00, 0xe9, 0x0b, 0x00, 0x00, 0x00, 0x8b,
	0x45, 0x08, 0x89, 0xc1, 0x40, 0x89, 0x45, 0x08, 0xeb, 0xe1, 0xeb, 0xf3,
	0x8b, 0x45, 0x08, 0x8b, 0x4d, 0xfc, 0x29, 0xc8, 0xc9, 0xc3, 0x00, 0x00,
	0x55, 0x89, 0xe5, 0x81, 0xec, 0x14, 0x00, 0x00, 0x00, 0x0f, 0xbe, 0x05,
	0x8b, 0x3a, 0x05, 0x08, 0x89, 0x45, 0xfc, 0x8b, 0x45, 0xfc, 0x83, 0xf8,
	0x00, 0x0f, 0x85, 0x05, 0x00, 0x00, 0x00, 0xe9, 0x32, 0x01, 0x00, 0x00,
	0xb8, 0x01, 0x00, 0x00, 0x80, 0x50, 0xb8, 0x00, 0x00, 0x00, 0x00, 0x50,
	0x8b, 0x45, 0x08, 0x50, 0xe8, 0x6e, 0x01, 0x00, 0x00, 0x83, 0xc4, 0x0c,
	0x89, 0x45, 0xf8, 0x8b, 0x45, 0xfc, 0x83, 0xf8, 0x00, 0x0f, 0x8d, 0x0b,
	0x00, 0x00, 0x00, 0xb8, 0x00, 0x00, 0x00, 0x00, 0x88, 0x05, 0x8b, 0x3a,
	0x05, 0x08, 0x8b, 0x45, 0xf8, 0x83, 0xf8, 0x00, 0x0f, 0x85, 0x05, 0x00,
	0x00, 0x00, 0xe9, 0xef, 0x00, 0x00, 0x00, 0xb8, 0x00, 0x00, 0x00, 0x00,
	0x89, 0x45, 0xf4, 0x8b, 0x45, 0xf4, 0x83, 0xf8, 0x0a, 0x0f, 0x83, 0x5f,
	0x00, 0x00, 0x00, 0xe9, 0x09, 0x00, 0x00, 0x00, 0x8b, 0x45, 0xf4, 0x40,
	0x89, 0x45, 0xf4, 0xeb, 0xe6, 0x8b, 0x45, 0xf8, 0x83, 0xf8, 0x00, 0x0f,
	0x8d, 0x0c, 0x00, 0x00, 0x00, 0x8b, 0x45, 0xf8, 0x81, 0xe8, 0x01, 0x00,
	0x00, 0x80, 0x89, 0x45, 0xf8, 0x8b, 0x45, 0xf8, 0x40, 0x81, 0xc0, 0x00,
	0x00, 0x00, 0x80, 0x50, 0x8b, 0x45, 0xf8, 0x50, 0x8b, 0x45, 0x08, 0x50,
	0xe8, 0xee, 0x00, 0x00, 0x00, 0x83, 0xc4, 0x0c, 0x89, 0x45, 0xf0, 0x8b,
	0x45, 0xf0, 0x8b, 0x4d, 0xf8, 0x39, 0xc8, 0x0f, 0x85, 0x05, 0x00, 0x00,
	0x00, 0xe9, 0x84, 0x00, 0x00, 0x00, 0x8b, 0x45, 0xf0, 0x89, 0x45, 0xf8,
	0xeb, 0xa6, 0xb8, 0x01, 0x00, 0x00, 0x00, 0x50, 0x8b, 0x45, 0x08, 0x50,
	0xe8, 0xe2, 0x00, 0x00, 0x00, 0x83, 0xc4, 0x08, 0x40, 0x89, 0x45, 0xf8,
	0x8b, 0x45, 0xf8, 0x83, 0xf8, 0x00, 0x0f, 0x8d, 0x22, 0x00, 0x00, 0x00,
	0xb8, 0x01, 0x00, 0x00, 0x00, 0x50, 0x8b, 0x45, 0xf8, 0x50, 0x8b, 0x45,
	0x08, 0x50, 0xe8, 0x55, 0x01, 0x00, 0x00, 0x83, 0xc4, 0x0c, 0x8b, 0x45,
	0xf8, 0x81, 0xe8, 0x01, 0x00, 0x00, 0x80, 0x89, 0x45, 0xf8, 0x8b, 0x45,
	0xf8, 0x81, 0xc0, 0x00, 0x00, 0x00, 0x80, 0x50, 0x8b, 0x45, 0xf8, 0x50,
	0x8b, 0x45, 0x08, 0x50, 0xe8, 0x72, 0x00, 0x00, 0x00, 0x83, 0xc4, 0x0c,
	0x89, 0x45, 0xec, 0x8b, 0x45, 0xec, 0x8b, 0x4d, 0xf8, 0x39, 0xc8, 0x0f,
	0x85, 0x05, 0x00, 0x00, 0x00, 0xe9, 0x08, 0x00, 0x00, 0x00, 0x8b, 0x45,
	0xec, 0x89, 0x45, 0xf8, 0xeb, 0x9a, 0xc9, 0xc3, 0x55, 0x89, 0xe5, 0x81,
	0xec, 0x00, 0x00, 0x00, 0x00, 0x8b, 0x45, 0x08, 0x8b, 0x08, 0x83, 0xf9,
	0x00, 0x0f, 0x8d, 0x36, 0x00, 0x00, 0x00, 0xb8, 0xff, 0xff, 0xff, 0x7f,
	0x50, 0x8b, 0x45, 0x08, 0x50, 0xe8, 0x4d, 0x00, 0x00, 0x00, 0x83, 0xc4,
	0x08, 0x81, 0xf8, 0x01, 0x00, 0x00, 0x80, 0x0f, 0x84, 0x18, 0x00, 0x00,
	0x00, 0xb8, 0x01, 0x00, 0x00, 0x00, 0x50, 0xb8, 0x01, 0x00, 0x00, 0x00,
	0x50, 0x8b, 0x45, 0x08, 0x50, 0xe8, 0x4a, 0x00, 0x00, 0x00, 0x83, 0xc4,
	0x0c, 0xc9, 0xc3, 0x55, 0x89, 0xe5, 0x81, 0xec, 0x04, 0x00, 0x00, 0x00,
	0x8b, 0x45, 0x08, 0x89, 0x45, 0xfc, 0x8b, 0x55, 0xfc, 0x8b, 0x45, 0x0c,
	0x8b, 0x4d, 0x10, 0xf0, 0x0f, 0xb1, 0x0a, 0x89, 0x45, 0x0c, 0x8b, 0x45,
	0x0c, 0xc9, 0xc3, 0x55, 0x89, 0xe5, 0x81, 0xec, 0x04, 0x00, 0x00, 0x00,
	0x8b, 0x45, 0x08, 0x89, 0x45, 0xfc, 0x8b, 0x4d, 0xfc, 0x8b, 0x45, 0x0c,
	0xf0, 0x0f, 0xc1, 0x01, 0x89, 0x45, 0x0c, 0x8b, 0x45, 0x0c, 0xc9, 0xc3,
	0x55, 0x89, 0xe5, 0x81, 0xec, 0x00, 0x00, 0x00, 0x00, 0x8b, 0x45, 0x10,
	0x83, 0xf8, 0x00, 0x0f, 0x84, 0x08, 0x00, 0x00, 0x00, 0xb8, 0x80, 0x00,
	0x00, 0x00, 0x89, 0x45, 0x10, 0x8b, 0x45, 0x0c, 0x83, 0xf8, 0x00, 0x0f,
	0x8d, 0x08, 0x00, 0x00, 0x00, 0xb8, 0xff, 0xff, 0xff, 0x7f, 0x89, 0x45,
	0x0c, 0x8b, 0x45, 0x10, 0x83, 0xc8, 0x01, 0x8b, 0x4d, 0x0c, 0x51, 0x50,
	0x8b, 0x45, 0x08, 0x50, 0xb8, 0xf0, 0x00, 0x00, 0x00, 0x50, 0xe8, 0x9a,
	0x00, 0x00, 0x00, 0x83, 0xc4, 0x10, 0x83, 0xf8, 0xda, 0x0f, 0x85, 0x1f,
	0x00, 0x00, 0x00, 0x8b, 0x45, 0x0c, 0x50, 0xb8, 0x01, 0x00, 0x00, 0x00,
	0x50, 0x8b, 0x45, 0x08, 0x50, 0xb8, 0xf0, 0x00, 0x00, 0x00, 0x50, 0xe8,
	0x75, 0x00, 0x00, 0x00, 0x83, 0xc4, 0x10, 0x83, 0xf8, 0x00, 0xc9, 0xc3,
	0x55, 0x89, 0xe5, 0x81, 0xec, 0x00, 0x00, 0x00, 0x00, 0x8b, 0x45, 0x10,
	0x83, 0xf8, 0x00, 0x0f, 0x84, 0x08, 0x00, 0x00, 0x00, 0xb8, 0x80, 0x00,
	0x00, 0x00, 0x89, 0x45, 0x10, 0x8b, 0x45, 0x10, 0xb9, 0x00, 0x00, 0x00,
	0x00, 0x51, 0x8b, 0x4d, 0x0c, 0x51, 0x50, 0x8b, 0x45, 0x08, 0x50, 0xb8,
	0xf0, 0x00, 0x00, 0x00, 0x50, 0xe8, 0x54, 0x00, 0x00, 0x00, 0x83, 0xc4,
	0x14, 0x83, 0xf8, 0xda, 0x0f, 0x85, 0x25, 0x00, 0x00, 0x00, 0xb8, 0x00,
	0x00, 0x00, 0x00, 0x50, 0x8b, 0x45, 0x0c, 0x50, 0xb8, 0x00, 0x00, 0x00,
	0x00, 0x50, 0x8b, 0x45, 0x08, 0x50, 0xb8, 0xf0, 0x00, 0x00, 0x00, 0x50,
	0xe8, 0x29, 0x00, 0x00, 0x00, 0x83, 0xc4, 0x14, 0x83, 0xf8, 0x00, 0xc9,
	0xc3, 0x55, 0x89, 0xe5, 0x81, 0xec, 0x04, 0x00, 0x00, 0x00, 0x53, 0x8b,
	0x45, 0x08, 0x8b, 0x5d, 0x0c, 0x8b, 0x4d, 0x10, 0x8b, 0x55, 0x14, 0xcd,
	0x80, 0x89, 0x45, 0xfc, 0x5b, 0x8b, 0x45, 0xfc, 0xc9, 0xc3, 0x55, 0x89,
	0xe5, 0x81, 0xec, 0x04, 0x00, 0x00, 0x00, 0x53, 0x56, 0x8b, 0x45, 0x08,
	0x8b, 0x5d, 0x0c, 0x8b, 0x4d, 0x10, 0x8b, 0x55, 0x14, 0x8b, 0x75, 0x18,
	0xcd, 0x80, 0x89, 0x45, 0xfc, 0x5e, 0x5b, 0x8b, 0x45, 0xfc, 0xc9, 0xc3,
	0x55, 0x89, 0xe5, 0x81, 0xec, 0x0c, 0x00, 0x00, 0x00, 0x8b, 0x45, 0x08,
	0x89, 0x45, 0xfc, 0x8b, 0x45, 0xfc, 0x8b, 0x4d, 0xfc, 0x89, 0x08, 0x8b,
	0x45, 0x08, 0x50, 0xe8, 0xc4, 0x3d, 0x00, 0x00, 0x83, 0xc4, 0x04, 0x89,
	0x45, 0xf8, 0x8b, 0x45, 0xf8, 0x83, 0xf8, 0x00, 0x0f, 0x8d, 0x0a, 0x00,
	0x00, 0x00, 0xb8, 0xff, 0xff, 0xff, 0xff, 0xe9, 0x87, 0x00, 0x00, 0x00,
	0x8b, 0x45, 0xf8, 0x83, 0xf8, 0x00, 0x0f, 0x85, 0x0b, 0x00, 0x00, 0x00,
	0xb8, 0x01, 0x00, 0x00, 0x00, 0x88, 0x05, 0x88, 0x3a, 0x05, 0x08, 0x8b,
	0x45, 0xfc, 0x83, 0xc0, 0x20, 0xb9, 0x02, 0x00, 0x00, 0x00, 0x89, 0x08,
	0x8b, 0x45, 0xfc, 0x83, 0xc0, 0x18, 0xb9, 0xe4, 0x3e, 0x05, 0x08, 0x51,
	0xb9, 0x02, 0x01, 0x00, 0x00, 0x51, 0x89, 0x45, 0xf4, 0xe8, 0x99, 0x03,
	0x00, 0x00, 0x83, 0xc4, 0x08, 0x8b, 0x4d, 0xf4, 0x89, 0x01, 0x8b, 0x45,
	0xfc, 0x83, 0xc0, 0x60, 0xb9, 0xa8, 0x3a, 0x05, 0x08, 0x89, 0x08, 0x8b,
	0x45, 0xfc, 0x83, 0xc0, 0x4c, 0x8b, 0x4d, 0xfc, 0x83, 0xc1, 0x4c, 0x89,
	0x08, 0x8b, 0x45, 0xfc, 0x83, 0xc0, 0x10, 0x8b, 0x0d, 0xb8, 0x23, 0x05,
	0x08, 0x89, 0x08, 0x8b, 0x45, 0xfc, 0x83, 0xc0, 0x0c, 0x8b, 0x4d, 0xfc,
	0x83, 0xc1, 0x08, 0x8b, 0x55, 0xfc, 0x89, 0x11, 0x89, 0x10, 0xb8, 0x00,
	0x00, 0x00, 0x00, 0xc9, 0xc3, 0x55, 0x89, 0xe5, 0x81, 0xec, 0x14, 0x00,
	0x00, 0x00, 0x8b, 0x45, 0x08, 0x89, 0x45, 0xf0, 0x8b, 0x05, 0x98, 0x3a,
	0x05, 0x08, 0x83, 0xe8, 0x70, 0x8b, 0x4d, 0x08, 0x01, 0xc1, 0x89, 0x4d,
	0x08, 0x8b, 0x05, 0x9c, 0x3a, 0x05, 0x08, 0x48, 0x8b, 0x4d, 0x08, 0x21,
	0xc1, 0x8b, 0x45, 0x08, 0x29, 0xc8, 0x89, 0x45, 0x08, 0x8b, 0x45, 0x08,
	0x89, 0x45, 0xfc, 0xb8, 0x01, 0x00, 0x00, 0x00, 0x89, 0x45, 0xf4, 0x8b,
	0x05, 0x94, 0x3a, 0x05, 0x08, 0x89, 0x45, 0xf8, 0x8b, 0x45, 0xf8, 0x83,
	0xf8, 0x00, 0x0f, 0x84, 0x62, 0x00, 0x00, 0x00, 0xe9, 0x13, 0x00, 0x00,
	0x00, 0x8b, 0x45, 0xf4, 0x89, 0xc1, 0x40, 0x89, 0x45, 0xf4, 0x8b, 0x45,
	0xf8, 0x8b, 0x08, 0x89, 0x4d, 0xf8, 0xeb, 0xdc, 0x8b, 0x45, 0xf4, 0xc1,
	0xe0, 0x02, 0x8b, 0x4d, 0xf0, 0x01, 0xc1, 0x8b, 0x45, 0xf8, 0x83, 0xc0,
	0x14, 0x8b, 0x10, 0x8b, 0x45, 0x08, 0x29, 0xd0, 0x89, 0x01, 0x8b, 0x45,
	0xf8, 0x83, 0xc0, 0x14, 0x8b, 0x08, 0x8b, 0x45, 0x08, 0x29, 0xc8, 0x8b,
	0x4d, 0xf8, 0x83, 0xc1, 0x04, 0x8b, 0x55, 0xf8, 0x83, 0xc2, 0x08, 0x89,
	0x45, 0xec, 0x8b, 0x02, 0x50, 0x8b, 0x01, 0x50, 0x8b, 0x45, 0xec, 0x50,
	0xe8, 0x83, 0xf9, 0xff, 0xff, 0x83, 0xc4, 0x0c, 0xeb, 0xa3, 0x8b, 0x45,
	0xf0, 0x8b, 0x0d, 0xa0, 0x3a, 0x05, 0x08, 0x89, 0x08, 0x8b, 0x45, 0xfc,
	0x83, 0xc0, 0x04, 0x8b, 0x4d, 0xf0, 0x89, 0x08, 0x8b, 0x45, 0xfc, 0xc9,
	0xc3, 0x55, 0x89, 0xe5, 0x81, 0xec, 0x18, 0x00, 0x00, 0x00, 0xb8, 0x00,
	0x00, 0x00, 0x00, 0x89, 0x45, 0xf0, 0xb8, 0x00, 0x00, 0x00, 0x00, 0x89,
	0x45, 0xec, 0x8b, 0x45, 0x08, 0x83, 0xc0, 0x0c, 0x8b, 0x08, 0x89, 0x4d,
	0xfc, 0x8b, 0x45, 0x08, 0x83, 0xc0, 0x14, 0x8b, 0x08, 0x89, 0x4d, 0xf8,
	0x8b, 0x45, 0xf8, 0x83, 0xf8, 0x00, 0x0f, 0x84, 0xea, 0x00, 0x00, 0x00,
	0xe9, 0x1b, 0x00, 0x00, 0x00, 0x8b, 0x45, 0xf8, 0x89, 0xc1, 0x48, 0x89,
	0x45, 0xf8, 0x8b, 0x45, 0x08, 0x83, 0xc0, 0x10, 0x8b, 0x08, 0x8b, 0x45,
	0xfc, 0x01, 0xc8, 0x89, 0x45, 0xfc, 0xeb, 0xd4, 0x8b, 0x45, 0xfc, 0x89,
	0x45, 0xf4, 0x8b, 0x45, 0xf4, 0x8b, 0x08, 0x83, 0xf9, 0x06, 0x0f, 0x85,
	0x15, 0x00, 0x00, 0x00, 0x8b, 0x45, 0x08, 0x83, 0xc0, 0x0c, 0x8b, 0x4d,
	0xf4, 0x83, 0xc1, 0x08, 0x8b, 0x10, 0x8b, 0x01, 0x29, 0xc2, 0x89, 0x55,
	0xec, 0x8b, 0x45, 0xf4, 0x8b, 0x08, 0x83, 0xf9, 0x02, 0x0f, 0x85, 0x20,
	0x00, 0x00, 0x00, 0xb8, 0x00, 0x00, 0x00, 0x00, 0x83, 0xf8, 0x00, 0x0f,
	0x84, 0x12, 0x00, 0x00, 0x00, 0x8b, 0x45, 0xf4, 0x83, 0xc0, 0x08, 0xb9,
	0x00, 0x00, 0x00, 0x00, 0x8b, 0x10, 0x29, 0xd1, 0x89, 0x4d, 0xec, 0x8b,
	0x45, 0xf4, 0x8b, 0x08, 0x83, 0xf9, 0x07, 0x0f, 0x85, 0x06, 0x00, 0x00,
	0x00, 0x8b, 0x45, 0xf4, 0x89, 0x45, 0xf0, 0x8b, 0x45, 0xf4, 0x8b, 0x08,
	0x81, 0xf9, 0x51, 0xe5, 0x74, 0x64, 0x0f, 0x85, 0x49, 0x00, 0x00, 0x00,
	0x8b, 0x45, 0xf4, 0x83, 0xc0, 0x14, 0x8b, 0x08, 0x8b, 0x05, 0xf8, 0x29,
	0x05, 0x08, 0x39, 0xc1, 0x0f, 0x86, 0x33, 0x00, 0x00, 0x00, 0x8b, 0x45,
	0xf4, 0x83, 0xc0, 0x14, 0x8b, 0x08, 0x81, 0xf9, 0x00, 0x00, 0x80, 0x00,
	0x0f, 0x83, 0x0b, 0x00, 0x00, 0x00, 0x8b, 0x45, 0xf4, 0x83, 0xc0, 0x14,
	0xe9, 0x0a, 0x00, 0x00, 0x00, 0xb8, 0x00, 0x00, 0x80, 0x00, 0xe9, 0x04,
	0x00, 0x00, 0x00, 0x8b, 0x08, 0x89, 0xc8, 0x89, 0x05, 0xf8, 0x29, 0x05,
	0x08, 0xe9, 0x1b, 0xff, 0xff, 0xff, 0x8b, 0x45, 0xf0, 0x83, 0xf8, 0x00,
	0x0f, 0x84, 0x53, 0x00, 0x00, 0x00, 0x8b, 0x45, 0xf0, 0x83, 0xc0, 0x08,
	0x8b, 0x4d, 0xec, 0x8b, 0x10, 0x01, 0xd1, 0x89, 0x0d, 0xa0, 0x3f, 0x05,
	0x08, 0x8b, 0x45, 0xf0, 0x83, 0xc0, 0x10, 0x8b, 0x08, 0x89, 0x0d, 0xa4,
	0x3f, 0x05, 0x08, 0x8b, 0x45, 0xf0, 0x83, 0xc0, 0x14, 0x8b, 0x08, 0x89,
	0x0d, 0xa8, 0x3f, 0x05, 0x08, 0x8b, 0x45, 0xf0, 0x83, 0xc0, 0x1c, 0x8b,
	0x08, 0x89, 0x0d, 0xac, 0x3f, 0x05, 0x08, 0xb8, 0x01, 0x00, 0x00, 0x00,
	0x89, 0x05, 0xa0, 0x3a, 0x05, 0x08, 0xb8, 0x9c, 0x3f, 0x05, 0x08, 0x89,
	0x05, 0x94, 0x3a, 0x05, 0x08, 0xb8, 0x00, 0x00, 0x00, 0x00, 0x8b, 0x0d,
	0xa8, 0x3f, 0x05, 0x08, 0x29, 0xc8, 0x8b, 0x0d, 0xa0, 0x3f, 0x05, 0x08,
	0x29, 0xc8, 0x8b, 0x0d, 0xac, 0x3f, 0x05, 0x08, 0x49, 0x21, 0xc8, 0x8b,
	0x0d, 0xa8, 0x3f, 0x05, 0x08, 0x01, 0xc1, 0x89, 0x0d, 0xa8, 0x3f, 0x05,
	0x08, 0x8b, 0x05, 0xa8, 0x3f, 0x05, 0x08, 0x89, 0x05, 0xb0, 0x3f, 0x05,
	0x08, 0x8b, 0x05, 0xac, 0x3f, 0x05, 0x08, 0x83, 0xf8, 0x04, 0x0f, 0x83,
	0x0b, 0x00, 0x00, 0x00, 0xb8, 0x04, 0x00, 0x00, 0x00, 0x89, 0x05, 0xac,
	0x3f, 0x05, 0x08, 0x8b, 0x05, 0xac, 0x3f, 0x05, 0x08, 0x89, 0x05, 0x9c,
	0x3a, 0x05, 0x08, 0x8b, 0x05, 0xa8, 0x3f, 0x05, 0x08, 0x83, 0xc0, 0x78,
	0x8b, 0x0d, 0xac, 0x3f, 0x05, 0x08, 0x01, 0xc8, 0x83, 0xc0, 0x04, 0x48,
	0x83, 0xe0, 0xfc, 0x89, 0x05, 0x98, 0x3a, 0x05, 0x08, 0x8b, 0x05, 0x98,
	0x3a, 0x05, 0x08, 0x81, 0xf8, 0xb4, 0x00, 0x00, 0x00, 0x0f, 0x86, 0x3b,
	0x00, 0x00, 0x00, 0xb8, 0x00, 0x00, 0x00, 0x00, 0x50, 0xb8, 0xff, 0xff,
	0xff, 0xff, 0x50, 0xb8, 0x22, 0x00, 0x00, 0x00, 0x50, 0xb8, 0x03, 0x00,
	0x00, 0x00, 0x50, 0x8b, 0x05, 0x98, 0x3a, 0x05, 0x08, 0x50, 0xb8, 0x00,
	0x00, 0x00, 0x00, 0x50, 0xb8, 0xc0, 0x00, 0x00, 0x00, 0x50, 0xe8, 0x55,
	0x00, 0x00, 0x00, 0x83, 0xc4, 0x1c, 0x89, 0x45, 0xe8, 0xe9, 0x08, 0x00,
	0x00, 0x00, 0xb8, 0xe8, 0x3e, 0x05, 0x08, 0x89, 0x45, 0xe8, 0x8b, 0x45,
	0xe8, 0x50, 0xe8, 0xce, 0xfc, 0xff, 0xff, 0x83, 0xc4, 0x04, 0x50, 0xe8,
	0x00, 0xfc, 0xff, 0xff, 0x83, 0xc4, 0x04, 0x83, 0xf8, 0x00, 0x0f, 0x8d,
	0x05, 0x00, 0x00, 0x00, 0xe8, 0x56, 0x00, 0x00, 0x00, 0xc9, 0xc3, 0x55,
	0x89, 0xe5, 0x81, 0xec, 0x04, 0x00, 0x00, 0x00, 0x8b, 0x45, 0x08, 0x8b,
	0x55, 0x0c, 0x87, 0xda, 0xcd, 0x80, 0x87, 0xda, 0x89, 0x45, 0xfc, 0x8b,
	0x45, 0xfc, 0xc9, 0xc3, 0x55, 0x89, 0xe5, 0x81, 0xec, 0x04, 0x00, 0x00,
	0x00, 0x53, 0x56, 0x57, 0x8b, 0x45, 0x08, 0x8b, 0x5d, 0x0c, 0x8b, 0x4d,
	0x10, 0x8b, 0x55, 0x14, 0x8b, 0x75, 0x18, 0x8b, 0x7d, 0x1c, 0xff, 0x75,
	0x20, 0x55, 0x8b, 0x6c, 0x24, 0x04, 0xcd, 0x80, 0x5d, 0x83, 0xc4, 0x04,
	0x89, 0x45, 0xfc, 0x5f, 0x5e, 0x5b, 0x8b, 0x45, 0xfc, 0xc9, 0xc3, 0x55,
	0x89, 0xe5, 0x81, 0xec, 0x00, 0x00, 0x00, 0x00, 0xf4, 0xc9, 0xc3, 0x00,
	0x55, 0x89, 0xe5, 0x81, 0xec, 0x00, 0x00, 0x00, 0x00, 0xe8, 0x05, 0x00,
	0x00, 0x00, 0x83, 0xc0, 0x1c, 0xc9, 0xc3, 0x55, 0x89, 0xe5, 0x81, 0xec,
	0x04, 0x00, 0x00, 0x00, 0x65, 0xa1, 0x00, 0x00, 0x00, 0x00, 0x89, 0x45,
	0xfc, 0x8b, 0x45, 0xfc, 0xc9, 0xc3, 0x00, 0x00, 0x55, 0x89, 0xe5, 0x81,
	0xec, 0x00, 0x00, 0x00, 0x00, 0x8b, 0x45, 0x08, 0x50, 0xb8, 0xfc, 0x00,
	0x00, 0x00, 0x50, 0xe8, 0x19, 0x00, 0x00, 0x00, 0x83, 0xc4, 0x08, 0x8b,
	0x45, 0x08, 0x50, 0xb8, 0x01, 0x00, 0x00, 0x00, 0x50, 0xe8, 0x07, 0x00,
	0x00, 0x00, 0x83, 0xc4, 0x08, 0xeb, 0xec, 0xc9, 0xc3, 0x55, 0x89, 0xe5,
	0x81, 0xec, 0x04, 0x00, 0x00, 0x00, 0x8b, 0x45, 0x08, 0x8b, 0x55, 0x0c,
	0x87, 0xda, 0xcd, 0x80, 0x87, 0xda, 0x89, 0x45, 0xfc, 0x8b, 0x45, 0xfc,
	0xc9, 0xc3, 0x00, 0x00, 0x55, 0x89, 0xe5, 0x81, 0xec, 0x00, 0x00, 0x00,
	0x00, 0x8b, 0x45, 0x08, 0x81, 0xf8, 0x00, 0xf0, 0xff, 0xff, 0x0f, 0x86,
	0x1b, 0x00, 0x00, 0x00, 0xe8, 0x67, 0xff, 0xff, 0xff, 0xb9, 0x00, 0x00,
	0x00, 0x00, 0x8b, 0x55, 0x08, 0x29, 0xd1, 0x89, 0x08, 0xb8, 0xff, 0xff,
	0xff, 0xff, 0xe9, 0x03, 0x00, 0x00, 0x00, 0x8b, 0x45, 0x08, 0xc9, 0xc3,
	0x55, 0x89, 0xe5, 0x81, 0xec, 0x08, 0x00, 0x00, 0x00, 0x8b, 0x45, 0x08,
	0x83, 0xc0, 0x4c, 0x8b, 0x08, 0x89, 0x4d, 0xfc, 0xe8, 0x75, 0x01, 0x00,
	0x00, 0x83, 0xc0, 0x18, 0x8b, 0x08, 0x89, 0x4d, 0xf8, 0x8b, 0x45, 0xfc,
	0x81, 0xe0, 0xff, 0xff, 0xff, 0xbf, 0x8b, 0x4d, 0xf8, 0x39, 0xc8, 0x0f,
	0x85, 0x0a, 0x00, 0x00, 0x00, 0xb8, 0x00, 0x00, 0x00, 0x00, 0xe9, 0xc0,
	0x00, 0x00, 0x00, 0x8b, 0x45, 0x08, 0x83, 0xc0, 0x4c, 0x8b, 0x4d, 0xf8,
	0x51, 0xb9, 0x00, 0x00, 0x00, 0x00, 0x51, 0x50, 0xe8, 0xf6, 0x00, 0x00,
	0x00, 0x83, 0xc4, 0x0c, 0x89, 0x45, 0xfc, 0x8b, 0x45, 0xfc, 0x83, 0xf8,
	0x00, 0x0f, 0x85, 0x0a, 0x00, 0x00, 0x00, 0xb8, 0x01, 0x00, 0x00, 0x00,
	0xe9, 0x8e, 0x00, 0x00, 0x00, 0x8b, 0x45, 0x08, 0x83, 0xc0, 0x4c, 0x8b,
	0x4d, 0xf8, 0x81, 0xc9, 0x00, 0x00, 0x00, 0x40, 0x51, 0xb9, 0x00, 0x00,
	0x00, 0x00, 0x51, 0x50, 0xe8, 0xbe, 0x00, 0x00, 0x00, 0x83, 0xc4, 0x0c,
	0x89, 0x45, 0xfc, 0x83, 0xf8, 0x00, 0x0f, 0x84, 0x5e, 0x00, 0x00, 0x00,
	0x8b, 0x45, 0xfc, 0x81, 0xe0, 0x00, 0x00, 0x00, 0x40, 0x83, 0xf8, 0x00,
	0x0f, 0x85, 0x28, 0x00, 0x00, 0x00, 0x8b, 0x45, 0x08, 0x83, 0xc0, 0x4c,
	0x8b, 0x4d, 0xfc, 0x81, 0xc9, 0x00, 0x00, 0x00, 0x40, 0x51, 0x8b, 0x4d,
	0xfc, 0x51, 0x50, 0xe8, 0x83, 0x00, 0x00, 0x00, 0x83, 0xc4, 0x0c, 0x8b,
	0x4d, 0xfc, 0x39, 0xc8, 0x0f, 0x85, 0x1f, 0x00, 0x00, 0x00, 0x8b, 0x45,
	0x08, 0x83, 0xc0, 0x4c, 0x8b, 0x4d, 0xfc, 0x81, 0xc9, 0x00, 0x00, 0x00,
	0x40, 0xba, 0x01, 0x00, 0x00, 0x00, 0x52, 0x51, 0x50, 0xe8, 0x2b, 0x01,
	0x00, 0x00, 0x83, 0xc4, 0x0c, 0xe9, 0x77, 0xff, 0xff, 0xff, 0xb8, 0x01,
	0x00, 0x00, 0x00, 0xc9, 0xc3, 0x55, 0x89, 0xe5, 0x81, 0xec, 0x00, 0x00,
	0x00, 0x00, 0x8b, 0x45, 0x08, 0x83, 0xc0, 0x4c, 0xb9, 0x00, 0x00, 0x00,
	0x00, 0x51, 0x50, 0xe8, 0x53, 0x00, 0x00, 0x00, 0x83, 0xc4, 0x08, 0x81,
	0xe0, 0x00, 0x00, 0x00, 0x40, 0x83, 0xf8, 0x00, 0x0f, 0x84, 0x1b, 0x00,
	0x00, 0x00, 0x8b, 0x45, 0x08, 0x83, 0xc0, 0x4c, 0xb9, 0x01, 0x00, 0x00,
	0x00, 0x51, 0xb9, 0x01, 0x00, 0x00, 0x00, 0x51, 0x50, 0xe8, 0x5f, 0x00,
	0x00, 0x00, 0x83, 0xc4, 0x0c, 0xc9, 0xc3, 0x55, 0x89, 0xe5, 0x81, 0xec,
	0x04, 0x00, 0x00, 0x00, 0x8b, 0x45, 0x08, 0x89, 0x45, 0xfc, 0x8b, 0x55,
	0xfc, 0x8b, 0x45, 0x0c, 0x8b, 0x4d, 0x10, 0xf0, 0x0f, 0xb1, 0x0a, 0x89,
	0x45, 0x0c, 0x8b, 0x45, 0x0c, 0xc9, 0xc3, 0x55, 0x89, 0xe5, 0x81, 0xec,
	0x04, 0x00, 0x00, 0x00, 0x8b, 0x45, 0x08, 0x89, 0x45, 0xfc, 0x8b, 0x4d,
	0xfc, 0x8b, 0x45, 0x0c, 0x87, 0x01, 0x89, 0x45, 0x0c, 0x8b, 0x45, 0x0c,
	0xc9, 0xc3, 0x55, 0x89, 0xe5, 0x81, 0xec, 0x04, 0x00, 0x00, 0x00, 0x65,
	0xa1, 0x00, 0x00, 0x00, 0x00, 0x89, 0x45, 0xfc, 0x8b, 0x45, 0xfc, 0xc9,
	0xc3, 0x55, 0x89, 0xe5, 0x81, 0xec, 0x00, 0x00, 0x00, 0x00, 0x8b, 0x45,
	0x10, 0x83, 0xf8, 0x00, 0x0f, 0x84, 0x08, 0x00, 0x00, 0x00, 0xb8, 0x80,
	0x00, 0x00, 0x00, 0x89, 0x45, 0x10, 0x8b, 0x45, 0x0c, 0x83, 0xf8, 0x00,
	0x0f, 0x8d, 0x08, 0x00, 0x00, 0x00, 0xb8, 0xff, 0xff, 0xff, 0x7f, 0x89,
	0x45, 0x0c, 0x8b, 0x45, 0x10, 0x83, 0xc8, 0x01, 0x8b, 0x4d, 0x0c, 0x51,
	0x50, 0x8b, 0x45, 0x08, 0x50, 0xb8, 0xf0, 0x00, 0x00, 0x00, 0x50, 0xe8,
	0x9a, 0x00, 0x00, 0x00, 0x83, 0xc4, 0x10, 0x83, 0xf8, 0xda, 0x0f, 0x85,
	0x1f, 0x00, 0x00, 0x00, 0x8b, 0x45, 0x0c, 0x50, 0xb8, 0x01, 0x00, 0x00,
	0x00, 0x50, 0x8b, 0x45, 0x08, 0x50, 0xb8, 0xf0, 0x00, 0x00, 0x00, 0x50,
	0xe8, 0x75, 0x00, 0x00, 0x00, 0x83, 0xc4, 0x10, 0x83, 0xf8, 0x00, 0xc9,
	0xc3, 0x55, 0x89, 0xe5, 0x81, 0xec, 0x00, 0x00, 0x00, 0x00, 0x8b, 0x45,
	0x10, 0x83, 0xf8, 0x00, 0x0f, 0x84, 0x08, 0x00, 0x00, 0x00, 0xb8, 0x80,
	0x00, 0x00, 0x00, 0x89, 0x45, 0x10, 0x8b, 0x45, 0x10, 0xb9, 0x00, 0x00,
	0x00, 0x00, 0x51, 0x8b, 0x4d, 0x0c, 0x51, 0x50, 0x8b, 0x45, 0x08, 0x50,
	0xb8, 0xf0, 0x00, 0x00, 0x00, 0x50, 0xe8, 0x54, 0x00, 0x00, 0x00, 0x83,
	0xc4, 0x14, 0x83, 0xf8, 0xda, 0x0f, 0x85, 0x25, 0x00, 0x00, 0x00, 0xb8,
	0x00, 0x00, 0x00, 0x00, 0x50, 0x8b, 0x45, 0x0c, 0x50, 0xb8, 0x00, 0x00,
	0x00, 0x00, 0x50, 0x8b, 0x45, 0x08, 0x50, 0xb8, 0xf0, 0x00, 0x00, 0x00,
	0x50, 0xe8, 0x29, 0x00, 0x00, 0x00, 0x83, 0xc4, 0x14, 0x83, 0xf8, 0x00,
	0xc9, 0xc3, 0x55, 0x89, 0xe5, 0x81, 0xec, 0x04, 0x00, 0x00, 0x00, 0x53,
	0x8b, 0x45, 0x08, 0x8b, 0x5d, 0x0c, 0x8b, 0x4d, 0x10, 0x8b, 0x55, 0x14,
	0xcd, 0x80, 0x89, 0x45, 0xfc, 0x5b, 0x8b, 0x45, 0xfc, 0xc9, 0xc3, 0x55,
	0x89, 0xe5, 0x81, 0xec, 0x04, 0x00, 0x00, 0x00, 0x53, 0x56, 0x8b, 0x45,
	0x08, 0x8b, 0x5d, 0x0c, 0x8b, 0x4d, 0x10, 0x8b, 0x55, 0x14, 0x8b, 0x75,
	0x18, 0xcd, 0x80, 0x89, 0x45, 0xfc, 0x5e, 0x5b, 0x8b, 0x45, 0xfc, 0xc9,
	0xc3, 0x00, 0x00, 0x00, 0x55, 0x89, 0xe5, 0x81, 0xec, 0x00, 0x00, 0x00,
	0x00, 0x8b, 0x45, 0x08, 0xc9, 0xc3, 0x55, 0x89, 0xe5, 0x81, 0xec, 0x00,
	0x00, 0x00, 0x00, 0x8b, 0x45, 0x08, 0x83, 0xc0, 0x3c, 0x8b, 0x08, 0x51,
	0xe8, 0xdb, 0xff, 0xff, 0xff, 0x83, 0xc4, 0x04, 0x50, 0xb8, 0x06, 0x00,
	0x00, 0x00, 0x50, 0xe8, 0x0e, 0x00, 0x00, 0x00, 0x83, 0xc4, 0x08, 0x50,
	0xe8, 0xb7, 0xfc, 0xff, 0xff, 0x83, 0xc4, 0x04, 0xc9, 0xc3, 0x55, 0x89,
	0xe5, 0x81, 0xec, 0x04, 0x00, 0x00, 0x00, 0x8b, 0x45, 0x08, 0x8b, 0x55,
	0x0c, 0x87, 0xda, 0xcd, 0x80, 0x87, 0xda, 0x89, 0x45, 0xfc, 0x8b, 0x45,
	0xfc, 0xc9, 0xc3, 0x00, 0x55, 0x89, 0xe5, 0x81, 0xec, 0x00, 0x00, 0x00,
	0x00, 0x8b, 0x45, 0x08, 0x83, 0xc0, 0x3c, 0x8b, 0x4d, 0x14, 0x51, 0x8b,
	0x4d, 0x0c, 0x8b, 0x55, 0x10, 0x52, 0x51, 0x8b, 0x08, 0x51, 0xe8, 0xc5,
	0x35, 0x00, 0x00, 0x83, 0xc4, 0x10, 0xc9, 0xc3, 0x55, 0x89, 0xe5, 0x81,
	0xec, 0x08, 0x00, 0x00, 0x00, 0x8b, 0x45, 0x08, 0x83, 0xc0, 0x24, 0xb9,
	0x24, 0x03, 0x05, 0x08, 0x89, 0x08, 0x8b, 0x45, 0x08, 0x8b, 0x08, 0x83,
	0xe1, 0x40, 0x83, 0xf9, 0x00, 0x0f, 0x85, 0x37, 0x00, 0x00, 0x00, 0x8b,
	0x45, 0x08, 0x83, 0xc0, 0x3c, 0x8d, 0x4d, 0xf8, 0x51, 0xb9, 0x13, 0x54,
	0x00, 0x00, 0x51, 0x8b, 0x08, 0x51, 0xb8, 0x36, 0x00, 0x00, 0x00, 0x50,
	0xe8, 0x2f, 0x00, 0x00, 0x00, 0x83, 0xc4, 0x10, 0x83, 0xf8, 0x00, 0x0f,
	0x84, 0x0d, 0x00, 0x00, 0x00, 0x8b, 0x45, 0x08, 0x83, 0xc0, 0x50, 0xb9,
	0xff, 0xff, 0xff, 0xff, 0x89, 0x08, 0x8b, 0x45, 0x10, 0x50, 0x8b, 0x45,
	0x0c, 0x50, 0x8b, 0x45, 0x08, 0x50, 0xe8, 0x35, 0x3a, 0x00, 0x00, 0x83,
	0xc4, 0x0c, 0xc9, 0xc3, 0x55, 0x89, 0xe5, 0x81, 0xec, 0x04, 0x00, 0x00,
	0x00, 0x53, 0x8b, 0x45, 0x08, 0x8b, 0x5d, 0x0c, 0x8b, 0x4d, 0x10, 0x8b,
	0x55, 0x14, 0xcd, 0x80, 0x89, 0x45, 0xfc, 0x5b, 0x8b, 0x45, 0xfc, 0xc9,
	0xc3, 0x00, 0x00, 0x00, 0x55, 0x89, 0xe5, 0x81, 0xec, 0x04, 0x00, 0x00,
	0x00, 0x8b, 0x45, 0x08, 0x83, 0xc0, 0x48, 0x8b, 0x4d, 0x08, 0x83, 0xc1,
	0x48, 0x8b, 0x11, 0x4a, 0x8b, 0x08, 0x09, 0xd1, 0x89, 0x08, 0x8b, 0x45,
	0x08, 0x8b, 0x08, 0x83, 0xe1, 0x08, 0x83, 0xf9, 0x00, 0x0f, 0x84, 0x14,
	0x00, 0x00, 0x00, 0x8b, 0x45, 0x08, 0x8b, 0x08, 0x83, 0xc9, 0x20, 0x89,
	0x08, 0xb8, 0xff, 0xff, 0xff, 0xff, 0xe9, 0x58, 0x00, 0x00, 0x00, 0x8b,
	0x45, 0x08, 0x83, 0xc0, 0x04, 0x8b, 0x4d, 0x08, 0x83, 0xc1, 0x08, 0xba,
	0x00, 0x00, 0x00, 0x00, 0x89, 0x11, 0x89, 0x10, 0x8b, 0x45, 0x08, 0x83,
	0xc0, 0x14, 0x8b, 0x4d, 0x08, 0x83, 0xc1, 0x1c, 0x8b, 0x55, 0x08, 0x83,
	0xc2, 0x2c, 0x89, 0x45, 0xfc, 0x8b, 0x02, 0x89, 0x01, 0x8b, 0x4d, 0xfc,
	0x89, 0x01, 0x8b, 0x45, 0x08, 0x83, 0xc0, 0x10, 0x8b, 0x4d, 0x08, 0x83,
	0xc1, 0x2c, 0x8b, 0x55, 0x08, 0x83, 0xc2, 0x30, 0x89, 0x45, 0xfc, 0x8b,
	0x02, 0x8b, 0x11, 0x01, 0xc2, 0x8b, 0x45, 0xfc, 0x89, 0x10, 0xb8, 0x00,
	0x00, 0x00, 0x00, 0xc9, 0xc3, 0x55, 0x89, 0xe5, 0x81, 0xec, 0x00, 0x00,
	0x00, 0x00, 0xe8, 0xf2, 0x38, 0x00, 0x00, 0xc9, 0xc3, 0x00, 0x00, 0x00,
	0x55, 0x89, 0xe5, 0x81, 0xec, 0x04, 0x00, 0x00, 0x00, 0xe9, 0x7c, 0x02,
	0x00, 0x00, 0x8b, 0x45, 0x08, 0x8b, 0x4d, 0x10, 0x8b, 0x11, 0x83, 0xc2,
	0x04, 0x89, 0x11, 0x83, 0xea, 0x04, 0x8b, 0x0a, 0x89, 0x08, 0xe9, 0x29,
	0x03, 0x00, 0x00, 0x8b, 0x45, 0x08, 0x8b, 0x4d, 0x10, 0x8b, 0x11, 0x83,
	0xc2, 0x04, 0x89, 0x11, 0x83, 0xea, 0x04, 0x8b, 0x0a, 0x89, 0xca, 0xc1,
	0xfa, 0x1f, 0x89, 0x08, 0x83, 0xc0, 0x04, 0x89, 0x10, 0xe9, 0x06, 0x03,
	0x00, 0x00, 0x8b, 0x45, 0x08, 0x8b, 0x4d, 0x10, 0x8b, 0x11, 0x83, 0xc2,
	0x04, 0x89, 0x11, 0x83, 0xea, 0x04, 0x8b, 0x0a, 0xba, 0x00, 0x00, 0x00,
	0x00, 0x89, 0x08, 0x83, 0xc0, 0x04, 0x89, 0x10, 0xe9, 0xe3, 0x02, 0x00,
	0x00, 0x8b, 0x45, 0x08, 0x8b, 0x4d, 0x10, 0x8b, 0x11, 0x83, 0xc2, 0x04,
	0x89, 0x11, 0x83, 0xea, 0x04, 0x8b, 0x0a, 0x89, 0xca, 0xc1, 0xfa, 0x1f,
	0x89, 0x08, 0x83, 0xc0, 0x04, 0x89, 0x10, 0xe9, 0xc0, 0x02, 0x00, 0x00,
	0x8b, 0x45, 0x08, 0x8b, 0x4d, 0x10, 0x8b, 0x11, 0x83, 0xc2, 0x04, 0x89,
	0x11, 0x83, 0xea, 0x04, 0x8b, 0x0a, 0xba, 0x00, 0x00, 0x00, 0x00, 0x89,
	0x08, 0x83, 0xc0, 0x04, 0x89, 0x10, 0xe9, 0x9d, 0x02, 0x00, 0x00, 0x8b,
	0x45, 0x08, 0x8b, 0x4d, 0x10, 0x8b, 0x11, 0x83, 0xc2, 0x08, 0x89, 0x11,
	0x83, 0xea, 0x08, 0x8b, 0x0a, 0x83, 0xc2, 0x04, 0x89, 0x45, 0xfc, 0x8b,
	0x02, 0x8b, 0x55, 0xfc, 0x89, 0x0a, 0x83, 0xc2, 0x04, 0x89, 0x02, 0xe9,
	0x74, 0x02, 0x00, 0x00, 0x8b, 0x45, 0x08, 0x8b, 0x4d, 0x10, 0x8b, 0x11,
	0x83, 0xc2, 0x04, 0x89, 0x11, 0x83, 0xea, 0x04, 0x0f, 0xbf, 0x0a, 0x89,
	0xca, 0xc1, 0xfa, 0x1f, 0x89, 0x08, 0x83, 0xc0, 0x04, 0x89, 0x10, 0xe9,
	0x50, 0x02, 0x00, 0x00, 0x8b, 0x45, 0x08, 0x8b, 0x4d, 0x10, 0x8b, 0x11,
	0x83, 0xc2, 0x04, 0x89, 0x11, 0x83, 0xea, 0x04, 0x0f, 0xb7, 0x0a, 0xba,
	0x00, 0x00, 0x00, 0x00, 0x89, 0x08, 0x83, 0xc0, 0x04, 0x89, 0x10, 0xe9,
	0x2c, 0x02, 0x00, 0x00, 0x8b, 0x45, 0x08, 0x8b, 0x4d, 0x10, 0x8b, 0x11,
	0x83, 0xc2, 0x04, 0x89, 0x11, 0x83, 0xea, 0x04, 0x0f, 0xbe, 0x0a, 0x89,
	0xca, 0xc1, 0xfa, 0x1f, 0x89, 0x08, 0x83, 0xc0, 0x04, 0x89, 0x10, 0xe9,
	0x08, 0x02, 0x00, 0x00, 0x8b, 0x45, 0x08, 0x8b, 0x4d, 0x10, 0x8b, 0x11,
	0x83, 0xc2, 0x04, 0x89, 0x11, 0x83, 0xea, 0x04, 0x0f, 0xb6, 0x0a, 0xba,
	0x00, 0x00, 0x00, 0x00, 0x89, 0x08, 0x83, 0xc0, 0x04, 0x89, 0x10, 0xe9,
	0xe4, 0x01, 0x00, 0x00, 0x8b, 0x45, 0x08, 0x8b, 0x4d, 0x10, 0x8b, 0x11,
	0x83, 0xc2, 0x08, 0x89, 0x11, 0x83, 0xea, 0x08, 0x8b, 0x0a, 0x83, 0xc2,
	0x04, 0x89, 0x45, 0xfc, 0x8b, 0x02, 0x8b, 0x55, 0xfc, 0x89, 0x0a, 0x83,
	0xc2, 0x04, 0x89, 0x02, 0xe9, 0xbb, 0x01, 0x00, 0x00, 0x8b, 0x45, 0x08,
	0x8b, 0x4d, 0x10, 0x8b, 0x11, 0x83, 0xc2, 0x04, 0x89, 0x11, 0x83, 0xea,
	0x04, 0x8b, 0x0a, 0xba, 0x00, 0x00, 0x00, 0x00, 0x89, 0x08, 0x83, 0xc0,
	0x04, 0x89, 0x10, 0xe9, 0x98, 0x01, 0x00, 0x00, 0x8b, 0x45, 0x08, 0x8b,
	0x4d, 0x10, 0x8b, 0x11, 0x83, 0xc2, 0x08, 0x89, 0x11, 0x83, 0xea, 0x08,
	0x8b, 0x0a, 0x83, 0xc2, 0x04, 0x89, 0x45, 0xfc, 0x8b, 0x02, 0x8b, 0x55,
	0xfc, 0x89, 0x0a, 0x83, 0xc2, 0x04, 0x89, 0x02, 0xe9, 0x6f, 0x01, 0x00,
	0x00, 0x8b, 0x45, 0x08, 0x8b, 0x4d, 0x10, 0x8b, 0x11, 0x83, 0xc2, 0x08,
	0x89, 0x11, 0x83, 0xea, 0x08, 0x8b, 0x0a, 0x83, 0xc2, 0x04, 0x89, 0x45,
	0xfc, 0x8b, 0x02, 0x8b, 0x55, 0xfc, 0x89, 0x0a, 0x83, 0xc2, 0x04, 0x89,
	0x02, 0xe9, 0x46, 0x01, 0x00, 0x00, 0x8b, 0x45, 0x08, 0x8b, 0x4d, 0x10,
	0x8b, 0x11, 0x83, 0xc2, 0x04, 0x89, 0x11, 0x83, 0xea, 0x04, 0x8b, 0x0a,
	0x89, 0xca, 0xc1, 0xfa, 0x1f, 0x89, 0x08, 0x83, 0xc0, 0x04, 0x89, 0x10,
	0xe9, 0x23, 0x01, 0x00, 0x00, 0x8b, 0x45, 0x08, 0x8b, 0x4d, 0x10, 0x8b,
	0x11, 0x83, 0xc2, 0x04, 0x89, 0x11, 0x83, 0xea, 0x04, 0x8b, 0x0a, 0xba,
	0x00, 0x00, 0x00, 0x00, 0x89, 0x08, 0x83, 0xc0, 0x04, 0x89, 0x10, 0xe9,
	0x00, 0x01, 0x00, 0x00, 0x8b, 0x45, 0x08, 0x8b, 0x4d, 0x10, 0x8b, 0x11,
	0x83, 0xc2, 0x08, 0x89, 0x11, 0x83, 0xea, 0x08, 0xdd, 0x02, 0xd9, 0xc0,
	0xdb, 0x38, 0xdd, 0xd8, 0xe9, 0xe3, 0x00, 0x00, 0x00, 0x8b, 0x45, 0x08,
	0x8b, 0x4d, 0x10, 0x8b, 0x11, 0x83, 0xc2, 0x0c, 0x89, 0x11, 0x83, 0xea,
	0x0c, 0xdb, 0x2a, 0xd9, 0xc0, 0xdb, 0x38, 0xdd, 0xd8, 0xe9, 0xc6, 0x00,
	0x00, 0x00, 0x8b, 0x45, 0x0c, 0x83, 0xf8, 0x12, 0x0f, 0x8f, 0x6d, 0x00,
	0x00, 0x00, 0x83, 0xf8, 0x12, 0x0f, 0x8d, 0xa9, 0xfe, 0xff, 0xff, 0x83,
	0xf8, 0x0d, 0x0f, 0x8f, 0x32, 0x00, 0x00, 0x00, 0x83, 0xf8, 0x0d, 0x0f,
	0x8d, 0xbc, 0xfd, 0xff, 0xff, 0x83, 0xf8, 0x09, 0x0f, 0x84, 0x54, 0xfd,
	0xff, 0xff, 0x83, 0xf8, 0x0a, 0x0f, 0x84, 0x64, 0xfd, 0xff, 0xff, 0x83,
	0xf8, 0x0b, 0x0f, 0x84, 0x7e, 0xfd, 0xff, 0xff, 0x83, 0xf8, 0x0c, 0x0f,
	0x84, 0xde, 0xfd, 0xff, 0xff, 0xe9, 0x76, 0x00, 0x00, 0x00, 0x83, 0xf8,
	0x0e, 0x0f, 0x84, 0xad, 0xfd, 0xff, 0xff, 0x83, 0xf8, 0x0f, 0x0f, 0x84,
	0xf0, 0xfd, 0xff, 0xff, 0x83, 0xf8, 0x10, 0x0f, 0x84, 0x0b, 0xfe, 0xff,
	0xff, 0x83, 0xf8, 0x11, 0x0f, 0x84, 0x26, 0xfe, 0xff, 0xff, 0xe9, 0x4d,
	0x00, 0x00, 0x00, 0x83, 0xf8, 0x13, 0x0f, 0x84, 0x60, 0xfe, 0xff, 0xff,
	0x83, 0xf8, 0x14, 0x0f, 0x84, 0x80, 0xfe, 0xff, 0xff, 0x83, 0xf8, 0x15,
	0x0f, 0x84, 0x9a, 0xfe, 0xff, 0xff, 0x83, 0xf8, 0x16, 0x0f, 0x84, 0xba,
	0xfe, 0xff, 0xff, 0x83, 0xf8, 0x17, 0x0f, 0x84, 0xda, 0xfe, 0xff, 0xff,
	0x83, 0xf8, 0x18, 0x0f, 0x84, 0xf4, 0xfe, 0xff, 0xff, 0x83, 0xf8, 0x19,
	0x0f, 0x84, 0x0e, 0xff, 0xff, 0xff, 0x83, 0xf8, 0x1a, 0x0f, 0x84, 0x22,
	0xff, 0xff, 0xff, 0xe9, 0x00, 0x00, 0x00, 0x00, 0xc9, 0xc3, 0x55, 0x89,
	0xe5, 0x81, 0xec, 0x00, 0x00, 0x00, 0x00, 0x8b, 0x45, 0x08, 0x8b, 0x08,
	0x83, 0xe1, 0x20, 0x83, 0xf9, 0x00, 0x0f, 0x85, 0x14, 0x00, 0x00, 0x00,
	0x8b, 0x45, 0x08, 0x50, 0x8b, 0x45, 0x10, 0x50, 0x8b, 0x45, 0x0c, 0x50,
	0xe8, 0x4f, 0xe9, 0xff, 0xff, 0x83, 0xc4, 0x0c, 0xc9, 0xc3, 0x55, 0x89,
	0xe5, 0x81, 0xec, 0x04, 0x01, 0x00, 0x00, 0x8b, 0x45, 0x18, 0x81, 0xe0,
	0x00, 0x20, 0x01, 0x00, 0x83, 0xf8, 0x00, 0x0f, 0x85, 0x0e, 0x00, 0x00,
	0x00, 0x8b, 0x45, 0x14, 0x8b, 0x4d, 0x10, 0x39, 0xc8, 0x0f, 0x8c, 0x05,
	0x00, 0x00, 0x00, 0xe9, 0xa1, 0x00, 0x00, 0x00, 0x8b, 0x45, 0x10, 0x8b,
	0x4d, 0x14, 0x29, 0xc8, 0x89, 0x45, 0x14, 0x0f, 0xbe, 0x45, 0x0c, 0x8b,
	0x4d, 0x14, 0x81, 0xf9, 0x00, 0x01, 0x00, 0x00, 0x89, 0x85, 0xfc, 0xfe,
	0xff, 0xff, 0x0f, 0x86, 0x05, 0x00, 0x00, 0x00, 0xe9, 0x08, 0x00, 0x00,
	0x00, 0x8b, 0x45, 0x14, 0xe9, 0x05, 0x00, 0x00, 0x00, 0xb8, 0x00, 0x01,
	0x00, 0x00, 0x50, 0x8b, 0x85, 0xfc, 0xfe, 0xff, 0xff, 0x50, 0x8d, 0x85,
	0x00, 0xff, 0xff, 0xff, 0x50, 0xe8, 0xb2, 0xed, 0xff, 0xff, 0x83, 0xc4,
	0x0c, 0x8b, 0x45, 0x14, 0x81, 0xf8, 0x00, 0x01, 0x00, 0x00, 0x0f, 0x82,
	0x2e, 0x00, 0x00, 0x00, 0xe9, 0x0e, 0x00, 0x00, 0x00, 0x8b, 0x45, 0x14,
	0x81, 0xe8, 0x00, 0x01, 0x00, 0x00, 0x89, 0x45, 0x14, 0xeb, 0xde, 0xb8,
	0x00, 0x01, 0x00, 0x00, 0x50, 0x8d, 0x85, 0x00, 0xff, 0xff, 0xff, 0x50,
	0x8b, 0x45, 0x08, 0x50, 0xe8, 0x1d, 0xff, 0xff, 0xff, 0x83, 0xc4, 0x0c,
	0xeb, 0xd7, 0x8b, 0x45, 0x14, 0x50, 0x8d, 0x85, 0x00, 0xff, 0xff, 0xff,
	0x50, 0x8b, 0x45, 0x08, 0x50, 0xe8, 0x04, 0xff, 0xff, 0xff, 0x83, 0xc4,
	0x0c, 0xc9, 0xc3, 0x55, 0x89, 0xe5, 0x81, 0xec, 0x00, 0x00, 0x00, 0x00,
	0x8b, 0x45, 0x0c, 0x83, 0xf8, 0x00, 0x0f, 0x85, 0x0c, 0x00, 0x00, 0x00,
	0x8b, 0x45, 0x08, 0x83, 0xf8, 0x00, 0x0f, 0x84, 0x45, 0x00, 0x00, 0x00,
	0xe9, 0x1b, 0x00, 0x00, 0x00, 0x8b, 0x45, 0x0c, 0x89, 0xc1, 0xc1, 0xe9,
	0x04, 0xc1, 0xe0, 0x1c, 0x8b, 0x55, 0x08, 0xc1, 0xea, 0x04, 0x09, 0xd0,
	0x89, 0x45, 0x08, 0x89, 0x4d, 0x0c, 0xeb, 0xc8, 0x8b, 0x45, 0x10, 0x48,
	0x89, 0x45, 0x10, 0x8b, 0x4d, 0x08, 0x83, 0xe1, 0x0f, 0xba, 0x00, 0x00,
	0x00, 0x00, 0xba, 0xa4, 0x28, 0x05, 0x08, 0x01, 0xca, 0x0f, 0xbe, 0x0a,
	0x8b, 0x55, 0x14, 0x09, 0xd1, 0x88, 0x08, 0xeb, 0xc0, 0x8b, 0x45, 0x10,
	0xc9, 0xc3, 0x55, 0x89, 0xe5, 0x81, 0xec, 0x00, 0x00, 0x00, 0x00, 0x8b,
	0x45, 0x0c, 0x83, 0xf8, 0x00, 0x0f, 0x85, 0x0c, 0x00, 0x00, 0x00, 0x8b,
	0x45, 0x08, 0x83, 0xf8, 0x00, 0x0f, 0x84, 0x3c, 0x00, 0x00, 0x00, 0xe9,
	0x1b, 0x00, 0x00, 0x00, 0x8b, 0x45, 0x0c, 0x89, 0xc1, 0xc1, 0xe9, 0x03,
	0xc1, 0xe0, 0x1d, 0x8b, 0x55, 0x08, 0xc1, 0xea, 0x03, 0x09, 0xd0, 0x89,
	0x45, 0x08, 0x89, 0x4d, 0x0c, 0xeb, 0xc8, 0x8b, 0x45, 0x10, 0x48, 0x89,
	0x45, 0x10, 0x8b, 0x4d, 0x08, 0x83, 0xe1, 0x07, 0xba, 0x00, 0x00, 0x00,
	0x00, 0x83, 0xc1, 0x30, 0x83, 0xd2, 0x00, 0x88, 0x08, 0xeb, 0xc9, 0x8b,
	0x45, 0x10, 0xc9, 0xc3, 0x55, 0x89, 0xe5, 0x81, 0xec, 0x08, 0x00, 0x00,
	0x00, 0x8b, 0x45, 0x0c, 0x83, 0xf8, 0x00, 0x0f, 0x82, 0x6e, 0x00, 0x00,
	0x00, 0x0f, 0x85, 0x0c, 0x00, 0x00, 0x00, 0x8b, 0x45, 0x08, 0x83, 0xf8,
	0xff, 0x0f, 0x86, 0x5c, 0x00, 0x00, 0x00, 0xe9, 0x24, 0x00, 0x00, 0x00,
	0xb8, 0x0a, 0x00, 0x00, 0x00, 0xb9, 0x00, 0x00, 0x00, 0x00, 0x51, 0x50,
	0x8b, 0x45, 0x08, 0x8b, 0x4d, 0x0c, 0x51, 0x50, 0xe8, 0x14, 0x3d, 0x00,
	0x00, 0x83, 0xc4, 0x10, 0x89, 0x45, 0x08, 0x89, 0x55, 0x0c, 0xeb, 0xb9,
	0x8b, 0x45, 0x10, 0x48, 0x89, 0x45, 0x10, 0xb9, 0x0a, 0x00, 0x00, 0x00,
	0xba, 0x00, 0x00, 0x00, 0x00, 0x52, 0x51, 0x8b, 0x4d, 0x08, 0x8b, 0x55,
	0x0c, 0x52, 0x51, 0x89, 0x45, 0xf8, 0xe8, 0x0f, 0x3d, 0x00, 0x00, 0x83,
	0xc4, 0x10, 0x83, 0xc0, 0x30, 0x83, 0xd2, 0x00, 0x8b, 0x4d, 0xf8, 0x88,
	0x01, 0xeb, 0xa9, 0x8b, 0x45, 0x08, 0x89, 0x45, 0xfc, 0x8b, 0x45, 0xfc,
	0x83, 0xf8, 0x00, 0x0f, 0x84, 0x36, 0x00, 0x00, 0x00, 0xe9, 0x11, 0x00,
	0x00, 0x00, 0x8b, 0x45, 0xfc, 0xb9, 0x0a, 0x00, 0x00, 0x00, 0x31, 0xd2,
	0xf7, 0xf1, 0x89, 0x45, 0xfc, 0xeb, 0xde, 0x8b, 0x45, 0x10, 0x48, 0x89,
	0x45, 0x10, 0x89, 0x45, 0xf8, 0x8b, 0x45, 0xfc, 0xb9, 0x0a, 0x00, 0x00,
	0x00, 0x31, 0xd2, 0xf7, 0xf1, 0x83, 0xc2, 0x30, 0x8b, 0x45, 0xf8, 0x88,
	0x10, 0xeb, 0xcf, 0x8b, 0x45, 0x10, 0xc9, 0xc3, 0x55, 0x89, 0xe5, 0x81,
	0xec, 0x7c, 0x1d, 0x00, 0x00, 0xb8, 0x00, 0x00, 0x00, 0x00, 0x89, 0x85,
	0x40, 0xe3, 0xff, 0xff, 0xb8, 0xb4, 0x28, 0x05, 0x08, 0x89, 0x85, 0x0c,
	0xe3, 0xff, 0xff, 0x8d, 0x85, 0x08, 0xe3, 0xff, 0xff, 0x89, 0x85, 0xf8,
	0xe2, 0xff, 0xff, 0xb8, 0x01, 0x00, 0x00, 0x00, 0x89, 0x85, 0x08, 0xe3,
	0xff, 0xff, 0xdb, 0x6d, 0x0c, 0x81, 0xec, 0x0c, 0x00, 0x00, 0x00, 0xdb,
	0x7c, 0x24, 0x00, 0xe8, 0xbc, 0x30, 0x00, 0x00, 0x83, 0xc4, 0x0c, 0x83,
	0xf8, 0x00, 0x0f, 0x84, 0x17, 0x00, 0x00, 0x00, 0xdb, 0x2d, 0xc8, 0x28,
	0x05, 0x08, 0xdb, 0x6d, 0x0c, 0xde, 0xe9, 0xd9, 0xc0, 0xdb, 0x7d, 0x0c,
	0xdd, 0xd8, 0xe9, 0x63, 0x00, 0x00, 0x00, 0x8b, 0x45, 0x20, 0x81, 0xe0,
	0x00, 0x08, 0x00, 0x00, 0x83, 0xf8, 0x00, 0x0f, 0x84, 0x14, 0x00, 0x00,
	0x00, 0x8b, 0x85, 0x0c, 0xe3, 0xff, 0xff, 0x83, 0xc0, 0x03, 0x89, 0x85,
	0x0c, 0xe3, 0xff, 0xff, 0xe9, 0x3d, 0x00, 0x00, 0x00, 0x8b, 0x45, 0x20,
	0x83, 0xe0, 0x01, 0x83, 0xf8, 0x00, 0x0f, 0x84, 0x14, 0x00, 0x00, 0x00,
	0x8b, 0x85, 0x0c, 0xe3, 0xff, 0xff, 0x83, 0xc0, 0x06, 0x89, 0x85, 0x0c,
	0xe3, 0xff, 0xff, 0xe9, 0x1a, 0x00, 0x00, 0x00, 0x8b, 0x85, 0x0c, 0xe3,
	0xff, 0xff, 0x89, 0xc1, 0x40, 0x89, 0x85, 0x0c, 0xe3, 0xff, 0xff, 0xb8,
	0x00, 0x00, 0x00, 0x00, 0x89, 0x85, 0x08, 0xe3, 0xff, 0xff, 0xdb, 0x6d,
	0x0c, 0x81, 0xec, 0x0c, 0x00, 0x00, 0x00, 0xdb, 0x7c, 0x24, 0x00, 0xe8,
	0x28, 0x2f, 0x00, 0x00, 0x83, 0xc4, 0x0c, 0x83, 0xf8, 0x01, 0x0f, 0x8f,
	0x1e, 0x01, 0x00, 0x00, 0x8b, 0x45, 0x24, 0x83, 0xe0, 0x20, 0x83, 0xf8,
	0x00, 0x0f, 0x84, 0x05, 0x00, 0x00, 0x00, 0xe9, 0x0a, 0x00, 0x00, 0x00,
	0xb8, 0xd8, 0x28, 0x05, 0x08, 0xe9, 0x05, 0x00, 0x00, 0x00, 0xb8, 0xd4,
	0x28, 0x05, 0x08, 0x89, 0x85, 0xf0, 0xe2, 0xff, 0xff, 0xdb, 0x6d, 0x0c,
	0xdb, 0x6d, 0x0c, 0xda, 0xe9, 0xdf, 0xe0, 0x80, 0xe4, 0x45, 0x80, 0xf4,
	0x40, 0x0f, 0x84, 0x29, 0x00, 0x00, 0x00, 0x8b, 0x45, 0x24, 0x83, 0xe0,
	0x20, 0x83, 0xf8, 0x00, 0x0f, 0x84, 0x05, 0x00, 0x00, 0x00, 0xe9, 0x0a,
	0x00, 0x00, 0x00, 0xb8, 0xe0, 0x28, 0x05, 0x08, 0xe9, 0x05, 0x00, 0x00,
	0x00, 0xb8, 0xdc, 0x28, 0x05, 0x08, 0x89, 0x85, 0xf0, 0xe2, 0xff, 0xff,
	0x8b, 0x85, 0x08, 0xe3, 0xff, 0xff, 0x83, 0xc0, 0x03, 0x8b, 0x4d, 0x20,
	0x81, 0xe1, 0xff, 0xff, 0xfe, 0xff, 0x51, 0x50, 0x8b, 0x45, 0x18, 0x50,
	0xb8, 0x20, 0x00, 0x00, 0x00, 0x50, 0x8b, 0x45, 0x08, 0x50, 0xe8, 0x17,
	0xfc, 0xff, 0xff, 0x83, 0xc4, 0x14, 0x8b, 0x85, 0x08, 0xe3, 0xff, 0xff,
	0x50, 0x8b, 0x85, 0x0c, 0xe3, 0xff, 0xff, 0x50, 0x8b, 0x45, 0x08, 0x50,
	0xe8, 0xcd, 0xfb, 0xff, 0xff, 0x83, 0xc4, 0x0c, 0xb8, 0x03, 0x00, 0x00,
	0x00, 0x50, 0x8b, 0x85, 0xf0, 0xe2, 0xff, 0xff, 0x50, 0x8b, 0x45, 0x08,
	0x50, 0xe8, 0xb4, 0xfb, 0xff, 0xff, 0x83, 0xc4, 0x0c, 0x8b, 0x85, 0x08,
	0xe3, 0xff, 0xff, 0x83, 0xc0, 0x03, 0x8b, 0x4d, 0x20, 0x81, 0xf1, 0x00,
	0x20, 0x00, 0x00, 0x51, 0x50, 0x8b, 0x45, 0x18, 0x50, 0xb8, 0x20, 0x00,
	0x00, 0x00, 0x50, 0x8b, 0x45, 0x08, 0x50, 0xe8, 0xba, 0xfb, 0xff, 0xff,
	0x83, 0xc4, 0x14, 0x8b, 0x85, 0x08, 0xe3, 0xff, 0xff, 0x83, 0xc0, 0x03,
	0x8b, 0x4d, 0x18, 0x39, 0xc1, 0x0f, 0x8e, 0x05, 0x00, 0x00, 0x00, 0xe9,
	0x0e, 0x00, 0x00, 0x00, 0x8b, 0x85, 0x08, 0xe3, 0xff, 0xff, 0x83, 0xc0,
	0x03, 0xe9, 0x03, 0x00, 0x00, 0x00, 0x8b, 0x45, 0x18, 0xe9, 0x57, 0x19,
	0x00, 0x00, 0x8d, 0x85, 0x40, 0xe3, 0xff, 0xff, 0x50, 0xdb, 0x6d, 0x0c,
	0x81, 0xec, 0x0c, 0x00, 0x00, 0x00, 0xdb, 0x7c, 0x24, 0x00, 0xe8, 0xfd,
	0x2e, 0x00, 0x00, 0x83, 0xc4, 0x10, 0xd9, 0xc0, 0xdb, 0xbd, 0xe4, 0xe2,
	0xff, 0xff, 0xdd, 0xd8, 0xdb, 0x2d, 0xe4, 0x28, 0x05, 0x08, 0xdb, 0xad,
	0xe4, 0xe2, 0xff, 0xff, 0xde, 0xc9, 0xd9, 0xc0, 0xdb, 0x7d, 0x0c, 0xdd,
	0xd8, 0xdb, 0x2d, 0xf0, 0x28, 0x05, 0x08, 0xdb, 0x6d, 0x0c, 0xda, 0xe9,
	0xdf, 0xe0, 0x80, 0xe4, 0x45, 0x80, 0xf4, 0x40, 0x0f, 0x84, 0x0f, 0x00,
	0x00, 0x00, 0x8b, 0x85, 0x40, 0xe3, 0xff, 0xff, 0x89, 0xc1, 0x48, 0x89,
	0x85, 0x40, 0xe3, 0xff, 0xff, 0x8b, 0x45, 0x24, 0x83, 0xc8, 0x20, 0x83,
	0xf8, 0x61, 0x0f, 0x85, 0x1d, 0x05, 0x00, 0x00, 0xdb, 0x2d, 0xfc, 0x28,
	0x05, 0x08, 0xd9, 0xc0, 0xdb, 0xbd, 0xd8, 0xe2, 0xff, 0xff, 0xdd, 0xd8,
	0x8b, 0x45, 0x24, 0x83, 0xe0, 0x20, 0x83, 0xf8, 0x00, 0x0f, 0x84, 0x0f,
	0x00, 0x00, 0x00, 0x8b, 0x85, 0x0c, 0xe3, 0xff, 0xff, 0x83, 0xc0, 0x09,
	0x89, 0x85, 0x0c, 0xe3, 0xff, 0xff, 0x8b, 0x85, 0x08, 0xe3, 0xff, 0xff,
	0x83, 0xc0, 0x02, 0x89, 0x85, 0x08, 0xe3, 0xff, 0xff, 0x8b, 0x45, 0x1c,
	0x83, 0xf8, 0x00, 0x0f, 0x8c, 0x0c, 0x00, 0x00, 0x00, 0x8b, 0x45, 0x1c,
	0x83, 0xf8, 0x0f, 0x0f, 0x8c, 0x10, 0x00, 0x00, 0x00, 0xb8, 0x00, 0x00,
	0x00, 0x00, 0x89, 0x85, 0xd4, 0xe2, 0xff, 0xff, 0xe9, 0x10, 0x00, 0x00,
	0x00, 0xb8, 0x0f, 0x00, 0x00, 0x00, 0x8b, 0x4d, 0x1c, 0x29, 0xc8, 0x89,
	0x85, 0xd4, 0xe2, 0xff, 0xff, 0x8b, 0x85, 0xd4, 0xe2, 0xff, 0xff, 0x83,
	0xf8, 0x00, 0x0f, 0x84, 0xcd, 0x00, 0x00, 0x00, 0xdb, 0x2d, 0x08, 0x29,
	0x05, 0x08, 0xdb, 0xad, 0xd8, 0xe2, 0xff, 0xff, 0xde, 0xc9, 0xd9, 0xc0,
	0xdb, 0xbd, 0xd8, 0xe2, 0xff, 0xff, 0xdd, 0xd8, 0x8b, 0x85, 0xd4, 0xe2,
	0xff, 0xff, 0x89, 0xc1, 0x48, 0x89, 0x85, 0xd4, 0xe2, 0xff, 0xff, 0x83,
	0xf9, 0x00, 0x0f, 0x84, 0x1a, 0x00, 0x00, 0x00, 0xdb, 0x2d, 0x14, 0x29,
	0x05, 0x08, 0xdb, 0xad, 0xd8, 0xe2, 0xff, 0xff, 0xde, 0xc9, 0xd9, 0xc0,
	0xdb, 0xbd, 0xd8, 0xe2, 0xff, 0xff, 0xdd, 0xd8, 0xeb, 0xce, 0x8b, 0x85,
	0x0c, 0xe3, 0xff, 0xff, 0x0f, 0xbe, 0x08, 0x83, 0xf9, 0x2d, 0x0f, 0x85,
	0x4d, 0x00, 0x00, 0x00, 0xdb, 0x2d, 0x20, 0x29, 0x05, 0x08, 0xdb, 0x6d,
	0x0c, 0xde, 0xe9, 0xd9, 0xc0, 0xdb, 0x7d, 0x0c, 0xdd, 0xd8, 0xdb, 0x6d,
	0x0c, 0xdb, 0xad, 0xd8, 0xe2, 0xff, 0xff, 0xde, 0xe9, 0xd9, 0xc0, 0xdb,
	0x7d, 0x0c, 0xdd, 0xd8, 0xdb, 0x6d, 0x0c, 0xdb, 0xad, 0xd8, 0xe2, 0xff,
	0xff, 0xde, 0xc1, 0xd9, 0xc0, 0xdb, 0x7d, 0x0c, 0xdd, 0xd8, 0xdb, 0x2d,
	0x2c, 0x29, 0x05, 0x08, 0xdb, 0x6d, 0x0c, 0xde, 0xe9, 0xd9, 0xc0, 0xdb,
	0x7d, 0x0c, 0xdd, 0xd8, 0xe9, 0x24, 0x00, 0x00, 0x00, 0xdb, 0x6d, 0x0c,
	0xdb, 0xad, 0xd8, 0xe2, 0xff, 0xff, 0xde, 0xc1, 0xd9, 0xc0, 0xdb, 0x7d,
	0x0c, 0xdd, 0xd8, 0xdb, 0x6d, 0x0c, 0xdb, 0xad, 0xd8, 0xe2, 0xff, 0xff,
	0xde, 0xe9, 0xd9, 0xc0, 0xdb, 0x7d, 0x0c, 0xdd, 0xd8, 0x8b, 0x85, 0x40,
	0xe3, 0xff, 0xff, 0x83, 0xf8, 0x00, 0x0f, 0x8d, 0x12, 0x00, 0x00, 0x00,
	0xb8, 0x00, 0x00, 0x00, 0x00, 0x8b, 0x8d, 0x40, 0xe3, 0xff, 0xff, 0x29,
	0xc8, 0xe9, 0x0b, 0x00, 0x00, 0x00, 0x8b, 0x85, 0x40, 0xe3, 0xff, 0xff,
	0xe9, 0x00, 0x00, 0x00, 0x00, 0x89, 0xc1, 0xc1, 0xf9, 0x1f, 0x8b, 0x95,
	0xf8, 0xe2, 0xff, 0xff, 0x52, 0x51, 0x50, 0xe8, 0x24, 0xfb, 0xff, 0xff,
	0x83, 0xc4, 0x0c, 0x89, 0x85, 0xf4, 0xe2, 0xff, 0xff, 0x8b, 0x85, 0xf4,
	0xe2, 0xff, 0xff, 0x8b, 0x8d, 0xf8, 0xe2, 0xff, 0xff, 0x39, 0xc8, 0x0f,
	0x85, 0x14, 0x00, 0x00, 0x00, 0x8b, 0x85, 0xf4, 0xe2, 0xff, 0xff, 0x48,
	0x89, 0x85, 0xf4, 0xe2, 0xff, 0xff, 0xb9, 0x30, 0x00, 0x00, 0x00, 0x88,
	0x08, 0x8b, 0x85, 0xf4, 0xe2, 0xff, 0xff, 0x48, 0x89, 0x85, 0xf4, 0xe2,
	0xff, 0xff, 0x8b, 0x8d, 0x40, 0xe3, 0xff, 0xff, 0x83, 0xf9, 0x00, 0x89,
	0x85, 0xe4, 0xe2, 0xff, 0xff, 0x0f, 0x8d, 0x05, 0x00, 0x00, 0x00, 0xe9,
	0x0a, 0x00, 0x00, 0x00, 0xb8, 0x2b, 0x00, 0x00, 0x00, 0xe9, 0x05, 0x00,
	0x00, 0x00, 0xb8, 0x2d, 0x00, 0x00, 0x00, 0x8b, 0x8d, 0xe4, 0xe2, 0xff,
	0xff, 0x88, 0x01, 0x8b, 0x85, 0xf4, 0xe2, 0xff, 0xff, 0x48, 0x89, 0x85,
	0xf4, 0xe2, 0xff, 0xff, 0x8b, 0x4d, 0x24, 0x83, 0xc1, 0x0f, 0x88, 0x08,
	0x8d, 0x85, 0x17, 0xe3, 0xff, 0xff, 0x89, 0x85, 0x10, 0xe3, 0xff, 0xff,
	0xdb, 0x6d, 0x0c, 0x81, 0xec, 0x0c, 0x00, 0x00, 0x00, 0xdb, 0x7c, 0x24,
	0x00, 0xe8, 0x64, 0x3e, 0x00, 0x00, 0x83, 0xc4, 0x0c, 0x89, 0x85, 0xd0,
	0xe2, 0xff, 0xff, 0x8b, 0x85, 0x10, 0xe3, 0xff, 0xff, 0x89, 0xc1, 0x40,
	0x89, 0x85, 0x10, 0xe3, 0xff, 0xff, 0x8b, 0x85, 0xd0, 0xe2, 0xff, 0xff,
	0xba, 0xa4, 0x28, 0x05, 0x08, 0x01, 0xc2, 0x8b, 0x45, 0x24, 0x83, 0xe0,
	0x20, 0x89, 0x8d, 0xe4, 0xe2, 0xff, 0xff, 0x0f, 0xbe, 0x0a, 0x09, 0xc1,
	0x8b, 0x85, 0xe4, 0xe2, 0xff, 0xff, 0x88, 0x08, 0x8b, 0x85, 0xd0, 0xe2,
	0xff, 0xff, 0x50, 0xdb, 0x04, 0x24, 0x83, 0xc4, 0x04, 0xdb, 0x6d, 0x0c,
	0xde, 0xe1, 0xd9, 0xc0, 0xdb, 0xbd, 0xe4, 0xe2, 0xff, 0xff, 0xdd, 0xd8,
	0xdb, 0x2d, 0x38, 0x29, 0x05, 0x08, 0xdb, 0xad, 0xe4, 0xe2, 0xff, 0xff,
	0xde, 0xc9, 0xd9, 0xc0, 0xdb, 0x7d, 0x0c, 0xdd, 0xd8, 0x8b, 0x85, 0x10,
	0xe3, 0xff, 0xff, 0x8d, 0x8d, 0x17, 0xe3, 0xff, 0xff, 0x29, 0xc8, 0x83,
	0xf8, 0x01, 0x0f, 0x85, 0x4a, 0x00, 0x00, 0x00, 0xdb, 0x2d, 0x44, 0x29,
	0x05, 0x08, 0xdb, 0x6d, 0x0c, 0xda, 0xe9, 0xdf, 0xe0, 0x80, 0xe4, 0x45,
	0x80, 0xf4, 0x40, 0x0f, 0x85, 0x1b, 0x00, 0x00, 0x00, 0x8b, 0x45, 0x1c,
	0x83, 0xf8, 0x00, 0x0f, 0x8f, 0x0f, 0x00, 0x00, 0x00, 0x8b, 0x45, 0x20,
	0x83, 0xe0, 0x08, 0x83, 0xf8, 0x00, 0x0f, 0x84, 0x16, 0x00, 0x00, 0x00,
	0x8b, 0x85, 0x10, 0xe3, 0xff, 0xff, 0x89, 0xc1, 0x40, 0x89, 0x85, 0x10,
	0xe3, 0xff, 0xff, 0xb8, 0x2e, 0x00, 0x00, 0x00, 0x88, 0x01, 0xdb, 0x2d,
	0x50, 0x29, 0x05, 0x08, 0xdb, 0x6d, 0x0c, 0xda, 0xe9, 0xdf, 0xe0, 0x80,
	0xe4, 0x45, 0x80, 0xf4, 0x40, 0x0f, 0x85, 0x05, 0xff, 0xff, 0xff, 0x8b,
	0x85, 0xf8, 0xe2, 0xff, 0xff, 0x8b, 0x8d, 0xf4, 0xe2, 0xff, 0xff, 0x29,
	0xc8, 0xb9, 0xfd, 0xff, 0xff, 0x7f, 0x29, 0xc1, 0x8b, 0x85, 0x08, 0xe3,
	0xff, 0xff, 0x29, 0xc1, 0x8b, 0x45, 0x1c, 0x39, 0xc8, 0x0f, 0x8e, 0x0a,
	0x00, 0x00, 0x00, 0xb8, 0xff, 0xff, 0xff, 0xff, 0xe9, 0x98, 0x15, 0x00,
	0x00, 0x8b, 0x45, 0x1c, 0x83, 0xf8, 0x00, 0x0f, 0x84, 0x3d, 0x00, 0x00,
	0x00, 0x8b, 0x85, 0x10, 0xe3, 0xff, 0xff, 0x8d, 0x8d, 0x17, 0xe3, 0xff,
	0xff, 0x29, 0xc8, 0x83, 0xe8, 0x02, 0x8b, 0x4d, 0x1c, 0x39, 0xc8, 0x0f,
	0x8d, 0x21, 0x00, 0x00, 0x00, 0x8b, 0x45, 0x1c, 0x83, 0xc0, 0x02, 0x8b,
	0x8d, 0xf8, 0xe2, 0xff, 0xff, 0x8b, 0x95, 0xf4, 0xe2, 0xff, 0xff, 0x29,
	0xd1, 0x01, 0xc8, 0x89, 0x85, 0x30, 0xe3, 0xff, 0xff, 0xe9, 0x24, 0x00,
	0x00, 0x00, 0x8b, 0x85, 0x10, 0xe3, 0xff, 0xff, 0x8d, 0x8d, 0x17, 0xe3,
	0xff, 0xff, 0x29, 0xc8, 0x8b, 0x8d, 0xf8, 0xe2, 0xff, 0xff, 0x8b, 0x95,
	0xf4, 0xe2, 0xff, 0xff, 0x29, 0xd1, 0x01, 0xc8, 0x89, 0x85, 0x30, 0xe3,
	0xff, 0xff, 0x8b, 0x85, 0x08, 0xe3, 0xff, 0xff, 0x8b, 0x8d, 0x30, 0xe3,
	0xff, 0xff, 0x01, 0xc8, 0x8b, 0x4d, 0x20, 0x51, 0x50, 0x8b, 0x45, 0x18,
	0x50, 0xb8, 0x20, 0x00, 0x00, 0x00, 0x50, 0x8b, 0x45, 0x08, 0x50, 0xe8,
	0x36, 0xf7, 0xff, 0xff, 0x83, 0xc4, 0x14, 0x8b, 0x85, 0x08, 0xe3, 0xff,
	0xff, 0x50, 0x8b, 0x85, 0x0c, 0xe3, 0xff, 0xff, 0x50, 0x8b, 0x45, 0x08,
	0x50, 0xe8, 0xec, 0xf6, 0xff, 0xff, 0x83, 0xc4, 0x0c, 0x8b, 0x85, 0x08,
	0xe3, 0xff, 0xff, 0x8b, 0x8d, 0x30, 0xe3, 0xff, 0xff, 0x01, 0xc8, 0x8b,
	0x4d, 0x20, 0x81, 0xf1, 0x00, 0x00, 0x01, 0x00, 0x51, 0x50, 0x8b, 0x45,
	0x18, 0x50, 0xb8, 0x30, 0x00, 0x00, 0x00, 0x50, 0x8b, 0x45, 0x08, 0x50,
	0xe8, 0xed, 0xf6, 0xff, 0xff, 0x83, 0xc4, 0x14, 0x8b, 0x85, 0x10, 0xe3,
	0xff, 0xff, 0x8d, 0x8d, 0x17, 0xe3, 0xff, 0xff, 0x29, 0xc8, 0x50, 0x8d,
	0x85, 0x17, 0xe3, 0xff, 0xff, 0x50, 0x8b, 0x45, 0x08, 0x50, 0xe8, 0x9b,
	0xf6, 0xff, 0xff, 0x83, 0xc4, 0x0c, 0x8b, 0x85, 0xf8, 0xe2, 0xff, 0xff,
	0x8b, 0x8d, 0xf4, 0xe2, 0xff, 0xff, 0x29, 0xc8, 0x8b, 0x8d, 0x30, 0xe3,
	0xff, 0xff, 0x29, 0xc1, 0x8b, 0x85, 0x10, 0xe3, 0xff, 0xff, 0x8d, 0x95,
	0x17, 0xe3, 0xff, 0xff, 0x29, 0xd0, 0x29, 0xc1, 0xb8, 0x00, 0x00, 0x00,
	0x00, 0x50, 0xb8, 0x00, 0x00, 0x00, 0x00, 0x50, 0x51, 0xb8, 0x30, 0x00,
	0x00, 0x00, 0x50, 0x8b, 0x45, 0x08, 0x50, 0xe8, 0x86, 0xf6, 0xff, 0xff,
	0x83, 0xc4, 0x14, 0x8b, 0x85, 0xf8, 0xe2, 0xff, 0xff, 0x8b, 0x8d, 0xf4,
	0xe2, 0xff, 0xff, 0x29, 0xc8, 0x50, 0x8b, 0x85, 0xf4, 0xe2, 0xff, 0xff,
	0x50, 0x8b, 0x45, 0x08, 0x50, 0xe8, 0x34, 0xf6, 0xff, 0xff, 0x83, 0xc4,
	0x0c, 0x8b, 0x85, 0x08, 0xe3, 0xff, 0xff, 0x8b, 0x8d, 0x30, 0xe3, 0xff,
	0xff, 0x01, 0xc8, 0x8b, 0x4d, 0x20, 0x81, 0xf1, 0x00, 0x20, 0x00, 0x00,
	0x51, 0x50, 0x8b, 0x45, 0x18, 0x50, 0xb8, 0x20, 0x00, 0x00, 0x00, 0x50,
	0x8b, 0x45, 0x08, 0x50, 0xe8, 0x35, 0xf6, 0xff, 0xff, 0x83, 0xc4, 0x14,
	0x8b, 0x85, 0x08, 0xe3, 0xff, 0xff, 0x8b, 0x8d, 0x30, 0xe3, 0xff, 0xff,
	0x01, 0xc8, 0x8b, 0x4d, 0x18, 0x39, 0xc1, 0x0f, 0x8e, 0x05, 0x00, 0x00,
	0x00, 0xe9, 0x13, 0x00, 0x00, 0x00, 0x8b, 0x85, 0x08, 0xe3, 0xff, 0xff,
	0x8b, 0x8d, 0x30, 0xe3, 0xff, 0xff, 0x01, 0xc8, 0xe9, 0x03, 0x00, 0x00,
	0x00, 0x8b, 0x45, 0x18, 0xe9, 0xc8, 0x13, 0x00, 0x00, 0x8b, 0x45, 0x1c,
	0x83, 0xf8, 0x00, 0x0f, 0x8d, 0x08, 0x00, 0x00, 0x00, 0xb8, 0x06, 0x00,
	0x00, 0x00, 0x89, 0x45, 0x1c, 0xdb, 0x2d, 0x5c, 0x29, 0x05, 0x08, 0xdb,
	0x6d, 0x0c, 0xda, 0xe9, 0xdf, 0xe0, 0x80, 0xe4, 0x45, 0x80, 0xf4, 0x40,
	0x0f, 0x84, 0x21, 0x00, 0x00, 0x00, 0xdb, 0x2d, 0x68, 0x29, 0x05, 0x08,
	0xdb, 0x6d, 0x0c, 0xde, 0xc9, 0xd9, 0xc0, 0xdb, 0x7d, 0x0c, 0xdd, 0xd8,
	0x8b, 0x85, 0x40, 0xe3, 0xff, 0xff, 0x83, 0xe8, 0x1c, 0x89, 0x85, 0x40,
	0xe3, 0xff, 0xff, 0x8b, 0x85, 0x40, 0xe3, 0xff, 0xff, 0x83, 0xf8, 0x00,
	0x0f, 0x8d, 0x1d, 0x00, 0x00, 0x00, 0x8d, 0x85, 0x54, 0xe3, 0xff, 0xff,
	0x89, 0x85, 0x44, 0xe3, 0xff, 0xff, 0x89, 0x85, 0x48, 0xe3, 0xff, 0xff,
	0x89, 0x85, 0x50, 0xe3, 0xff, 0xff, 0xe9, 0x18, 0x00, 0x00, 0x00, 0x8d,
	0x85, 0xfc, 0xfe, 0xff, 0xff, 0x89, 0x85, 0x44, 0xe3, 0xff, 0xff, 0x89,
	0x85, 0x48, 0xe3, 0xff, 0xff, 0x89, 0x85, 0x50, 0xe3, 0xff, 0xff, 0x8b,
	0x85, 0x44, 0xe3, 0xff, 0xff, 0xdb, 0x6d, 0x0c, 0x81, 0xec, 0x0c, 0x00,
	0x00, 0x00, 0xdb, 0x7c, 0x24, 0x00, 0x89, 0x85, 0xe4, 0xe2, 0xff, 0xff,
	0xe8, 0xc9, 0x3a, 0x00, 0x00, 0x83, 0xc4, 0x0c, 0x8b, 0x8d, 0xe4, 0xe2,
	0xff, 0xff, 0x89, 0x01, 0x8b, 0x85, 0x44, 0xe3, 0xff, 0xff, 0x89, 0xc1,
	0x83, 0xc0, 0x04, 0x89, 0x85, 0x44, 0xe3, 0xff, 0xff, 0x8b, 0x01, 0x6a,
	0x00, 0x50, 0xdf, 0x2c, 0x24, 0x83, 0xc4, 0x08, 0xdb, 0x6d, 0x0c, 0xde,
	0xe1, 0xd9, 0xc0, 0xdb, 0xbd, 0xe4, 0xe2, 0xff, 0xff, 0xdd, 0xd8, 0xdb,
	0x2d, 0x74, 0x29, 0x05, 0x08, 0xdb, 0xad, 0xe4, 0xe2, 0xff, 0xff, 0xde,
	0xc9, 0xd9, 0xc0, 0xdb, 0x7d, 0x0c, 0xdd, 0xd8, 0xdb, 0x2d, 0x80, 0x29,
	0x05, 0x08, 0xdb, 0x6d, 0x0c, 0xda, 0xe9, 0xdf, 0xe0, 0x80, 0xe4, 0x45,
	0x80, 0xf4, 0x40, 0x0f, 0x85, 0x7e, 0xff, 0xff, 0xff, 0x8b, 0x85, 0x40,
	0xe3, 0xff, 0xff, 0x83, 0xf8, 0x00, 0x0f, 0x8e, 0xa2, 0x01, 0x00, 0x00,
	0xb8, 0x00, 0x00, 0x00, 0x00, 0x89, 0x85, 0xcc, 0xe2, 0xff, 0xff, 0xb8,
	0x1d, 0x00, 0x00, 0x00, 0x8b, 0x8d, 0x40, 0xe3, 0xff, 0xff, 0x39, 0xc8,
	0x0f, 0x8d, 0x05, 0x00, 0x00, 0x00, 0xe9, 0x0b, 0x00, 0x00, 0x00, 0x8b,
	0x85, 0x40, 0xe3, 0xff, 0xff, 0xe9, 0x05, 0x00, 0x00, 0x00, 0xb8, 0x1d,
	0x00, 0x00, 0x00, 0x89, 0x85, 0xc8, 0xe2, 0xff, 0xff, 0x8b, 0x85, 0x44,
	0xe3, 0xff, 0xff, 0x83, 0xe8, 0x04, 0x89, 0x85, 0x4c, 0xe3, 0xff, 0xff,
	0x8b, 0x85, 0x4c, 0xe3, 0xff, 0xff, 0x8b, 0x8d, 0x50, 0xe3, 0xff, 0xff,
	0x39, 0xc8, 0x0f, 0x82, 0xcc, 0x00, 0x00, 0x00, 0xe9, 0x13, 0x00, 0x00,
	0x00, 0x8b, 0x85, 0x4c, 0xe3, 0xff, 0xff, 0x89, 0xc1, 0x83, 0xc0, 0xfc,
	0x89, 0x85, 0x4c, 0xe3, 0xff, 0xff, 0xeb, 0xd4, 0x8b, 0x85, 0x4c, 0xe3,
	0xff, 0xff, 0x8b, 0x08, 0xb8, 0x00, 0x00, 0x00, 0x00, 0x8b, 0x95, 0xc8,
	0xe2, 0xff, 0xff, 0x52, 0x50, 0x51, 0xe8, 0x93, 0x34, 0x00, 0x00, 0x83,
	0xc4, 0x0c, 0x8b, 0x8d, 0xcc, 0xe2, 0xff, 0xff, 0x89, 0x85, 0xe4, 0xe2,
	0xff, 0xff, 0x89, 0x95, 0xe8, 0xe2, 0xff, 0xff, 0xba, 0x00, 0x00, 0x00,
	0x00, 0x8b, 0x85, 0xe4, 0xe2, 0xff, 0xff, 0x01, 0xc8, 0x8b, 0x8d, 0xe8,
	0xe2, 0xff, 0xff, 0x11, 0xd1, 0x89, 0x85, 0xc0, 0xe2, 0xff, 0xff, 0x89,
	0x8d, 0xc4, 0xe2, 0xff, 0xff, 0x8b, 0x85, 0x4c, 0xe3, 0xff, 0xff, 0xb9,
	0x00, 0xca, 0x9a, 0x3b, 0xba, 0x00, 0x00, 0x00, 0x00, 0x52, 0x51, 0x8b,
	0x8d, 0xc0, 0xe2, 0xff, 0xff, 0x8b, 0x95, 0xc4, 0xe2, 0xff, 0xff, 0x52,
	0x51, 0x89, 0x85, 0xe4, 0xe2, 0xff, 0xff, 0xe8, 0x06, 0x33, 0x00, 0x00,
	0x83, 0xc4, 0x10, 0x8b, 0x8d, 0xe4, 0xe2, 0xff, 0xff, 0x89, 0x01, 0xb8,
	0x00, 0xca, 0x9a, 0x3b, 0xb9, 0x00, 0x00, 0x00, 0x00, 0x51, 0x50, 0x8b,
	0x85, 0xc0, 0xe2, 0xff, 0xff, 0x8b, 0x8d, 0xc4, 0xe2, 0xff, 0xff, 0x51,
	0x50, 0xe8, 0xb3, 0x32, 0x00, 0x00, 0x83, 0xc4, 0x10, 0x89, 0x85, 0xcc,
	0xe2, 0xff, 0xff, 0xe9, 0x39, 0xff, 0xff, 0xff, 0x8b, 0x85, 0xcc, 0xe2,
	0xff, 0xff, 0x83, 0xf8, 0x00, 0x0f, 0x84, 0x17, 0x00, 0x00, 0x00, 0x8b,
	0x85, 0x50, 0xe3, 0xff, 0xff, 0x83, 0xc0, 0xfc, 0x89, 0x85, 0x50, 0xe3,
	0xff, 0xff, 0x8b, 0x8d, 0xcc, 0xe2, 0xff, 0xff, 0x89, 0x08, 0x8b, 0x85,
	0x44, 0xe3, 0xff, 0xff, 0x8b, 0x8d, 0x50, 0xe3, 0xff, 0xff, 0x39, 0xc8,
	0x0f, 0x86, 0x27, 0x00, 0x00, 0x00, 0x8b, 0x85, 0x44, 0xe3, 0xff, 0xff,
	0x83, 0xc0, 0xfc, 0x8b, 0x08, 0x83, 0xf9, 0x00, 0x0f, 0x85, 0x13, 0x00,
	0x00, 0x00, 0x8b, 0x85, 0x44, 0xe3, 0xff, 0xff, 0x89, 0xc1, 0x83, 0xc0,
	0xfc, 0x89, 0x85, 0x44, 0xe3, 0xff, 0xff, 0xeb, 0xc5, 0x8b, 0x85, 0x40,
	0xe3, 0xff, 0xff, 0x8b, 0x8d, 0xc8, 0xe2, 0xff, 0xff, 0x29, 0xc8, 0x89,
	0x85, 0x40, 0xe3, 0xff, 0xff, 0xe9, 0x4f, 0xfe, 0xff, 0xff, 0x8b, 0x85,
	0x40, 0xe3, 0xff, 0xff, 0x83, 0xf8, 0x00, 0x0f, 0x8d, 0xc4, 0x01, 0x00,
	0x00, 0xb8, 0x00, 0x00, 0x00, 0x00, 0x89, 0x85, 0xbc, 0xe2, 0xff, 0xff,
	0xb8, 0x00, 0x00, 0x00, 0x00, 0x8b, 0x8d, 0x40, 0xe3, 0xff, 0xff, 0x29,
	0xc8, 0xb9, 0x09, 0x00, 0x00, 0x00, 0x39, 0xc1, 0x0f, 0x8d, 0x05, 0x00,
	0x00, 0x00, 0xe9, 0x12, 0x00, 0x00, 0x00, 0xb8, 0x00, 0x00, 0x00, 0x00,
	0x8b, 0x8d, 0x40, 0xe3, 0xff, 0xff, 0x29, 0xc8, 0xe9, 0x05, 0x00, 0x00,
	0x00, 0xb8, 0x09, 0x00, 0x00, 0x00, 0x89, 0x85, 0xb4, 0xe2, 0xff, 0xff,
	0x8b, 0x45, 0x1c, 0x83, 0xc0, 0x15, 0x83, 0xc0, 0x08, 0xb9, 0x09, 0x00,
	0x00, 0x00, 0x31, 0xd2, 0xf7, 0xf1, 0x40, 0x89, 0x85, 0xb0, 0xe2, 0xff,
	0xff, 0x8b, 0x85, 0x50, 0xe3, 0xff, 0xff, 0x89, 0x85, 0x4c, 0xe3, 0xff,
	0xff, 0x8b, 0x85, 0x4c, 0xe3, 0xff, 0xff, 0x8b, 0x8d, 0x44, 0xe3, 0xff,
	0xff, 0x39, 0xc8, 0x0f, 0x83, 0x80, 0x00, 0x00, 0x00, 0xe9, 0x13, 0x00,
	0x00, 0x00, 0x8b, 0x85, 0x4c, 0xe3, 0xff, 0xff, 0x89, 0xc1, 0x83, 0xc0,
	0x04, 0x89, 0x85, 0x4c, 0xe3, 0xff, 0xff, 0xeb, 0xd4, 0x8b, 0x85, 0x4c,
	0xe3, 0xff, 0xff, 0xb9, 0x01, 0x00, 0x00, 0x00, 0x89, 0x8d, 0xe4, 0xe2,
	0xff, 0xff, 0x8b, 0x8d, 0xb4, 0xe2, 0xff, 0xff, 0x8b, 0x95, 0xe4, 0xe2,
	0xff, 0xff, 0xd3, 0xe2, 0x4a, 0x8b, 0x08, 0x21, 0xd1, 0x89, 0x8d, 0xac,
	0xe2, 0xff, 0xff, 0x8b, 0x85, 0x4c, 0xe3, 0xff, 0xff, 0x8b, 0x8d, 0x4c,
	0xe3, 0xff, 0xff, 0x8b, 0x11, 0x8b, 0x8d, 0xb4, 0xe2, 0xff, 0xff, 0xd3,
	0xea, 0x8b, 0x8d, 0xbc, 0xe2, 0xff, 0xff, 0x01, 0xca, 0x89, 0x10, 0xb8,
	0x00, 0xca, 0x9a, 0x3b, 0x8b, 0x8d, 0xb4, 0xe2, 0xff, 0xff, 0xd3, 0xf8,
	0x8b, 0x8d, 0xac, 0xe2, 0xff, 0xff, 0x0f, 0xaf, 0xc1, 0x89, 0x85, 0xbc,
	0xe2, 0xff, 0xff, 0xeb, 0x85, 0x8b, 0x85, 0x50, 0xe3, 0xff, 0xff, 0x8b,
	0x08, 0x83, 0xf9, 0x00, 0x0f, 0x85, 0x11, 0x00, 0x00, 0x00, 0x8b, 0x85,
	0x50, 0xe3, 0xff, 0xff, 0x89, 0xc1, 0x83, 0xc0, 0x04, 0x89, 0x85, 0x50,
	0xe3, 0xff, 0xff, 0x8b, 0x85, 0xbc, 0xe2, 0xff, 0xff, 0x83, 0xf8, 0x00,
	0x0f, 0x84, 0x19, 0x00, 0x00, 0x00, 0x8b, 0x85, 0x44, 0xe3, 0xff, 0xff,
	0x89, 0xc1, 0x83, 0xc0, 0x04, 0x89, 0x85, 0x44, 0xe3, 0xff, 0xff, 0x8b,
	0x85, 0xbc, 0xe2, 0xff, 0xff, 0x89, 0x01, 0x8b, 0x45, 0x24, 0x83, 0xc8,
	0x20, 0x83, 0xf8, 0x66, 0x0f, 0x85, 0x05, 0x00, 0x00, 0x00, 0xe9, 0x0b,
	0x00, 0x00, 0x00, 0x8b, 0x85, 0x50, 0xe3, 0xff, 0xff, 0xe9, 0x06, 0x00,
	0x00, 0x00, 0x8b, 0x85, 0x48, 0xe3, 0xff, 0xff, 0x89, 0x85, 0xb8, 0xe2,
	0xff, 0xff, 0x8b, 0x85, 0x44, 0xe3, 0xff, 0xff, 0x8b, 0x8d, 0xb8, 0xe2,
	0xff, 0xff, 0x29, 0xc8, 0xc1, 0xf8, 0x02, 0x8b, 0x8d, 0xb0, 0xe2, 0xff,
	0xff, 0x39, 0xc8, 0x0f, 0x8e, 0x17, 0x00, 0x00, 0x00, 0x8b, 0x85, 0xb0,
	0xe2, 0xff, 0xff, 0xc1, 0xe0, 0x02, 0x8b, 0x8d, 0xb8, 0xe2, 0xff, 0xff,
	0x01, 0xc1, 0x89, 0x8d, 0x44, 0xe3, 0xff, 0xff, 0x8b, 0x85, 0x40, 0xe3,
	0xff, 0xff, 0x8b, 0x8d, 0xb4, 0xe2, 0xff, 0xff, 0x01, 0xc8, 0x89, 0x85,
	0x40, 0xe3, 0xff, 0xff, 0xe9, 0x2d, 0xfe, 0xff, 0xff, 0x8b, 0x85, 0x50,
	0xe3, 0xff, 0xff, 0x8b, 0x8d, 0x44, 0xe3, 0xff, 0xff, 0x39, 0xc8, 0x0f,
	0x83, 0x71, 0x00, 0x00, 0x00, 0xb8, 0x0a, 0x00, 0x00, 0x00, 0x89, 0x85,
	0x38, 0xe3, 0xff, 0xff, 0x8b, 0x85, 0x48, 0xe3, 0xff, 0xff, 0x8b, 0x8d,
	0x50, 0xe3, 0xff, 0xff, 0x29, 0xc8, 0xc1, 0xf8, 0x02, 0xb9, 0x09, 0x00,
	0x00, 0x00, 0x0f, 0xaf, 0xc1, 0x89, 0x85, 0x3c, 0xe3, 0xff, 0xff, 0x8b,
	0x85, 0x50, 0xe3, 0xff, 0xff, 0x8b, 0x08, 0x8b, 0x85, 0x38, 0xe3, 0xff,
	0xff, 0x39, 0xc1, 0x0f, 0x82, 0x2c, 0x00, 0x00, 0x00, 0xe9, 0x25, 0x00,
	0x00, 0x00, 0x8b, 0x85, 0x38, 0xe3, 0xff, 0xff, 0xb9, 0x0a, 0x00, 0x00,
	0x00, 0x0f, 0xaf, 0xc1, 0x89, 0x85, 0x38, 0xe3, 0xff, 0xff, 0x8b, 0x85,
	0x3c, 0xe3, 0xff, 0xff, 0x89, 0xc1, 0x40, 0x89, 0x85, 0x3c, 0xe3, 0xff,
	0xff, 0xeb, 0xc0, 0xeb, 0xd9, 0xe9, 0x0b, 0x00, 0x00, 0x00, 0xb8, 0x00,
	0x00, 0x00, 0x00, 0x89, 0x85, 0x3c, 0xe3, 0xff, 0xff, 0x8b, 0x45, 0x24,
	0x83, 0xc8, 0x20, 0x83, 0xf8, 0x66, 0x0f, 0x95, 0xc0, 0x0f, 0xb6, 0xc0,
	0x8b, 0x8d, 0x3c, 0xe3, 0xff, 0xff, 0x0f, 0xaf, 0xc1, 0x8b, 0x4d, 0x1c,
	0x29, 0xc1, 0x8b, 0x45, 0x24, 0x83, 0xc8, 0x20, 0x83, 0xf8, 0x67, 0x89,
	0x8d, 0xe4, 0xe2, 0xff, 0xff, 0x0f, 0x85, 0x0c, 0x00, 0x00, 0x00, 0x8b,
	0x45, 0x1c, 0x83, 0xf8, 0x00, 0x0f, 0x85, 0x07, 0x00, 0x00, 0x00, 0xb8,
	0x00, 0x00, 0x00, 0x00, 0xeb, 0x05, 0xb8, 0x01, 0x00, 0x00, 0x00, 0x8b,
	0x8d, 0xe4, 0xe2, 0xff, 0xff, 0x29, 0xc1, 0x89, 0x8d, 0x34, 0xe3, 0xff,
	0xff, 0x8b, 0x85, 0x44, 0xe3, 0xff, 0xff, 0x8b, 0x8d, 0x48, 0xe3, 0xff,
	0xff, 0x29, 0xc8, 0xc1, 0xf8, 0x02, 0x48, 0xb9, 0x09, 0x00, 0x00, 0x00,
	0x0f, 0xaf, 0xc1, 0x8b, 0x8d, 0x34, 0xe3, 0xff, 0xff, 0x39, 0xc1, 0x0f,
	0x8d, 0xaf, 0x03, 0x00, 0x00, 0x8b, 0x85, 0x48, 0xe3, 0xff, 0xff, 0x83,
	0xc0, 0x04, 0x8b, 0x8d, 0x34, 0xe3, 0xff, 0xff, 0x81, 0xc1, 0x00, 0x40,
	0x02, 0x00, 0x89, 0x85, 0xe4, 0xe2, 0xff, 0xff, 0x89, 0xc8, 0xb9, 0x09,
	0x00, 0x00, 0x00, 0x99, 0xf7, 0xf9, 0x81, 0xe8, 0x00, 0x40, 0x00, 0x00,
	0xc1, 0xe0, 0x02, 0x8b, 0x8d, 0xe4, 0xe2, 0xff, 0xff, 0x01, 0xc1, 0x89,
	0x8d, 0x4c, 0xe3, 0xff, 0xff, 0x8b, 0x85, 0x34, 0xe3, 0xff, 0xff, 0x81,
	0xc0, 0x00, 0x40, 0x02, 0x00, 0x89, 0x85, 0x34, 0xe3, 0xff, 0xff, 0x8b,
	0x85, 0x34, 0xe3, 0xff, 0xff, 0xb9, 0x09, 0x00, 0x00, 0x00, 0x99, 0xf7,
	0xf9, 0x89, 0x95, 0x34, 0xe3, 0xff, 0xff, 0xb8, 0x0a, 0x00, 0x00, 0x00,
	0x89, 0x85, 0x38, 0xe3, 0xff, 0xff, 0x8b, 0x85, 0x34, 0xe3, 0xff, 0xff,
	0x89, 0xc1, 0x40, 0x89, 0x85, 0x34, 0xe3, 0xff, 0xff, 0x8b, 0x85, 0x34,
	0xe3, 0xff, 0xff, 0x83, 0xf8, 0x09, 0x0f, 0x8d, 0x2c, 0x00, 0x00, 0x00,
	0xe9, 0x25, 0x00, 0x00, 0x00, 0x8b, 0x85, 0x38, 0xe3, 0xff, 0xff, 0xb9,
	0x0a, 0x00, 0x00, 0x00, 0x0f, 0xaf, 0xc1, 0x89, 0x85, 0x38, 0xe3, 0xff,
	0xff, 0x8b, 0x85, 0x34, 0xe3, 0xff, 0xff, 0x89, 0xc1, 0x40, 0x89, 0x85,
	0x34, 0xe3, 0xff, 0xff, 0xeb, 0xc7, 0xeb, 0xd9, 0x8b, 0x85, 0x4c, 0xe3,
	0xff, 0xff, 0x89, 0x85, 0xe4, 0xe2, 0xff, 0xff, 0x8b, 0x85, 0xe4, 0xe2,
	0xff, 0xff, 0x8b, 0x00, 0x8b, 0x8d, 0x38, 0xe3, 0xff, 0xff, 0x31, 0xd2,
	0xf7, 0xf1, 0x89, 0x95, 0xa8, 0xe2, 0xff, 0xff, 0x8b, 0x85, 0xa8, 0xe2,
	0xff, 0xff, 0x83, 0xf8, 0x00, 0x0f, 0x85, 0x17, 0x00, 0x00, 0x00, 0x8b,
	0x85, 0x4c, 0xe3, 0xff, 0xff, 0x83, 0xc0, 0x04, 0x8b, 0x8d, 0x44, 0xe3,
	0xff, 0xff, 0x39, 0xc8, 0x0f, 0x84, 0x88, 0x02, 0x00, 0x00, 0xdb, 0x2d,
	0x8c, 0x29, 0x05, 0x08, 0xd9, 0xc0, 0xdb, 0xbd, 0x9c, 0xe2, 0xff, 0xff,
	0xdd, 0xd8, 0x8b, 0x85, 0x4c, 0xe3, 0xff, 0xff, 0x89, 0x85, 0xe4, 0xe2,
	0xff, 0xff, 0x8b, 0x85, 0xe4, 0xe2, 0xff, 0xff, 0x8b, 0x00, 0x8b, 0x8d,
	0x38, 0xe3, 0xff, 0xff, 0x31, 0xd2, 0xf7, 0xf1, 0x83, 0xe0, 0x01, 0x83,
	0xf8, 0x00, 0x0f, 0x85, 0x3d, 0x00, 0x00, 0x00, 0x8b, 0x85, 0x38, 0xe3,
	0xff, 0xff, 0x81, 0xf8, 0x00, 0xca, 0x9a, 0x3b, 0x0f, 0x85, 0x43, 0x00,
	0x00, 0x00, 0x8b, 0x85, 0x4c, 0xe3, 0xff, 0xff, 0x8b, 0x8d, 0x50, 0xe3,
	0xff, 0xff, 0x39, 0xc8, 0x0f, 0x86, 0x2f, 0x00, 0x00, 0x00, 0x8b, 0x85,
	0x4c, 0xe3, 0xff, 0xff, 0x83, 0xc0, 0xfc, 0x8b, 0x08, 0x83, 0xe1, 0x01,
	0x83, 0xf9, 0x00, 0x0f, 0x84, 0x18, 0x00, 0x00, 0x00, 0xdb, 0x2d, 0x98,
	0x29, 0x05, 0x08, 0xdb, 0xad, 0x9c, 0xe2, 0xff, 0xff, 0xde, 0xc1, 0xd9,
	0xc0, 0xdb, 0xbd, 0x9c, 0xe2, 0xff, 0xff, 0xdd, 0xd8, 0x8b, 0x85, 0x38,
	0xe3, 0xff, 0xff, 0xb9, 0x02, 0x00, 0x00, 0x00, 0x99, 0xf7, 0xf9, 0x8b,
	0x8d, 0xa8, 0xe2, 0xff, 0xff, 0x39, 0xc1, 0x0f, 0x83, 0x15, 0x00, 0x00,
	0x00, 0xdb, 0x2d, 0xa4, 0x29, 0x05, 0x08, 0xd9, 0xc0, 0xdb, 0xbd, 0x90,
	0xe2, 0xff, 0xff, 0xdd, 0xd8, 0xe9, 0x58, 0x00, 0x00, 0x00, 0x8b, 0x85,
	0x38, 0xe3, 0xff, 0xff, 0xb9, 0x02, 0x00, 0x00, 0x00, 0x99, 0xf7, 0xf9,
	0x8b, 0x8d, 0xa8, 0xe2, 0xff, 0xff, 0x39, 0xc1, 0x0f, 0x85, 0x2c, 0x00,
	0x00, 0x00, 0x8b, 0x85, 0x4c, 0xe3, 0xff, 0xff, 0x83, 0xc0, 0x04, 0x8b,
	0x8d, 0x44, 0xe3, 0xff, 0xff, 0x39, 0xc8, 0x0f, 0x85, 0x15, 0x00, 0x00,
	0x00, 0xdb, 0x2d, 0xb0, 0x29, 0x05, 0x08, 0xd9, 0xc0, 0xdb, 0xbd, 0x90,
	0xe2, 0xff, 0xff, 0xdd, 0xd8, 0xe9, 0x10, 0x00, 0x00, 0x00, 0xdb, 0x2d,
	0xbc, 0x29, 0x05, 0x08, 0xd9, 0xc0, 0xdb, 0xbd, 0x90, 0xe2, 0xff, 0xff,
	0xdd, 0xd8, 0x8b, 0x85, 0x08, 0xe3, 0xff, 0xff, 0x83, 0xf8, 0x00, 0x0f,
	0x84, 0x42, 0x00, 0x00, 0x00, 0x8b, 0x85, 0x0c, 0xe3, 0xff, 0xff, 0x0f,
	0xbe, 0x08, 0x83, 0xf9, 0x2d, 0x0f, 0x85, 0x30, 0x00, 0x00, 0x00, 0xdb,
	0x2d, 0xc8, 0x29, 0x05, 0x08, 0xdb, 0xad, 0x9c, 0xe2, 0xff, 0xff, 0xde,
	0xc9, 0xd9, 0xc0, 0xdb, 0xbd, 0x9c, 0xe2, 0xff, 0xff, 0xdd, 0xd8, 0xdb,
	0x2d, 0xd4, 0x29, 0x05, 0x08, 0xdb, 0xad, 0x90, 0xe2, 0xff, 0xff, 0xde,
	0xc9, 0xd9, 0xc0, 0xdb, 0xbd, 0x90, 0xe2, 0xff, 0xff, 0xdd, 0xd8, 0x8b,
	0x85, 0x4c, 0xe3, 0xff, 0xff, 0x8b, 0x08, 0x8b, 0x95, 0xa8, 0xe2, 0xff,
	0xff, 0x29, 0xd1, 0x89, 0x08, 0xdb, 0xad, 0x9c, 0xe2, 0xff, 0xff, 0xdb,
	0xad, 0x90, 0xe2, 0xff, 0xff, 0xde, 0xc1, 0xdb, 0xad, 0x9c, 0xe2, 0xff,
	0xff, 0xda, 0xe9, 0xdf, 0xe0, 0x80, 0xe4, 0x45, 0x80, 0xf4, 0x40, 0x0f,
	0x84, 0xe9, 0x00, 0x00, 0x00, 0x8b, 0x85, 0x4c, 0xe3, 0xff, 0xff, 0x8b,
	0x8d, 0x4c, 0xe3, 0xff, 0xff, 0x8b, 0x11, 0x8b, 0x8d, 0x38, 0xe3, 0xff,
	0xff, 0x01, 0xca, 0x89, 0x10, 0x8b, 0x85, 0x4c, 0xe3, 0xff, 0xff, 0x8b,
	0x08, 0x81, 0xf9, 0xff, 0xc9, 0x9a, 0x3b, 0x0f, 0x86, 0x51, 0x00, 0x00,
	0x00, 0x8b, 0x85, 0x4c, 0xe3, 0xff, 0xff, 0x89, 0xc1, 0x83, 0xc0, 0xfc,
	0x89, 0x85, 0x4c, 0xe3, 0xff, 0xff, 0xb8, 0x00, 0x00, 0x00, 0x00, 0x89,
	0x01, 0x8b, 0x85, 0x4c, 0xe3, 0xff, 0xff, 0x8b, 0x8d, 0x50, 0xe3, 0xff,
	0xff, 0x39, 0xc8, 0x0f, 0x83, 0x16, 0x00, 0x00, 0x00, 0x8b, 0x85, 0x50,
	0xe3, 0xff, 0xff, 0x83, 0xc0, 0xfc, 0x89, 0x85, 0x50, 0xe3, 0xff, 0xff,
	0xb9, 0x00, 0x00, 0x00, 0x00, 0x89, 0x08, 0x8b, 0x85, 0x4c, 0xe3, 0xff,
	0xff, 0x8b, 0x08, 0x89, 0xca, 0x41, 0x89, 0x08, 0xeb, 0x9b, 0xb8, 0x0a,
	0x00, 0x00, 0x00, 0x89, 0x85, 0x38, 0xe3, 0xff, 0xff, 0x8b, 0x85, 0x48,
	0xe3, 0xff, 0xff, 0x8b, 0x8d, 0x50, 0xe3, 0xff, 0xff, 0x29, 0xc8, 0xc1,
	0xf8, 0x02, 0xb9, 0x09, 0x00, 0x00, 0x00, 0x0f, 0xaf, 0xc1, 0x89, 0x85,
	0x3c, 0xe3, 0xff, 0xff, 0x8b, 0x85, 0x50, 0xe3, 0xff, 0xff, 0x8b, 0x08,
	0x8b, 0x85, 0x38, 0xe3, 0xff, 0xff, 0x39, 0xc1, 0x0f, 0x82, 0x2c, 0x00,
	0x00, 0x00, 0xe9, 0x25, 0x00, 0x00, 0x00, 0x8b, 0x85, 0x38, 0xe3, 0xff,
	0xff, 0xb9, 0x0a, 0x00, 0x00, 0x00, 0x0f, 0xaf, 0xc1, 0x89, 0x85, 0x38,
	0xe3, 0xff, 0xff, 0x8b, 0x85, 0x3c, 0xe3, 0xff, 0xff, 0x89, 0xc1, 0x40,
	0x89, 0x85, 0x3c, 0xe3, 0xff, 0xff, 0xeb, 0xc0, 0xeb, 0xd9, 0x8b, 0x85,
	0x4c, 0xe3, 0xff, 0xff, 0x83, 0xc0, 0x04, 0x8b, 0x8d, 0x44, 0xe3, 0xff,
	0xff, 0x39, 0xc1, 0x0f, 0x86, 0x0f, 0x00, 0x00, 0x00, 0x8b, 0x85, 0x4c,
	0xe3, 0xff, 0xff, 0x83, 0xc0, 0x04, 0x89, 0x85, 0x44, 0xe3, 0xff, 0xff,
	0x8b, 0x85, 0x44, 0xe3, 0xff, 0xff, 0x8b, 0x8d, 0x50, 0xe3, 0xff, 0xff,
	0x39, 0xc8, 0x0f, 0x86, 0x2e, 0x00, 0x00, 0x00, 0x8b, 0x85, 0x44, 0xe3,
	0xff, 0xff, 0x83, 0xc0, 0xfc, 0x8b, 0x08, 0x83, 0xf9, 0x00, 0x0f, 0x85,
	0x1a, 0x00, 0x00, 0x00, 0xe9, 0x13, 0x00, 0x00, 0x00, 0x8b, 0x85, 0x44,
	0xe3, 0xff, 0xff, 0x89, 0xc1, 0x83, 0xc0, 0xfc, 0x89, 0x85, 0x44, 0xe3,
	0xff, 0xff, 0xeb, 0xc0, 0xeb, 0xeb, 0x8b, 0x45, 0x24, 0x83, 0xc8, 0x20,
	0x83, 0xf8, 0x67, 0x0f, 0x85, 0x01, 0x03, 0x00, 0x00, 0x8b, 0x45, 0x1c,
	0x83, 0xf8, 0x00, 0x0f, 0x85, 0x09, 0x00, 0x00, 0x00, 0x8b, 0x45, 0x1c,
	0x89, 0xc1, 0x40, 0x89, 0x45, 0x1c, 0x8b, 0x45, 0x1c, 0x8b, 0x8d, 0x3c,
	0xe3, 0xff, 0xff, 0x39, 0xc8, 0x0f, 0x8e, 0x2c, 0x00, 0x00, 0x00, 0x8b,
	0x85, 0x3c, 0xe3, 0xff, 0xff, 0x83, 0xf8, 0xfc, 0x0f, 0x8c, 0x1d, 0x00,
	0x00, 0x00, 0x8b, 0x45, 0x24, 0x89, 0xc1, 0x48, 0x89, 0x45, 0x24, 0x8b,
	0x85, 0x3c, 0xe3, 0xff, 0xff, 0x40, 0x8b, 0x4d, 0x1c, 0x29, 0xc1, 0x89,
	0x4d, 0x1c, 0xe9, 0x12, 0x00, 0x00, 0x00, 0x8b, 0x45, 0x24, 0x83, 0xe8,
	0x02, 0x89, 0x45, 0x24, 0x8b, 0x45, 0x1c, 0x89, 0xc1, 0x48, 0x89, 0x45,
	0x1c, 0x8b, 0x45, 0x20, 0x83, 0xe0, 0x08, 0x83, 0xf8, 0x00, 0x0f, 0x85,
	0x8e, 0x02, 0x00, 0x00, 0x8b, 0x85, 0x44, 0xe3, 0xff, 0xff, 0x8b, 0x8d,
	0x50, 0xe3, 0xff, 0xff, 0x39, 0xc8, 0x0f, 0x86, 0x85, 0x00, 0x00, 0x00,
	0x8b, 0x85, 0x44, 0xe3, 0xff, 0xff, 0x83, 0xc0, 0xfc, 0x8b, 0x08, 0x83,
	0xf9, 0x00, 0x0f, 0x84, 0x71, 0x00, 0x00, 0x00, 0xb8, 0x0a, 0x00, 0x00,
	0x00, 0x89, 0x85, 0x38, 0xe3, 0xff, 0xff, 0xb8, 0x00, 0x00, 0x00, 0x00,
	0x89, 0x85, 0x34, 0xe3, 0xff, 0xff, 0x8b, 0x85, 0x44, 0xe3, 0xff, 0xff,
	0x83, 0xc0, 0xfc, 0x89, 0x85, 0xe4, 0xe2, 0xff, 0xff, 0x8b, 0x85, 0xe4,
	0xe2, 0xff, 0xff, 0x8b, 0x00, 0x8b, 0x8d, 0x38, 0xe3, 0xff, 0xff, 0x31,
	0xd2, 0xf7, 0xf1, 0x83, 0xfa, 0x00, 0x0f, 0x85, 0x2c, 0x00, 0x00, 0x00,
	0xe9, 0x25, 0x00, 0x00, 0x00, 0x8b, 0x85, 0x38, 0xe3, 0xff, 0xff, 0xb9,
	0x0a, 0x00, 0x00, 0x00, 0x0f, 0xaf, 0xc1, 0x89, 0x85, 0x38, 0xe3, 0xff,
	0xff, 0x8b, 0x85, 0x34, 0xe3, 0xff, 0xff, 0x89, 0xc1, 0x40, 0x89, 0x85,
	0x34, 0xe3, 0xff, 0xff, 0xeb, 0xac, 0xeb, 0xd9, 0xe9, 0x0b, 0x00, 0x00,
	0x00, 0xb8, 0x09, 0x00, 0x00, 0x00, 0x89, 0x85, 0x34, 0xe3, 0xff, 0xff,
	0x8b, 0x45, 0x24, 0x83, 0xc8, 0x20, 0x83, 0xf8, 0x66, 0x0f, 0x85, 0xe0,
	0x00, 0x00, 0x00, 0x8b, 0x85, 0x44, 0xe3, 0xff, 0xff, 0x8b, 0x8d, 0x48,
	0xe3, 0xff, 0xff, 0x29, 0xc8, 0xc1, 0xf8, 0x02, 0x48, 0xb9, 0x09, 0x00,
	0x00, 0x00, 0x0f, 0xaf, 0xc1, 0x8b, 0x8d, 0x34, 0xe3, 0xff, 0xff, 0x29,
	0xc8, 0xb9, 0x00, 0x00, 0x00, 0x00, 0x39, 0xc1, 0x0f, 0x8e, 0x05, 0x00,
	0x00, 0x00, 0xe9, 0x27, 0x00, 0x00, 0x00, 0x8b, 0x85, 0x44, 0xe3, 0xff,
	0xff, 0x8b, 0x8d, 0x48, 0xe3, 0xff, 0xff, 0x29, 0xc8, 0xc1, 0xf8, 0x02,
	0x48, 0xb9, 0x09, 0x00, 0x00, 0x00, 0x0f, 0xaf, 0xc1, 0x8b, 0x8d, 0x34,
	0xe3, 0xff, 0xff, 0x29, 0xc8, 0xe9, 0x05, 0x00, 0x00, 0x00, 0xb8, 0x00,
	0x00, 0x00, 0x00, 0x8b, 0x4d, 0x1c, 0x39, 0xc1, 0x0f, 0x8d, 0x05, 0x00,
	0x00, 0x00, 0xe9, 0x65, 0x00, 0x00, 0x00, 0x8b, 0x85, 0x44, 0xe3, 0xff,
	0xff, 0x8b, 0x8d, 0x48, 0xe3, 0xff, 0xff, 0x29, 0xc8, 0xc1, 0xf8, 0x02,
	0x48, 0xb9, 0x09, 0x00, 0x00, 0x00, 0x0f, 0xaf, 0xc1, 0x8b, 0x8d, 0x34,
	0xe3, 0xff, 0xff, 0x29, 0xc8, 0xb9, 0x00, 0x00, 0x00, 0x00, 0x39, 0xc1,
	0x0f, 0x8e, 0x05, 0x00, 0x00, 0x00, 0xe9, 0x27, 0x00, 0x00, 0x00, 0x8b,
	0x85, 0x44, 0xe3, 0xff, 0xff, 0x8b, 0x8d, 0x48, 0xe3, 0xff, 0xff, 0x29,
	0xc8, 0xc1, 0xf8, 0x02, 0x48, 0xb9, 0x09, 0x00, 0x00, 0x00, 0x0f, 0xaf,
	0xc1, 0x8b, 0x8d, 0x34, 0xe3, 0xff, 0xff, 0x29, 0xc8, 0xe9, 0x05, 0x00,
	0x00, 0x00, 0xb8, 0x00, 0x00, 0x00, 0x00, 0xe9, 0x03, 0x00, 0x00, 0x00,
	0x8b, 0x45, 0x1c, 0x89, 0x45, 0x1c, 0xe9, 0xfb, 0x00, 0x00, 0x00, 0x8b,
	0x85, 0x44, 0xe3, 0xff, 0xff, 0x8b, 0x8d, 0x48, 0xe3, 0xff, 0xff, 0x29,
	0xc8, 0xc1, 0xf8, 0x02, 0x48, 0xb9, 0x09, 0x00, 0x00, 0x00, 0x0f, 0xaf,
	0xc1, 0x8b, 0x8d, 0x3c, 0xe3, 0xff, 0xff, 0x01, 0xc8, 0x8b, 0x8d, 0x34,
	0xe3, 0xff, 0xff, 0x29, 0xc8, 0xb9, 0x00, 0x00, 0x00, 0x00, 0x39, 0xc1,
	0x0f, 0x8e, 0x05, 0x00, 0x00, 0x00, 0xe9, 0x2f, 0x00, 0x00, 0x00, 0x8b,
	0x85, 0x44, 0xe3, 0xff, 0xff, 0x8b, 0x8d, 0x48, 0xe3, 0xff, 0xff, 0x29,
	0xc8, 0xc1, 0xf8, 0x02, 0x48, 0xb9, 0x09, 0x00, 0x00, 0x00, 0x0f, 0xaf,
	0xc1, 0x8b, 0x8d, 0x3c, 0xe3, 0xff, 0xff, 0x01, 0xc8, 0x8b, 0x8d, 0x34,
	0xe3, 0xff, 0xff, 0x29, 0xc8, 0xe9, 0x05, 0x00, 0x00, 0x00, 0xb8, 0x00,
	0x00, 0x00, 0x00, 0x8b, 0x4d, 0x1c, 0x39, 0xc1, 0x0f, 0x8d, 0x05, 0x00,
	0x00, 0x00, 0xe9, 0x75, 0x00, 0x00, 0x00, 0x8b, 0x85, 0x44, 0xe3, 0xff,
	0xff, 0x8b, 0x8d, 0x48, 0xe3, 0xff, 0xff, 0x29, 0xc8, 0xc1, 0xf8, 0x02,
	0x48, 0xb9, 0x09, 0x00, 0x00, 0x00, 0x0f, 0xaf, 0xc1, 0x8b, 0x8d, 0x3c,
	0xe3, 0xff, 0xff, 0x01, 0xc8, 0x8b, 0x8d, 0x34, 0xe3, 0xff, 0xff, 0x29,
	0xc8, 0xb9, 0x00, 0x00, 0x00, 0x00, 0x39, 0xc1, 0x0f, 0x8e, 0x05, 0x00,
	0x00, 0x00, 0xe9, 0x2f, 0x00, 0x00, 0x00, 0x8b, 0x85, 0x44, 0xe3, 0xff,
	0xff, 0x8b, 0x8d, 0x48, 0xe3, 0xff, 0xff, 0x29, 0xc8, 0xc1, 0xf8, 0x02,
	0x48, 0xb9, 0x09, 0x00, 0x00, 0x00, 0x0f, 0xaf, 0xc1, 0x8b, 0x8d, 0x3c,
	0xe3, 0xff, 0xff, 0x01, 0xc8, 0x8b, 0x8d, 0x34, 0xe3, 0xff, 0xff, 0x29,
	0xc8, 0xe9, 0x05, 0x00, 0x00, 0x00, 0xb8, 0x00, 0x00, 0x00, 0x00, 0xe9,
	0x03, 0x00, 0x00, 0x00, 0x8b, 0x45, 0x1c, 0x89, 0x45, 0x1c, 0x8b, 0x45,
	0x1c, 0x83, 0xf8, 0x00, 0x0f, 0x85, 0x16, 0x00, 0x00, 0x00, 0x8b, 0x45,
	0x20, 0x83, 0xe0, 0x08, 0x83, 0xf8, 0x00, 0x0f, 0x85, 0x07, 0x00, 0x00,
	0x00, 0xb8, 0x00, 0x00, 0x00, 0x00, 0xeb, 0x05, 0xb8, 0x01, 0x00, 0x00,
	0x00, 0xb9, 0xfe, 0xff, 0xff, 0x7f, 0x29, 0xc1, 0x8b, 0x45, 0x1c, 0x39,
	0xc8, 0x0f, 0x8e, 0x0a, 0x00, 0x00, 0x00, 0xb8, 0xff, 0xff, 0xff, 0xff,
	0xe9, 0xdc, 0x06, 0x00, 0x00, 0x8b, 0x45, 0x1c, 0x40, 0x89, 0x85, 0xe4,
	0xe2, 0xff, 0xff, 0x8b, 0x45, 0x1c, 0x83, 0xf8, 0x00, 0x0f, 0x85, 0x16,
	0x00, 0x00, 0x00, 0x8b, 0x45, 0x20, 0x83, 0xe0, 0x08, 0x83, 0xf8, 0x00,
	0x0f, 0x85, 0x07, 0x00, 0x00, 0x00, 0xb8, 0x00, 0x00, 0x00, 0x00, 0xeb,
	0x05, 0xb8, 0x01, 0x00, 0x00, 0x00, 0x8b, 0x8d, 0xe4, 0xe2, 0xff, 0xff,
	0x01, 0xc1, 0x89, 0x8d, 0x30, 0xe3, 0xff, 0xff, 0x8b, 0x45, 0x24, 0x83,
	0xc8, 0x20, 0x83, 0xf8, 0x66, 0x0f, 0x85, 0x4d, 0x00, 0x00, 0x00, 0xb8,
	0xff, 0xff, 0xff, 0x7f, 0x8b, 0x8d, 0x30, 0xe3, 0xff, 0xff, 0x29, 0xc8,
	0x8b, 0x8d, 0x3c, 0xe3, 0xff, 0xff, 0x39, 0xc1, 0x0f, 0x8e, 0x0a, 0x00,
	0x00, 0x00, 0xb8, 0xff, 0xff, 0xff, 0xff, 0xe9, 0x69, 0x06, 0x00, 0x00,
	0x8b, 0x85, 0x3c, 0xe3, 0xff, 0xff, 0x83, 0xf8, 0x00, 0x0f, 0x8e, 0x14,
	0x00, 0x00, 0x00, 0x8b, 0x85, 0x30, 0xe3, 0xff, 0xff, 0x8b, 0x8d, 0x3c,
	0xe3, 0xff, 0xff, 0x01, 0xc8, 0x89, 0x85, 0x30, 0xe3, 0xff, 0xff, 0xe9,
	0x0e, 0x01, 0x00, 0x00, 0x8b, 0x85, 0x3c, 0xe3, 0xff, 0xff, 0x83, 0xf8,
	0x00, 0x0f, 0x8d, 0x12, 0x00, 0x00, 0x00, 0xb8, 0x00, 0x00, 0x00, 0x00,
	0x8b, 0x8d, 0x3c, 0xe3, 0xff, 0xff, 0x29, 0xc8, 0xe9, 0x0b, 0x00, 0x00,
	0x00, 0x8b, 0x85, 0x3c, 0xe3, 0xff, 0xff, 0xe9, 0x00, 0x00, 0x00, 0x00,
	0x89, 0xc1, 0xc1, 0xf9, 0x1f, 0x8b, 0x95, 0xf8, 0xe2, 0xff, 0xff, 0x52,
	0x51, 0x50, 0xe8, 0xd1, 0xe9, 0xff, 0xff, 0x83, 0xc4, 0x0c, 0x89, 0x85,
	0xf4, 0xe2, 0xff, 0xff, 0x8b, 0x85, 0xf8, 0xe2, 0xff, 0xff, 0x8b, 0x8d,
	0xf4, 0xe2, 0xff, 0xff, 0x29, 0xc8, 0x83, 0xf8, 0x02, 0x0f, 0x8d, 0x16,
	0x00, 0x00, 0x00, 0x8b, 0x85, 0xf4, 0xe2, 0xff, 0xff, 0x48, 0x89, 0x85,
	0xf4, 0xe2, 0xff, 0xff, 0xb9, 0x30, 0x00, 0x00, 0x00, 0x88, 0x08, 0xeb,
	0xd3, 0x8b, 0x85, 0xf4, 0xe2, 0xff, 0xff, 0x48, 0x89, 0x85, 0xf4, 0xe2,
	0xff, 0xff, 0x8b, 0x8d, 0x3c, 0xe3, 0xff, 0xff, 0x83, 0xf9, 0x00, 0x89,
	0x85, 0xe4, 0xe2, 0xff, 0xff, 0x0f, 0x8d, 0x05, 0x00, 0x00, 0x00, 0xe9,
	0x0a, 0x00, 0x00, 0x00, 0xb8, 0x2b, 0x00, 0x00, 0x00, 0xe9, 0x05, 0x00,
	0x00, 0x00, 0xb8, 0x2d, 0x00, 0x00, 0x00, 0x8b, 0x8d, 0xe4, 0xe2, 0xff,
	0xff, 0x88, 0x01, 0x8b, 0x85, 0xf4, 0xe2, 0xff, 0xff, 0x48, 0x89, 0x85,
	0xf4, 0xe2, 0xff, 0xff, 0x8b, 0x4d, 0x24, 0x88, 0x08, 0x8b, 0x85, 0xf8,
	0xe2, 0xff, 0xff, 0x8b, 0x8d, 0xf4, 0xe2, 0xff, 0xff, 0x29, 0xc8, 0xb9,
	0xff, 0xff, 0xff, 0x7f, 0x8b, 0x95, 0x30, 0xe3, 0xff, 0xff, 0x29, 0xd1,
	0x39, 0xc8, 0x0f, 0x8e, 0x0a, 0x00, 0x00, 0x00, 0xb8, 0xff, 0xff, 0xff,
	0xff, 0xe9, 0x4f, 0x05, 0x00, 0x00, 0x8b, 0x85, 0xf8, 0xe2, 0xff, 0xff,
	0x8b, 0x8d, 0xf4, 0xe2, 0xff, 0xff, 0x29, 0xc8, 0x8b, 0x8d, 0x30, 0xe3,
	0xff, 0xff, 0x01, 0xc1, 0x89, 0x8d, 0x30, 0xe3, 0xff, 0xff, 0xb8, 0xff,
	0xff, 0xff, 0x7f, 0x8b, 0x8d, 0x08, 0xe3, 0xff, 0xff, 0x29, 0xc8, 0x8b,
	0x8d, 0x30, 0xe3, 0xff, 0xff, 0x39, 0xc1, 0x0f, 0x8e, 0x0a, 0x00, 0x00,
	0x00, 0xb8, 0xff, 0xff, 0xff, 0xff, 0xe9, 0x0e, 0x05, 0x00, 0x00, 0x8b,
	0x85, 0x08, 0xe3, 0xff, 0xff, 0x8b, 0x8d, 0x30, 0xe3, 0xff, 0xff, 0x01,
	0xc8, 0x8b, 0x4d, 0x20, 0x51, 0x50, 0x8b, 0x45, 0x18, 0x50, 0xb8, 0x20,
	0x00, 0x00, 0x00, 0x50, 0x8b, 0x45, 0x08, 0x50, 0xe8, 0x19, 0xe7, 0xff,
	0xff, 0x83, 0xc4, 0x14, 0x8b, 0x85, 0x08, 0xe3, 0xff, 0xff, 0x50, 0x8b,
	0x85, 0x0c, 0xe3, 0xff, 0xff, 0x50, 0x8b, 0x45, 0x08, 0x50, 0xe8, 0xcf,
	0xe6, 0xff, 0xff, 0x83, 0xc4, 0x0c, 0x8b, 0x85, 0x08, 0xe3, 0xff, 0xff,
	0x8b, 0x8d, 0x30, 0xe3, 0xff, 0xff, 0x01, 0xc8, 0x8b, 0x4d, 0x20, 0x81,
	0xf1, 0x00, 0x00, 0x01, 0x00, 0x51, 0x50, 0x8b, 0x45, 0x18, 0x50, 0xb8,
	0x30, 0x00, 0x00, 0x00, 0x50, 0x8b, 0x45, 0x08, 0x50, 0xe8, 0xd0, 0xe6,
	0xff, 0xff, 0x83, 0xc4, 0x14, 0x8b, 0x45, 0x24, 0x83, 0xc8, 0x20, 0x83,
	0xf8, 0x66, 0x0f, 0x85, 0x35, 0x02, 0x00, 0x00, 0x8b, 0x85, 0x50, 0xe3,
	0xff, 0xff, 0x8b, 0x8d, 0x48, 0xe3, 0xff, 0xff, 0x39, 0xc8, 0x0f, 0x86,
	0x0c, 0x00, 0x00, 0x00, 0x8b, 0x85, 0x48, 0xe3, 0xff, 0xff, 0x89, 0x85,
	0x50, 0xe3, 0xff, 0xff, 0x8b, 0x85, 0x50, 0xe3, 0xff, 0xff, 0x89, 0x85,
	0x4c, 0xe3, 0xff, 0xff, 0x8b, 0x85, 0x4c, 0xe3, 0xff, 0xff, 0x8b, 0x8d,
	0x48, 0xe3, 0xff, 0xff, 0x39, 0xc8, 0x0f, 0x87, 0xce, 0x00, 0x00, 0x00,
	0xe9, 0x13, 0x00, 0x00, 0x00, 0x8b, 0x85, 0x4c, 0xe3, 0xff, 0xff, 0x89,
	0xc1, 0x83, 0xc0, 0x04, 0x89, 0x85, 0x4c, 0xe3, 0xff, 0xff, 0xeb, 0xd4,
	0x8b, 0x85, 0x4c, 0xe3, 0xff, 0xff, 0x8b, 0x08, 0xb8, 0x00, 0x00, 0x00,
	0x00, 0x8d, 0x95, 0x20, 0xe3, 0xff, 0xff, 0x52, 0x50, 0x51, 0xe8, 0xe9,
	0xe7, 0xff, 0xff, 0x83, 0xc4, 0x0c, 0x89, 0x85, 0x8c, 0xe2, 0xff, 0xff,
	0x8b, 0x85, 0x4c, 0xe3, 0xff, 0xff, 0x8b, 0x8d, 0x50, 0xe3, 0xff, 0xff,
	0x39, 0xc8, 0x0f, 0x84, 0x2f, 0x00, 0x00, 0x00, 0x8b, 0x85, 0x8c, 0xe2,
	0xff, 0xff, 0x8d, 0x8d, 0x17, 0xe3, 0xff, 0xff, 0x39, 0xc8, 0x0f, 0x86,
	0x16, 0x00, 0x00, 0x00, 0x8b, 0x85, 0x8c, 0xe2, 0xff, 0xff, 0x48, 0x89,
	0x85, 0x8c, 0xe2, 0xff, 0xff, 0xb9, 0x30, 0x00, 0x00, 0x00, 0x88, 0x08,
	0xeb, 0xd6, 0xe9, 0x28, 0x00, 0x00, 0x00, 0x8b, 0x85, 0x8c, 0xe2, 0xff,
	0xff, 0x8d, 0x8d, 0x20, 0xe3, 0xff, 0xff, 0x39, 0xc8, 0x0f, 0x85, 0x14,
	0x00, 0x00, 0x00, 0x8b, 0x85, 0x8c, 0xe2, 0xff, 0xff, 0x48, 0x89, 0x85,
	0x8c, 0xe2, 0xff, 0xff, 0xb9, 0x30, 0x00, 0x00, 0x00, 0x88, 0x08, 0x8d,
	0x85, 0x20, 0xe3, 0xff, 0xff, 0x8b, 0x8d, 0x8c, 0xe2, 0xff, 0xff, 0x29,
	0xc8, 0x50, 0x8b, 0x85, 0x8c, 0xe2, 0xff, 0xff, 0x50, 0x8b, 0x45, 0x08,
	0x50, 0xe8, 0x88, 0xe5, 0xff, 0xff, 0x83, 0xc4, 0x0c, 0xe9, 0x37, 0xff,
	0xff, 0xff, 0x8b, 0x45, 0x1c, 0x83, 0xf8, 0x00, 0x0f, 0x85, 0x0f, 0x00,
	0x00, 0x00, 0x8b, 0x45, 0x20, 0x83, 0xe0, 0x08, 0x83, 0xf8, 0x00, 0x0f,
	0x84, 0x18, 0x00, 0x00, 0x00, 0xb8, 0x01, 0x00, 0x00, 0x00, 0x50, 0xb8,
	0xe0, 0x29, 0x05, 0x08, 0x50, 0x8b, 0x45, 0x08, 0x50, 0xe8, 0x50, 0xe5,
	0xff, 0xff, 0x83, 0xc4, 0x0c, 0x8b, 0x85, 0x4c, 0xe3, 0xff, 0xff, 0x8b,
	0x8d, 0x44, 0xe3, 0xff, 0xff, 0x39, 0xc8, 0x0f, 0x83, 0xb6, 0x00, 0x00,
	0x00, 0x8b, 0x45, 0x1c, 0x83, 0xf8, 0x00, 0x0f, 0x8e, 0xaa, 0x00, 0x00,
	0x00, 0xe9, 0x1c, 0x00, 0x00, 0x00, 0x8b, 0x85, 0x4c, 0xe3, 0xff, 0xff,
	0x89, 0xc1, 0x83, 0xc0, 0x04, 0x89, 0x85, 0x4c, 0xe3, 0xff, 0xff, 0x8b,
	0x45, 0x1c, 0x83, 0xe8, 0x09, 0x89, 0x45, 0x1c, 0xeb, 0xbf, 0x8b, 0x85,
	0x4c, 0xe3, 0xff, 0xff, 0x8b, 0x08, 0xb8, 0x00, 0x00, 0x00, 0x00, 0x8d,
	0x95, 0x20, 0xe3, 0xff, 0xff, 0x52, 0x50, 0x51, 0xe8, 0xbf, 0xe6, 0xff,
	0xff, 0x83, 0xc4, 0x0c, 0x89, 0x85, 0x88, 0xe2, 0xff, 0xff, 0x8b, 0x85,
	0x88, 0xe2, 0xff, 0xff, 0x8d, 0x8d, 0x17, 0xe3, 0xff, 0xff, 0x39, 0xc8,
	0x0f, 0x86, 0x16, 0x00, 0x00, 0x00, 0x8b, 0x85, 0x88, 0xe2, 0xff, 0xff,
	0x48, 0x89, 0x85, 0x88, 0xe2, 0xff, 0xff, 0xb9, 0x30, 0x00, 0x00, 0x00,
	0x88, 0x08, 0xeb, 0xd6, 0xb8, 0x09, 0x00, 0x00, 0x00, 0x8b, 0x4d, 0x1c,
	0x39, 0xc8, 0x0f, 0x8d, 0x05, 0x00, 0x00, 0x00, 0xe9, 0x08, 0x00, 0x00,
	0x00, 0x8b, 0x45, 0x1c, 0xe9, 0x05, 0x00, 0x00, 0x00, 0xb8, 0x09, 0x00,
	0x00, 0x00, 0x50, 0x8b, 0x85, 0x88, 0xe2, 0xff, 0xff, 0x50, 0x8b, 0x45,
	0x08, 0x50, 0xe8, 0x8b, 0xe4, 0xff, 0xff, 0x83, 0xc4, 0x0c, 0xe9, 0x5b,
	0xff, 0xff, 0xff, 0x8b, 0x45, 0x1c, 0x83, 0xc0, 0x09, 0xb9, 0x00, 0x00,
	0x00, 0x00, 0x51, 0xb9, 0x09, 0x00, 0x00, 0x00, 0x51, 0x50, 0xb8, 0x30,
	0x00, 0x00, 0x00, 0x50, 0x8b, 0x45, 0x08, 0x50, 0xe8, 0x91, 0xe4, 0xff,
	0xff, 0x83, 0xc4, 0x14, 0xe9, 0xf5, 0x01, 0x00, 0x00, 0x8b, 0x85, 0x44,
	0xe3, 0xff, 0xff, 0x8b, 0x8d, 0x50, 0xe3, 0xff, 0xff, 0x39, 0xc8, 0x0f,
	0x87, 0x0f, 0x00, 0x00, 0x00, 0x8b, 0x85, 0x50, 0xe3, 0xff, 0xff, 0x83,
	0xc0, 0x04, 0x89, 0x85, 0x44, 0xe3, 0xff, 0xff, 0x8b, 0x85, 0x50, 0xe3,
	0xff, 0xff, 0x89, 0x85, 0x4c, 0xe3, 0xff, 0xff, 0x8b, 0x85, 0x4c, 0xe3,
	0xff, 0xff, 0x8b, 0x8d, 0x44, 0xe3, 0xff, 0xff, 0x39, 0xc8, 0x0f, 0x83,
	0x6b, 0x01, 0x00, 0x00, 0x8b, 0x45, 0x1c, 0x83, 0xf8, 0x00, 0x0f, 0x8c,
	0x5f, 0x01, 0x00, 0x00, 0xe9, 0x13, 0x00, 0x00, 0x00, 0x8b, 0x85, 0x4c,
	0xe3, 0xff, 0xff, 0x89, 0xc1, 0x83, 0xc0, 0x04, 0x89, 0x85, 0x4c, 0xe3,
	0xff, 0xff, 0xeb, 0xc8, 0x8b, 0x85, 0x4c, 0xe3, 0xff, 0xff, 0x8b, 0x08,
	0xb8, 0x00, 0x00, 0x00, 0x00, 0x8d, 0x95, 0x20, 0xe3, 0xff, 0xff, 0x52,
	0x50, 0x51, 0xe8, 0xa5, 0xe5, 0xff, 0xff, 0x83, 0xc4, 0x0c, 0x89, 0x85,
	0x84, 0xe2, 0xff, 0xff, 0x8b, 0x85, 0x84, 0xe2, 0xff, 0xff, 0x8d, 0x8d,
	0x20, 0xe3, 0xff, 0xff, 0x39, 0xc8, 0x0f, 0x85, 0x14, 0x00, 0x00, 0x00,
	0x8b, 0x85, 0x84, 0xe2, 0xff, 0xff, 0x48, 0x89, 0x85, 0x84, 0xe2, 0xff,
	0xff, 0xb9, 0x30, 0x00, 0x00, 0x00, 0x88, 0x08, 0x8b, 0x85, 0x4c, 0xe3,
	0xff, 0xff, 0x8b, 0x8d, 0x50, 0xe3, 0xff, 0xff, 0x39, 0xc8, 0x0f, 0x84,
	0x2f, 0x00, 0x00, 0x00, 0x8b, 0x85, 0x84, 0xe2, 0xff, 0xff, 0x8d, 0x8d,
	0x17, 0xe3, 0xff, 0xff, 0x39, 0xc8, 0x0f, 0x86, 0x16, 0x00, 0x00, 0x00,
	0x8b, 0x85, 0x84, 0xe2, 0xff, 0xff, 0x48, 0x89, 0x85, 0x84, 0xe2, 0xff,
	0xff, 0xb9, 0x30, 0x00, 0x00, 0x00, 0x88, 0x08, 0xeb, 0xd6, 0xe9, 0x55,
	0x00, 0x00, 0x00, 0x8b, 0x85, 0x84, 0xe2, 0xff, 0xff, 0x89, 0xc1, 0x40,
	0x89, 0x85, 0x84, 0xe2, 0xff, 0xff, 0xb8, 0x01, 0x00, 0x00, 0x00, 0x50,
	0x51, 0x8b, 0x45, 0x08, 0x50, 0xe8, 0x44, 0xe3, 0xff, 0xff, 0x83, 0xc4,
	0x0c, 0x8b, 0x45, 0x1c, 0x83, 0xf8, 0x00, 0x0f, 0x8f, 0x0f, 0x00, 0x00,
	0x00, 0x8b, 0x45, 0x20, 0x83, 0xe0, 0x08, 0x83, 0xf8, 0x00, 0x0f, 0x84,
	0x18, 0x00, 0x00, 0x00, 0xb8, 0x01, 0x00, 0x00, 0x00, 0x50, 0xb8, 0xe2,
	0x29, 0x05, 0x08, 0x50, 0x8b, 0x45, 0x08, 0x50, 0xe8, 0x11, 0xe3, 0xff,
	0xff, 0x83, 0xc4, 0x0c, 0x8d, 0x85, 0x20, 0xe3, 0xff, 0xff, 0x8b, 0x8d,
	0x84, 0xe2, 0xff, 0xff, 0x29, 0xc8, 0x8b, 0x4d, 0x1c, 0x39, 0xc8, 0x0f,
	0x8d, 0x13, 0x00, 0x00, 0x00, 0x8d, 0x85, 0x20, 0xe3, 0xff, 0xff, 0x8b,
	0x8d, 0x84, 0xe2, 0xff, 0xff, 0x29, 0xc8, 0xe9, 0x08, 0x00, 0x00, 0x00,
	0x8b, 0x45, 0x1c, 0xe9, 0x00, 0x00, 0x00, 0x00, 0x50, 0x8b, 0x85, 0x84,
	0xe2, 0xff, 0xff, 0x50, 0x8b, 0x45, 0x08, 0x50, 0xe8, 0xc9, 0xe2, 0xff,
	0xff, 0x83, 0xc4, 0x0c, 0x8d, 0x85, 0x20, 0xe3, 0xff, 0xff, 0x8b, 0x8d,
	0x84, 0xe2, 0xff, 0xff, 0x29, 0xc8, 0x8b, 0x4d, 0x1c, 0x29, 0xc1, 0x89,
	0x4d, 0x1c, 0xe9, 0xa6, 0xfe, 0xff, 0xff, 0x8b, 0x45, 0x1c, 0x83, 0xc0,
	0x12, 0xb9, 0x00, 0x00, 0x00, 0x00, 0x51, 0xb9, 0x12, 0x00, 0x00, 0x00,
	0x51, 0x50, 0xb8, 0x30, 0x00, 0x00, 0x00, 0x50, 0x8b, 0x45, 0x08, 0x50,
	0xe8, 0xb9, 0xe2, 0xff, 0xff, 0x83, 0xc4, 0x14, 0x8b, 0x85, 0xf8, 0xe2,
	0xff, 0xff, 0x8b, 0x8d, 0xf4, 0xe2, 0xff, 0xff, 0x29, 0xc8, 0x50, 0x8b,
	0x85, 0xf4, 0xe2, 0xff, 0xff, 0x50, 0x8b, 0x45, 0x08, 0x50, 0xe8, 0x67,
	0xe2, 0xff, 0xff, 0x83, 0xc4, 0x0c, 0x8b, 0x85, 0x08, 0xe3, 0xff, 0xff,
	0x8b, 0x8d, 0x30, 0xe3, 0xff, 0xff, 0x01, 0xc8, 0x8b, 0x4d, 0x20, 0x81,
	0xf1, 0x00, 0x20, 0x00, 0x00, 0x51, 0x50, 0x8b, 0x45, 0x18, 0x50, 0xb8,
	0x20, 0x00, 0x00, 0x00, 0x50, 0x8b, 0x45, 0x08, 0x50, 0xe8, 0x68, 0xe2,
	0xff, 0xff, 0x83, 0xc4, 0x14, 0x8b, 0x85, 0x08, 0xe3, 0xff, 0xff, 0x8b,
	0x8d, 0x30, 0xe3, 0xff, 0xff, 0x01, 0xc8, 0x8b, 0x4d, 0x18, 0x39, 0xc1,
	0x0f, 0x8e, 0x05, 0x00, 0x00, 0x00, 0xe9, 0x13, 0x00, 0x00, 0x00, 0x8b,
	0x85, 0x08, 0xe3, 0xff, 0xff, 0x8b, 0x8d, 0x30, 0xe3, 0xff, 0xff, 0x01,
	0xc8, 0xe9, 0x03, 0x00, 0x00, 0x00, 0x8b, 0x45, 0x18, 0xc9, 0xc3, 0x55,
	0x89, 0xe5, 0x81, 0xec, 0x04, 0x00, 0x00, 0x00, 0xb8, 0x00, 0x00, 0x00,
	0x00, 0x89, 0x45, 0xfc, 0x8b, 0x45, 0x08, 0x8b, 0x08, 0x0f, 0xbe, 0x01,
	0x83, 0xe8, 0x30, 0x83, 0xf8, 0x0a, 0x0f, 0x83, 0x6f, 0x00, 0x00, 0x00,
	0xe9, 0x0c, 0x00, 0x00, 0x00, 0x8b, 0x45, 0x08, 0x8b, 0x08, 0x89, 0xca,
	0x41, 0x89, 0x08, 0xeb, 0xdb, 0x8b, 0x45, 0xfc, 0x81, 0xf8, 0xcc, 0xcc,
	0xcc, 0x0c, 0x0f, 0x87, 0x25, 0x00, 0x00, 0x00, 0x8b, 0x45, 0x08, 0x8b,
	0x08, 0x0f, 0xbe, 0x01, 0x83, 0xe8, 0x30, 0x8b, 0x4d, 0xfc, 0xba, 0x0a,
	0x00, 0x00, 0x00, 0x0f, 0xaf, 0xca, 0xba, 0xff, 0xff, 0xff, 0x7f, 0x29,
	0xca, 0x39, 0xd0, 0x0f, 0x8e, 0x0d, 0x00, 0x00, 0x00, 0xb8, 0xff, 0xff,
	0xff, 0xff, 0x89, 0x45, 0xfc, 0xe9, 0x1b, 0x00, 0x00, 0x00, 0x8b, 0x45,
	0xfc, 0xb9, 0x0a, 0x00, 0x00, 0x00, 0x0f, 0xaf, 0xc1, 0x8b, 0x4d, 0x08,
	0x8b, 0x11, 0x0f, 0xbe, 0x0a, 0x83, 0xe9, 0x30, 0x01, 0xc8, 0x89, 0x45,
	0xfc, 0xeb, 0x96, 0x8b, 0x45, 0xfc, 0xc9, 0xc3, 0x55, 0x89, 0xe5, 0x81,
	0xec, 0x90, 0x00, 0x00, 0x00, 0x8b, 0x45, 0x0c, 0x89, 0x45, 0xf4, 0xb8,
	0x00, 0x00, 0x00, 0x00, 0x89, 0x45, 0xf0, 0xb8, 0x00, 0x00, 0x00, 0x00,
	0x89, 0x45, 0xc4, 0xb8, 0x00, 0x00, 0x00, 0x00, 0x89, 0x45, 0xc0, 0xb8,
	0xff, 0xff, 0xff, 0x7f, 0x8b, 0x4d, 0xc4, 0x29, 0xc8, 0x8b, 0x4d, 0xc0,
	0x39, 0xc1, 0x0f, 0x8e, 0x05, 0x00, 0x00, 0x00, 0xe9, 0x33, 0x0f, 0x00,
	0x00, 0x8b, 0x45, 0xc4, 0x8b, 0x4d, 0xc0, 0x01, 0xc8, 0x89, 0x45, 0xc4,
	0x8b, 0x45, 0xf4, 0x0f, 0xbe, 0x08, 0x83, 0xf9, 0x00, 0x0f, 0x85, 0x05,
	0x00, 0x00, 0x00, 0xe9, 0x1e, 0x0e, 0x00, 0x00, 0x8b, 0x45, 0xf4, 0x89,
	0x45, 0xfc, 0x8b, 0x45, 0xf4, 0x0f, 0xbe, 0x08, 0x83, 0xf9, 0x00, 0x0f,
	0x84, 0x21, 0x00, 0x00, 0x00, 0x8b, 0x45, 0xf4, 0x0f, 0xbe, 0x08, 0x83,
	0xf9, 0x25, 0x0f, 0x84, 0x12, 0x00, 0x00, 0x00, 0xe9, 0x0b, 0x00, 0x00,
	0x00, 0x8b, 0x45, 0xf4, 0x89, 0xc1, 0x40, 0x89, 0x45, 0xf4, 0xeb, 0xd2,
	0xeb, 0xf3, 0x8b, 0x45, 0xf4, 0x89, 0x45, 0xf8, 0x8b, 0x45, 0xf4, 0x0f,
	0xbe, 0x08, 0x83, 0xf9, 0x25, 0x0f, 0x85, 0x2b, 0x00, 0x00, 0x00, 0x8b,
	0x45, 0xf4, 0x40, 0x0f, 0xbe, 0x08, 0x83, 0xf9, 0x25, 0x0f, 0x85, 0x1b,
	0x00, 0x00, 0x00, 0xe9, 0x14, 0x00, 0x00, 0x00, 0x8b, 0x45, 0xf8, 0x89,
	0xc1, 0x40, 0x89, 0x45, 0xf8, 0x8b, 0x45, 0xf4, 0x83, 0xc0, 0x02, 0x89,
	0x45, 0xf4, 0xeb, 0xc8, 0xeb, 0xea, 0x8b, 0x45, 0xf8, 0x8b, 0x4d, 0xfc,
	0x29, 0xc8, 0xb9, 0xff, 0xff, 0xff, 0x7f, 0x8b, 0x55, 0xc4, 0x29, 0xd1,
	0x39, 0xc8, 0x0f, 0x8e, 0x05, 0x00, 0x00, 0x00, 0xe9, 0x7f, 0x0e, 0x00,
	0x00, 0x8b, 0x45, 0xf8, 0x8b, 0x4d, 0xfc, 0x29, 0xc8, 0x89, 0x45, 0xc0,
	0x8b, 0x45, 0x08, 0x83, 0xf8, 0x00, 0x0f, 0x84, 0x14, 0x00, 0x00, 0x00,
	0x8b, 0x45, 0xc0, 0x50, 0x8b, 0x45, 0xfc, 0x50, 0x8b, 0x45, 0x08, 0x50,
	0xe8, 0x49, 0xe0, 0xff, 0xff, 0x83, 0xc4, 0x0c, 0x8b, 0x45, 0xc0, 0x83,
	0xf8, 0x00, 0x0f, 0x84, 0x05, 0x00, 0x00, 0x00, 0xe9, 0xf6, 0xfe, 0xff,
	0xff, 0x8b, 0x45, 0xf4, 0x40, 0x0f, 0xbe, 0x08, 0x83, 0xe9, 0x30, 0x83,
	0xf9, 0x0a, 0x0f, 0x83, 0x35, 0x00, 0x00, 0x00, 0x8b, 0x45, 0xf4, 0x83,
	0xc0, 0x02, 0x0f, 0xbe, 0x08, 0x83, 0xf9, 0x24, 0x0f, 0x85, 0x23, 0x00,
	0x00, 0x00, 0xb8, 0x01, 0x00, 0x00, 0x00, 0x89, 0x45, 0xf0, 0x8b, 0x45,
	0xf4, 0x40, 0x0f, 0xbe, 0x08, 0x83, 0xe9, 0x30, 0x89, 0x4d, 0xd0, 0x8b,
	0x45, 0xf4, 0x83, 0xc0, 0x03, 0x89, 0x45, 0xf4, 0xe9, 0x11, 0x00, 0x00,
	0x00, 0xb8, 0xff, 0xff, 0xff, 0xff, 0x89, 0x45, 0xd0, 0x8b, 0x45, 0xf4,
	0x89, 0xc1, 0x40, 0x89, 0x45, 0xf4, 0xb8, 0x00, 0x00, 0x00, 0x00, 0x89,
	0x45, 0xec, 0x8b, 0x45, 0xf4, 0x0f, 0xbe, 0x08, 0x83, 0xe9, 0x20, 0x83,
	0xf9, 0x20, 0x0f, 0x83, 0x49, 0x00, 0x00, 0x00, 0x8b, 0x45, 0xf4, 0x0f,
	0xbe, 0x08, 0x83, 0xe9, 0x20, 0xb8, 0x01, 0x00, 0x00, 0x00, 0xd3, 0xe0,
	0x81, 0xe0, 0x89, 0x28, 0x01, 0x00, 0x83, 0xf8, 0x00, 0x0f, 0x84, 0x2a,
	0x00, 0x00, 0x00, 0xe9, 0x0b, 0x00, 0x00, 0x00, 0x8b, 0x45, 0xf4, 0x89,
	0xc1, 0x40, 0x89, 0x45, 0xf4, 0xeb, 0xbf, 0x8b, 0x45, 0xf4, 0x0f, 0xbe,
	0x08, 0x83, 0xe9, 0x20, 0xb8, 0x01, 0x00, 0x00, 0x00, 0xd3, 0xe0, 0x8b,
	0x4d, 0xec, 0x09, 0xc1, 0x89, 0x4d, 0xec, 0xeb, 0xdb, 0x8b, 0x45, 0xf4,
	0x0f, 0xbe, 0x08, 0x83, 0xf9, 0x2a, 0x0f, 0x85, 0xff, 0x00, 0x00, 0x00,
	0x8b, 0x45, 0xf4, 0x40, 0x0f, 0xbe, 0x08, 0x83, 0xe9, 0x30, 0x83, 0xf9,
	0x0a, 0x0f, 0x83, 0x76, 0x00, 0x00, 0x00, 0x8b, 0x45, 0xf4, 0x83, 0xc0,
	0x02, 0x0f, 0xbe, 0x08, 0x83, 0xf9, 0x24, 0x0f, 0x85, 0x64, 0x00, 0x00,
	0x00, 0xb8, 0x01, 0x00, 0x00, 0x00, 0x89, 0x45, 0xf0, 0x8b, 0x45, 0x08,
	0x83, 0xf8, 0x00, 0x0f, 0x85, 0x26, 0x00, 0x00, 0x00, 0x8b, 0x45, 0xf4,
	0x40, 0x0f, 0xbe, 0x08, 0x83, 0xe9, 0x30, 0xc1, 0xe1, 0x02, 0x8b, 0x45,
	0x18, 0x01, 0xc8, 0xb9, 0x0a, 0x00, 0x00, 0x00, 0x89, 0x08, 0xb8, 0x00,
	0x00, 0x00, 0x00, 0x89, 0x45, 0xe8, 0xe9, 0x1c, 0x00, 0x00, 0x00, 0x8b,
	0x45, 0xf4, 0x40, 0x0f, 0xbe, 0x08, 0x83, 0xe9, 0x30, 0xb8, 0x0c, 0x00,
	0x00, 0x00, 0x0f, 0xaf, 0xc8, 0x8b, 0x45, 0x14, 0x01, 0xc8, 0x8b, 0x08,
	0x89, 0x4d, 0xe8, 0x8b, 0x45, 0xf4, 0x83, 0xc0, 0x03, 0x89, 0x45, 0xf4,
	0xe9, 0x4c, 0x00, 0x00, 0x00, 0x8b, 0x45, 0xf0, 0x83, 0xf8, 0x00, 0x0f,
	0x85, 0x3b, 0x00, 0x00, 0x00, 0x8b, 0x45, 0x08, 0x83, 0xf8, 0x00, 0x0f,
	0x84, 0x12, 0x00, 0x00, 0x00, 0x8b, 0x45, 0x10, 0x8b, 0x08, 0x83, 0xc1,
	0x04, 0x89, 0x08, 0x83, 0xe9, 0x04, 0xe9, 0x0a, 0x00, 0x00, 0x00, 0xb8,
	0x00, 0x00, 0x00, 0x00, 0xe9, 0x02, 0x00, 0x00, 0x00, 0x8b, 0x01, 0x89,
	0x45, 0xe8, 0x8b, 0x45, 0xf4, 0x89, 0xc1, 0x40, 0x89, 0x45, 0xf4, 0xe9,
	0x05, 0x00, 0x00, 0x00, 0xe9, 0x8d, 0x0c, 0x00, 0x00, 0x8b, 0x45, 0xe8,
	0x83, 0xf8, 0x00, 0x0f, 0x8d, 0x19, 0x00, 0x00, 0x00, 0x8b, 0x45, 0xec,
	0x81, 0xc8, 0x00, 0x20, 0x00, 0x00, 0x89, 0x45, 0xec, 0xb8, 0x00, 0x00,
	0x00, 0x00, 0x8b, 0x4d, 0xe8, 0x29, 0xc8, 0x89, 0x45, 0xe8, 0xe9, 0x1d,
	0x00, 0x00, 0x00, 0x8d, 0x45, 0xf4, 0x50, 0xe8, 0x63, 0xfc, 0xff, 0xff,
	0x83, 0xc4, 0x04, 0x89, 0x45, 0xe8, 0x83, 0xf8, 0x00, 0x0f, 0x8d, 0x05,
	0x00, 0x00, 0x00, 0xe9, 0x5c, 0x0c, 0x00, 0x00, 0x8b, 0x45, 0xf4, 0x0f,
	0xbe, 0x08, 0x83, 0xf9, 0x2e, 0x0f, 0x85, 0xf7, 0x00, 0x00, 0x00, 0x8b,
	0x45, 0xf4, 0x40, 0x0f, 0xbe, 0x08, 0x83, 0xf9, 0x2a, 0x0f, 0x85, 0xe7,
	0x00, 0x00, 0x00, 0x8b, 0x45, 0xf4, 0x83, 0xc0, 0x02, 0x0f, 0xbe, 0x08,
	0x83, 0xe9, 0x30, 0x83, 0xf9, 0x0a, 0x0f, 0x83, 0x72, 0x00, 0x00, 0x00,
	0x8b, 0x45, 0xf4, 0x83, 0xc0, 0x03, 0x0f, 0xbe, 0x08, 0x83, 0xf9, 0x24,
	0x0f, 0x85, 0x60, 0x00, 0x00, 0x00, 0x8b, 0x45, 0x08, 0x83, 0xf8, 0x00,
	0x0f, 0x85, 0x28, 0x00, 0x00, 0x00, 0x8b, 0x45, 0xf4, 0x83, 0xc0, 0x02,
	0x0f, 0xbe, 0x08, 0x83, 0xe9, 0x30, 0xc1, 0xe1, 0x02, 0x8b, 0x45, 0x18,
	0x01, 0xc8, 0xb9, 0x0a, 0x00, 0x00, 0x00, 0x89, 0x08, 0xb8, 0x00, 0x00,
	0x00, 0x00, 0x89, 0x45, 0xe4, 0xe9, 0x1e, 0x00, 0x00, 0x00, 0x8b, 0x45,
	0xf4, 0x83, 0xc0, 0x02, 0x0f, 0xbe, 0x08, 0x83, 0xe9, 0x30, 0xb8, 0x0c,
	0x00, 0x00, 0x00, 0x0f, 0xaf, 0xc8, 0x8b, 0x45, 0x14, 0x01, 0xc8, 0x8b,
	0x08, 0x89, 0x4d, 0xe4, 0x8b, 0x45, 0xf4, 0x83, 0xc0, 0x04, 0x89, 0x45,
	0xf4, 0xe9, 0x4c, 0x00, 0x00, 0x00, 0x8b, 0x45, 0xf0, 0x83, 0xf8, 0x00,
	0x0f, 0x85, 0x3b, 0x00, 0x00, 0x00, 0x8b, 0x45, 0x08, 0x83, 0xf8, 0x00,
	0x0f, 0x84, 0x12, 0x00, 0x00, 0x00, 0x8b, 0x45, 0x10, 0x8b, 0x08, 0x83,
	0xc1, 0x04, 0x89, 0x08, 0x83, 0xe9, 0x04, 0xe9, 0x0a, 0x00, 0x00, 0x00,
	0xb8, 0x00, 0x00, 0x00, 0x00, 0xe9, 0x02, 0x00, 0x00, 0x00, 0x8b, 0x01,
	0x89, 0x45, 0xe4, 0x8b, 0x45, 0xf4, 0x83, 0xc0, 0x02, 0x89, 0x45, 0xf4,
	0xe9, 0x05, 0x00, 0x00, 0x00, 0xe9, 0x54, 0x0b, 0x00, 0x00, 0x8b, 0x45,
	0xe4, 0x83, 0xf8, 0x00, 0x0f, 0x9d, 0xc0, 0x0f, 0xb6, 0xc0, 0x89, 0x45,
	0xe0, 0xe9, 0x44, 0x00, 0x00, 0x00, 0x8b, 0x45, 0xf4, 0x0f, 0xbe, 0x08,
	0x83, 0xf9, 0x2e, 0x0f, 0x85, 0x25, 0x00, 0x00, 0x00, 0x8b, 0x45, 0xf4,
	0x89, 0xc1, 0x40, 0x89, 0x45, 0xf4, 0x8d, 0x45, 0xf4, 0x50, 0xe8, 0x28,
	0xfb, 0xff, 0xff, 0x83, 0xc4, 0x04, 0x89, 0x45, 0xe4, 0xb8, 0x01, 0x00,
	0x00, 0x00, 0x89, 0x45, 0xe0, 0xe9, 0x10, 0x00, 0x00, 0x00, 0xb8, 0xff,
	0xff, 0xff, 0xff, 0x89, 0x45, 0xe4, 0xb8, 0x00, 0x00, 0x00, 0x00, 0x89,
	0x45, 0xe0, 0xb8, 0x00, 0x00, 0x00, 0x00, 0x89, 0x45, 0xcc, 0x8b, 0x45,
	0xf4, 0x0f, 0xbe, 0x08, 0x83, 0xe9, 0x41, 0x83, 0xf9, 0x39, 0x0f, 0x86,
	0x05, 0x00, 0x00, 0x00, 0xe9, 0xdd, 0x0a, 0x00, 0x00, 0x8b, 0x45, 0xcc,
	0x89, 0x45, 0xc8, 0x8b, 0x45, 0xcc, 0xb9, 0x3a, 0x00, 0x00, 0x00, 0x0f,
	0xaf, 0xc1, 0xb9, 0xd4, 0x26, 0x05, 0x08, 0x01, 0xc1, 0x8b, 0x45, 0xf4,
	0x89, 0xc2, 0x40, 0x89, 0x45, 0xf4, 0x0f, 0xbe, 0x02, 0x83, 0xe8, 0x41,
	0x01, 0xc1, 0x0f, 0xb6, 0x01, 0x89, 0x45, 0xcc, 0x8b, 0x45, 0xcc, 0x48,
	0x83, 0xf8, 0x08, 0x0f, 0x82, 0xad, 0xff, 0xff, 0xff, 0x8b, 0x45, 0xcc,
	0x83, 0xf8, 0x00, 0x0f, 0x85, 0x05, 0x00, 0x00, 0x00, 0xe9, 0x90, 0x0a,
	0x00, 0x00, 0x8b, 0x45, 0xcc, 0x83, 0xf8, 0x1b, 0x0f, 0x85, 0x16, 0x00,
	0x00, 0x00, 0x8b, 0x45, 0xd0, 0x83, 0xf8, 0x00, 0x0f, 0x8c, 0x05, 0x00,
	0x00, 0x00, 0xe9, 0x73, 0x0a, 0x00, 0x00, 0xe9, 0x8a, 0x00, 0x00, 0x00,
	0x8b, 0x45, 0xd0, 0x83, 0xf8, 0x00, 0x0f, 0x8c, 0x4f, 0x00, 0x00, 0x00,
	0x8b, 0x45, 0x08, 0x83, 0xf8, 0x00, 0x0f, 0x85, 0x15, 0x00, 0x00, 0x00,
	0x8b, 0x45, 0xd0, 0xc1, 0xe0, 0x02, 0x8b, 0x4d, 0x18, 0x01, 0xc1, 0x8b,
	0x45, 0xcc, 0x89, 0x01, 0xe9, 0x29, 0x00, 0x00, 0x00, 0x8b, 0x45, 0xd0,
	0xb9, 0x0c, 0x00, 0x00, 0x00, 0x0f, 0xaf, 0xc1, 0x8b, 0x4d, 0x14, 0x01,
	0xc1, 0xb8, 0x0c, 0x00, 0x00, 0x00, 0x50, 0x51, 0x8d, 0x45, 0xd4, 0x50,
	0x89, 0x8d, 0x70, 0xff, 0xff, 0xff, 0xe8, 0x49, 0xca, 0xff, 0xff, 0x83,
	0xc4, 0x0c, 0xe9, 0x2f, 0x00, 0x00, 0x00, 0x8b, 0x45, 0x08, 0x83, 0xf8,
	0x00, 0x0f, 0x84, 0x19, 0x00, 0x00, 0x00, 0x8b, 0x45, 0x10, 0x50, 0x8b,
	0x45, 0xcc, 0x50, 0x8d, 0x45, 0xd4, 0x50, 0xe8, 0xac, 0xd8, 0xff, 0xff,
	0x83, 0xc4, 0x0c, 0xe9, 0x0a, 0x00, 0x00, 0x00, 0xb8, 0x00, 0x00, 0x00,
	0x00, 0xe9, 0x0b, 0x0a, 0x00, 0x00, 0x8b, 0x45, 0x08, 0x83, 0xf8, 0x00,
	0x0f, 0x85, 0x05, 0x00, 0x00, 0x00, 0xe9, 0x9c, 0xfa, 0xff, 0xff, 0x8b,
	0x45, 0x08, 0x8b, 0x08, 0x83, 0xe1, 0x20, 0x83, 0xf9, 0x00, 0x0f, 0x84,
	0x0a, 0x00, 0x00, 0x00, 0xb8, 0xff, 0xff, 0xff, 0xff, 0xe9, 0xdf, 0x09,
	0x00, 0x00, 0x8d, 0x45, 0xbc, 0x89, 0x45, 0xf8, 0xb8, 0xe4, 0x29, 0x05,
	0x08, 0x89, 0x45, 0x8c, 0xb8, 0x00, 0x00, 0x00, 0x00, 0x89, 0x45, 0x84,
	0x8b, 0x45, 0xf4, 0x48, 0x0f, 0xbe, 0x08, 0x89, 0x4d, 0x88, 0x8b, 0x45,
	0xc8, 0x83, 0xf8, 0x00, 0x0f, 0x84, 0x18, 0x00, 0x00, 0x00, 0x8b, 0x45,
	0x88, 0x83, 0xe0, 0x0f, 0x83, 0xf8, 0x03, 0x0f, 0x85, 0x09, 0x00, 0x00,
	0x00, 0x8b, 0x45, 0x88, 0x83, 0xe0, 0xdf, 0x89, 0x45, 0x88, 0x8b, 0x45,
	0xec, 0x81, 0xe0, 0x00, 0x20, 0x00, 0x00, 0x83, 0xf8, 0x00, 0x0f, 0x84,
	0x0c, 0x00, 0x00, 0x00, 0x8b, 0x45, 0xec, 0x81, 0xe0, 0xff, 0xff, 0xfe,
	0xff, 0x89, 0x45, 0xec, 0xe9, 0x40, 0x06, 0x00, 0x00, 0xe9, 0x70, 0x00,
	0x00, 0x00, 0x8b, 0x45, 0xd4, 0x8b, 0x4d, 0xc4, 0x89, 0x08, 0xe9, 0xaa,
	0x00, 0x00, 0x00, 0x8b, 0x45, 0xd4, 0x8b, 0x4d, 0xc4, 0x89, 0x08, 0xe9,
	0x9d, 0x00, 0x00, 0x00, 0x8b, 0x45, 0xd4, 0x8b, 0x4d, 0xc4, 0x89, 0xca,
	0xc1, 0xfa, 0x1f, 0x89, 0x08, 0x83, 0xc0, 0x04, 0x89, 0x10, 0xe9, 0x86,
	0x00, 0x00, 0x00, 0x8b, 0x45, 0xd4, 0x8b, 0x4d, 0xc4, 0x66, 0x89, 0x08,
	0xe9, 0x78, 0x00, 0x00, 0x00, 0x8b, 0x45, 0xd4, 0x8b, 0x4d, 0xc4, 0x88,
	0x08, 0xe9, 0x6b, 0x00, 0x00, 0x00, 0x8b, 0x45, 0xd4, 0x8b, 0x4d, 0xc4,
	0x89, 0x08, 0xe9, 0x5e, 0x00, 0x00, 0x00, 0x8b, 0x45, 0xd4, 0x8b, 0x4d,
	0xc4, 0x89, 0xca, 0xc1, 0xfa, 0x1f, 0x89, 0x08, 0x83, 0xc0, 0x04, 0x89,
	0x10, 0xe9, 0x47, 0x00, 0x00, 0x00, 0x8b, 0x45, 0xc8, 0x83, 0xf8, 0x00,
	0x0f, 0x84, 0x84, 0xff, 0xff, 0xff, 0x83, 0xf8, 0x01, 0x0f, 0x84, 0x88,
	0xff, 0xff, 0xff, 0x83, 0xf8, 0x02, 0x0f, 0x84, 0x8c, 0xff, 0xff, 0xff,
	0x83, 0xf8, 0x03, 0x0f, 0x84, 0x9a, 0xff, 0xff, 0xff, 0x83, 0xf8, 0x04,
	0x0f, 0x84, 0x9f, 0xff, 0xff, 0xff, 0x83, 0xf8, 0x06, 0x0f, 0x84, 0xa3,
	0xff, 0xff, 0xff, 0x83, 0xf8, 0x07, 0x0f, 0x84, 0xa7, 0xff, 0xff, 0xff,
	0xe9, 0x00, 0x00, 0x00, 0x00, 0xe9, 0x59, 0xf9, 0xff, 0xff, 0x8b, 0x45,
	0xe4, 0x83, 0xf8, 0x08, 0x0f, 0x86, 0x05, 0x00, 0x00, 0x00, 0xe9, 0x0a,
	0x00, 0x00, 0x00, 0xb8, 0x08, 0x00, 0x00, 0x00, 0xe9, 0x03, 0x00, 0x00,
	0x00, 0x8b, 0x45, 0xe4, 0x89, 0x45, 0xe4, 0xb8, 0x78, 0x00, 0x00, 0x00,
	0x89, 0x45, 0x88, 0x8b, 0x45, 0xec, 0x83, 0xc8, 0x08, 0x89, 0x45, 0xec,
	0x8b, 0x45, 0x88, 0x83, 0xe0, 0x20, 0x50, 0x8b, 0x45, 0xf8, 0x50, 0x8b,
	0x45, 0xd4, 0x8b, 0x4d, 0xd8, 0x51, 0x50, 0xe8, 0x4f, 0xdb, 0xff, 0xff,
	0x83, 0xc4, 0x10, 0x89, 0x45, 0xfc, 0x8b, 0x45, 0xd8, 0x83, 0xf8, 0x00,
	0x0f, 0x85, 0x0c, 0x00, 0x00, 0x00, 0x8b, 0x45, 0xd4, 0x83, 0xf8, 0x00,
	0x0f, 0x84, 0x25, 0x00, 0x00, 0x00, 0x8b, 0x45, 0xec, 0x83, 0xe0, 0x08,
	0x83, 0xf8, 0x00, 0x0f, 0x84, 0x16, 0x00, 0x00, 0x00, 0x8b, 0x45, 0x88,
	0xc1, 0xf8, 0x04, 0x8b, 0x4d, 0x8c, 0x01, 0xc1, 0x89, 0x4d, 0x8c, 0xb8,
	0x02, 0x00, 0x00, 0x00, 0x89, 0x45, 0x84, 0xe9, 0x46, 0x00, 0x00, 0x00,
	0x8b, 0x45, 0xf8, 0x50, 0x8b, 0x45, 0xd4, 0x8b, 0x4d, 0xd8, 0x51, 0x50,
	0xe8, 0x61, 0xdb, 0xff, 0xff, 0x83, 0xc4, 0x0c, 0x89, 0x45, 0xfc, 0x8b,
	0x45, 0xec, 0x83, 0xe0, 0x08, 0x83, 0xf8, 0x00, 0x0f, 0x84, 0x20, 0x00,
	0x00, 0x00, 0x8b, 0x45, 0xf8, 0x8b, 0x4d, 0xfc, 0x29, 0xc8, 0x40, 0x8b,
	0x4d, 0xe4, 0x39, 0xc1, 0x0f, 0x8d, 0x0c, 0x00, 0x00, 0x00, 0x8b, 0x45,
	0xf8, 0x8b, 0x4d, 0xfc, 0x29, 0xc8, 0x40, 0x89, 0x45, 0xe4, 0xe9, 0xa4,
	0x00, 0x00, 0x00, 0xb8, 0x01, 0x00, 0x00, 0x00, 0x89, 0x45, 0x84, 0x8b,
	0x45, 0xd8, 0x81, 0xf8, 0xff, 0xff, 0xff, 0x7f, 0x0f, 0x82, 0x31, 0x00,
	0x00, 0x00, 0x0f, 0x85, 0x0c, 0x00, 0x00, 0x00, 0x8b, 0x45, 0xd4, 0x83,
	0xf8, 0xff, 0x0f, 0x86, 0x1f, 0x00, 0x00, 0x00, 0xb8, 0x00, 0x00, 0x00,
	0x00, 0x8b, 0x4d, 0xd4, 0x29, 0xc8, 0xb9, 0x00, 0x00, 0x00, 0x00, 0x8b,
	0x55, 0xd8, 0x19, 0xd1, 0x89, 0x45, 0xd4, 0x89, 0x4d, 0xd8, 0xe9, 0x45,
	0x00, 0x00, 0x00, 0x8b, 0x45, 0xec, 0x81, 0xe0, 0x00, 0x08, 0x00, 0x00,
	0x83, 0xf8, 0x00, 0x0f, 0x84, 0x0e, 0x00, 0x00, 0x00, 0x8b, 0x45, 0x8c,
	0x89, 0xc1, 0x40, 0x89, 0x45, 0x8c, 0xe9, 0x25, 0x00, 0x00, 0x00, 0x8b,
	0x45, 0xec, 0x83, 0xe0, 0x01, 0x83, 0xf8, 0x00, 0x0f, 0x84, 0x0e, 0x00,
	0x00, 0x00, 0x8b, 0x45, 0x8c, 0x83, 0xc0, 0x02, 0x89, 0x45, 0x8c, 0xe9,
	0x08, 0x00, 0x00, 0x00, 0xb8, 0x00, 0x00, 0x00, 0x00, 0x89, 0x45, 0x84,
	0x8b, 0x45, 0xf8, 0x50, 0x8b, 0x45, 0xd4, 0x8b, 0x4d, 0xd8, 0x51, 0x50,
	0xe8, 0xeb, 0xda, 0xff, 0xff, 0x83, 0xc4, 0x0c, 0x89, 0x45, 0xfc, 0x8b,
	0x45, 0xe0, 0x83, 0xf8, 0x00, 0x0f, 0x84, 0x11, 0x00, 0x00, 0x00, 0x8b,
	0x45, 0xe4, 0x83, 0xf8, 0x00, 0x0f, 0x8d, 0x05, 0x00, 0x00, 0x00, 0xe9,
	0x08, 0x07, 0x00, 0x00, 0x8b, 0x45, 0xe0, 0x83, 0xf8, 0x00, 0x0f, 0x84,
	0x0c, 0x00, 0x00, 0x00, 0x8b, 0x45, 0xec, 0x81, 0xe0, 0xff, 0xff, 0xfe,
	0xff, 0x89, 0x45, 0xec, 0x8b, 0x45, 0xd8, 0x83, 0xf8, 0x00, 0x0f, 0x85,
	0x23, 0x00, 0x00, 0x00, 0x8b, 0x45, 0xd4, 0x83, 0xf8, 0x00, 0x0f, 0x85,
	0x17, 0x00, 0x00, 0x00, 0x8b, 0x45, 0xe4, 0x83, 0xf8, 0x00, 0x0f, 0x85,
	0x0b, 0x00, 0x00, 0x00, 0x8b, 0x45, 0xf8, 0x89, 0x45, 0xfc, 0xe9, 0x89,
	0x04, 0x00, 0x00, 0x8b, 0x45, 0xf8, 0x8b, 0x4d, 0xfc, 0x29, 0xc8, 0x89,
	0x85, 0x70, 0xff, 0xff, 0xff, 0x8b, 0x45, 0xd8, 0x83, 0xf8, 0x00, 0x0f,
	0x85, 0x0c, 0x00, 0x00, 0x00, 0x8b, 0x45, 0xd4, 0x83, 0xf8, 0x00, 0x0f,
	0x84, 0x07, 0x00, 0x00, 0x00, 0xb8, 0x00, 0x00, 0x00, 0x00, 0xeb, 0x05,
	0xb8, 0x01, 0x00, 0x00, 0x00, 0x8b, 0x8d, 0x70, 0xff, 0xff, 0xff, 0x01,
	0xc1, 0x8b, 0x45, 0xe4, 0x39, 0xc8, 0x0f, 0x8e, 0x05, 0x00, 0x00, 0x00,
	0xe9, 0x3f, 0x00, 0x00, 0x00, 0x8b, 0x45, 0xf8, 0x8b, 0x4d, 0xfc, 0x29,
	0xc8, 0x89, 0x85, 0x70, 0xff, 0xff, 0xff, 0x8b, 0x45, 0xd8, 0x83, 0xf8,
	0x00, 0x0f, 0x85, 0x0c, 0x00, 0x00, 0x00, 0x8b, 0x45, 0xd4, 0x83, 0xf8,
	0x00, 0x0f, 0x84, 0x07, 0x00, 0x00, 0x00, 0xb8, 0x00, 0x00, 0x00, 0x00,
	0xeb, 0x05, 0xb8, 0x01, 0x00, 0x00, 0x00, 0x8b, 0x8d, 0x70, 0xff, 0xff,
	0xff, 0x01, 0xc1, 0xe9, 0x05, 0x00, 0x00, 0x00, 0x8b, 0x45, 0xe4, 0x89,
	0xc1, 0x89, 0x4d, 0xe4, 0xe9, 0xf3, 0x03, 0x00, 0x00, 0xb8, 0x01, 0x00,
	0x00, 0x00, 0x89, 0x45, 0xe4, 0x8b, 0x4d, 0xf8, 0x29, 0xc1, 0x89, 0x4d,
	0xfc, 0x8b, 0x45, 0xd4, 0x8b, 0x55, 0xd8, 0x88, 0x01, 0x8b, 0x45, 0xec,
	0x81, 0xe0, 0xff, 0xff, 0xfe, 0xff, 0x89, 0x45, 0xec, 0xe9, 0xca, 0x03,
	0x00, 0x00, 0xe8, 0x45, 0xcf, 0xff, 0xff, 0x8b, 0x08, 0x51, 0xe8, 0xea,
	0x09, 0x00, 0x00, 0x83, 0xc4, 0x04, 0x89, 0x45, 0xfc, 0xe9, 0x21, 0x00,
	0x00, 0x00, 0x8b, 0x45, 0xd4, 0x83, 0xf8, 0x00, 0x0f, 0x84, 0x05, 0x00,
	0x00, 0x00, 0xe9, 0x0a, 0x00, 0x00, 0x00, 0xb8, 0xee, 0x29, 0x05, 0x08,
	0xe9, 0x03, 0x00, 0x00, 0x00, 0x8b, 0x45, 0xd4, 0x89, 0x45, 0xfc, 0x8b,
	0x45, 0xe4, 0x83, 0xf8, 0x00, 0x0f, 0x8d, 0x05, 0x00, 0x00, 0x00, 0xe9,
	0x08, 0x00, 0x00, 0x00, 0x8b, 0x45, 0xe4, 0xe9, 0x05, 0x00, 0x00, 0x00,
	0xb8, 0xff, 0xff, 0xff, 0x7f, 0x50, 0x8b, 0x45, 0xfc, 0x50, 0xe8, 0x11,
	0x08, 0x00, 0x00, 0x83, 0xc4, 0x08, 0x8b, 0x4d, 0xfc, 0x01, 0xc1, 0x89,
	0x4d, 0xf8, 0x8b, 0x45, 0xe4, 0x83, 0xf8, 0x00, 0x0f, 0x8d, 0x14, 0x00,
	0x00, 0x00, 0x8b, 0x45, 0xf8, 0x0f, 0xbe, 0x08, 0x83, 0xf9, 0x00, 0x0f,
	0x84, 0x05, 0x00, 0x00, 0x00, 0xe9, 0x76, 0x05, 0x00, 0x00, 0x8b, 0x45,
	0xf8, 0x8b, 0x4d, 0xfc, 0x29, 0xc8, 0x89, 0x45, 0xe4, 0x8b, 0x45, 0xec,
	0x81, 0xe0, 0xff, 0xff, 0xfe, 0xff, 0x89, 0x45, 0xec, 0xe9, 0x22, 0x03,
	0x00, 0x00, 0x8b, 0x45, 0xd4, 0x89, 0x85, 0x7c, 0xff, 0xff, 0xff, 0xb8,
	0x00, 0x00, 0x00, 0x00, 0x89, 0x45, 0x80, 0x8d, 0x85, 0x7c, 0xff, 0xff,
	0xff, 0x89, 0x45, 0xd4, 0xb8, 0xff, 0xff, 0xff, 0xff, 0x89, 0x45, 0xe4,
	0x8b, 0x45, 0xd4, 0x89, 0x85, 0x78, 0xff, 0xff, 0xff, 0xb8, 0x00, 0x00,
	0x00, 0x00, 0x89, 0x45, 0xc0, 0x89, 0x45, 0xbc, 0x8b, 0x45, 0xbc, 0x8b,
	0x4d, 0xe4, 0x39, 0xc8, 0x0f, 0x83, 0x67, 0x00, 0x00, 0x00, 0x8b, 0x85,
	0x78, 0xff, 0xff, 0xff, 0x8b, 0x08, 0x83, 0xf9, 0x00, 0x0f, 0x84, 0x56,
	0x00, 0x00, 0x00, 0x8b, 0x85, 0x78, 0xff, 0xff, 0xff, 0x89, 0xc1, 0x83,
	0xc0, 0x04, 0x89, 0x85, 0x78, 0xff, 0xff, 0xff, 0x8b, 0x01, 0x50, 0x8d,
	0x85, 0x74, 0xff, 0xff, 0xff, 0x50, 0xe8, 0x69, 0x0b, 0x00, 0x00, 0x83,
	0xc4, 0x08, 0x89, 0x45, 0xc0, 0x83, 0xf8, 0x00, 0x0f, 0x8c, 0x27, 0x00,
	0x00, 0x00, 0x8b, 0x45, 0xe4, 0x8b, 0x4d, 0xbc, 0x29, 0xc8, 0x8b, 0x4d,
	0xc0, 0x39, 0xc1, 0x0f, 0x87, 0x14, 0x00, 0x00, 0x00, 0xe9, 0x0d, 0x00,
	0x00, 0x00, 0x8b, 0x45, 0xbc, 0x8b, 0x4d, 0xc0, 0x01, 0xc8, 0x89, 0x45,
	0xbc, 0xeb, 0x8d, 0xeb, 0xf1, 0x8b, 0x45, 0xc0, 0x83, 0xf8, 0x00, 0x0f,
	0x8d, 0x0a, 0x00, 0x00, 0x00, 0xb8, 0xff, 0xff, 0xff, 0xff, 0xe9, 0xaa,
	0x04, 0x00, 0x00, 0x8b, 0x45, 0xbc, 0x81, 0xf8, 0xff, 0xff, 0xff, 0x7f,
	0x0f, 0x86, 0x05, 0x00, 0x00, 0x00, 0xe9, 0x85, 0x04, 0x00, 0x00, 0x8b,
	0x45, 0xbc, 0x89, 0x45, 0xe4, 0x8b, 0x45, 0xec, 0x50, 0x8b, 0x45, 0xe4,
	0x50, 0x8b, 0x45, 0xe8, 0x50, 0xb8, 0x20, 0x00, 0x00, 0x00, 0x50, 0x8b,
	0x45, 0x08, 0x50, 0xe8, 0x86, 0xd6, 0xff, 0xff, 0x83, 0xc4, 0x14, 0x8b,
	0x45, 0xd4, 0x89, 0x85, 0x78, 0xff, 0xff, 0xff, 0xb8, 0x00, 0x00, 0x00,
	0x00, 0x89, 0x45, 0xbc, 0x8b, 0x45, 0xe4, 0x8b, 0x4d, 0xbc, 0x39, 0xc1,
	0x0f, 0x83, 0x72, 0x00, 0x00, 0x00, 0x8b, 0x85, 0x78, 0xff, 0xff, 0xff,
	0x8b, 0x08, 0x83, 0xf9, 0x00, 0x0f, 0x84, 0x61, 0x00, 0x00, 0x00, 0x8b,
	0x85, 0x78, 0xff, 0xff, 0xff, 0x89, 0xc1, 0x83, 0xc0, 0x04, 0x89, 0x85,
	0x78, 0xff, 0xff, 0xff, 0x8b, 0x01, 0x50, 0x8d, 0x85, 0x74, 0xff, 0xff,
	0xff, 0x50, 0xe8, 0x95, 0x0a, 0x00, 0x00, 0x83, 0xc4, 0x08, 0x89, 0x45,
	0xc0, 0x8b, 0x4d, 0xbc, 0x01, 0xc1, 0x8b, 0x45, 0xe4, 0x39, 0xc1, 0x0f,
	0x87, 0x2b, 0x00, 0x00, 0x00, 0xe9, 0x0d, 0x00, 0x00, 0x00, 0x8b, 0x45,
	0xbc, 0x8b, 0x4d, 0xc0, 0x01, 0xc8, 0x89, 0x45, 0xbc, 0xeb, 0x99, 0x8b,
	0x45, 0xc0, 0x50, 0x8d, 0x85, 0x74, 0xff, 0xff, 0xff, 0x50, 0x8b, 0x45,
	0x08, 0x50, 0xe8, 0xc7, 0xd5, 0xff, 0xff, 0x83, 0xc4, 0x0c, 0xeb, 0xda,
	0x8b, 0x45, 0xec, 0x81, 0xf0, 0x00, 0x20, 0x00, 0x00, 0x50, 0x8b, 0x45,
	0xe4, 0x50, 0x8b, 0x45, 0xe8, 0x50, 0xb8, 0x20, 0x00, 0x00, 0x00, 0x50,
	0x8b, 0x45, 0x08, 0x50, 0xe8, 0xd1, 0xd5, 0xff, 0xff, 0x83, 0xc4, 0x14,
	0x8b, 0x45, 0xe8, 0x8b, 0x4d, 0xe4, 0x39, 0xc8, 0x0f, 0x8e, 0x05, 0x00,
	0x00, 0x00, 0xe9, 0x08, 0x00, 0x00, 0x00, 0x8b, 0x45, 0xe4, 0xe9, 0x03,
	0x00, 0x00, 0x00, 0x8b, 0x45, 0xe8, 0x89, 0x45, 0xc0, 0xe9, 0x39, 0xf4,
	0xff, 0xff, 0x8b, 0x45, 0xe0, 0x83, 0xf8, 0x00, 0x0f, 0x84, 0x11, 0x00,
	0x00, 0x00, 0x8b, 0x45, 0xe4, 0x83, 0xf8, 0x00, 0x0f, 0x8d, 0x05, 0x00,
	0x00, 0x00, 0xe9, 0x69, 0x03, 0x00, 0x00, 0x8b, 0x45, 0x88, 0x50, 0x8b,
	0x45, 0xec, 0x50, 0x8b, 0x45, 0xe4, 0x50, 0x8b, 0x45, 0xe8, 0x50, 0xdb,
	0x6d, 0xd4, 0x81, 0xec, 0x0c, 0x00, 0x00, 0x00, 0xdb, 0x7c, 0x24, 0x00,
	0x8b, 0x45, 0x08, 0x50, 0xe8, 0xd3, 0xd7, 0xff, 0xff, 0x83, 0xc4, 0x20,
	0x89, 0x45, 0xc0, 0x8b, 0x45, 0xc0, 0x83, 0xf8, 0x00, 0x0f, 0x8d, 0x05,
	0x00, 0x00, 0x00, 0xe9, 0x2c, 0x03, 0x00, 0x00, 0xe9, 0xda, 0xf3, 0xff,
	0xff, 0x8b, 0x45, 0x88, 0x83, 0xf8, 0x65, 0x0f, 0x8f, 0x76, 0x00, 0x00,
	0x00, 0x83, 0xf8, 0x65, 0x0f, 0x8d, 0x8c, 0xff, 0xff, 0xff, 0x83, 0xf8,
	0x53, 0x0f, 0x8f, 0x3b, 0x00, 0x00, 0x00, 0x83, 0xf8, 0x53, 0x0f, 0x8d,
	0xc8, 0xfd, 0xff, 0xff, 0x83, 0xf8, 0x41, 0x0f, 0x84, 0x71, 0xff, 0xff,
	0xff, 0x83, 0xf8, 0x43, 0x0f, 0x84, 0x94, 0xfd, 0xff, 0xff, 0x83, 0xf8,
	0x45, 0x0f, 0x84, 0x5f, 0xff, 0xff, 0xff, 0x83, 0xf8, 0x46, 0x0f, 0x84,
	0x56, 0xff, 0xff, 0xff, 0x83, 0xf8, 0x47, 0x0f, 0x84, 0x4d, 0xff, 0xff,
	0xff, 0xe9, 0x96, 0x00, 0x00, 0x00, 0x83, 0xf8, 0x58, 0x0f, 0x84, 0x51,
	0xfa, 0xff, 0xff, 0x83, 0xf8, 0x61, 0x0f, 0x84, 0x36, 0xff, 0xff, 0xff,
	0x83, 0xf8, 0x63, 0x0f, 0x84, 0x88, 0xfc, 0xff, 0xff, 0x83, 0xf8, 0x64,
	0x0f, 0x84, 0xe1, 0xfa, 0xff, 0xff, 0xe9, 0x6d, 0x00, 0x00, 0x00, 0x83,
	0xf8, 0x6f, 0x0f, 0x8f, 0x3b, 0x00, 0x00, 0x00, 0x83, 0xf8, 0x6f, 0x0f,
	0x8d, 0x7f, 0xfa, 0xff, 0xff, 0x83, 0xf8, 0x66, 0x0f, 0x84, 0x04, 0xff,
	0xff, 0xff, 0x83, 0xf8, 0x67, 0x0f, 0x84, 0xfb, 0xfe, 0xff, 0xff, 0x83,
	0xf8, 0x69, 0x0f, 0x84, 0xaf, 0xfa, 0xff, 0xff, 0x83, 0xf8, 0x6d, 0x0f,
	0x84, 0x6d, 0xfc, 0xff, 0xff, 0x83, 0xf8, 0x6e, 0x0f, 0x84, 0xff, 0xf8,
	0xff, 0xff, 0xe9, 0x29, 0x00, 0x00, 0x00, 0x83, 0xf8, 0x70, 0x0f, 0x84,
	0xb2, 0xf9, 0xff, 0xff, 0x83, 0xf8, 0x73, 0x0f, 0x84, 0x65, 0xfc, 0xff,
	0xff, 0x83, 0xf8, 0x75, 0x0f, 0x84, 0x0a, 0xfb, 0xff, 0xff, 0x83, 0xf8,
	0x78, 0x0f, 0x84, 0xc9, 0xf9, 0xff, 0xff, 0xe9, 0x00, 0x00, 0x00, 0x00,
	0x8b, 0x45, 0xf8, 0x8b, 0x4d, 0xfc, 0x29, 0xc8, 0x8b, 0x4d, 0xe4, 0x39,
	0xc1, 0x0f, 0x8d, 0x0b, 0x00, 0x00, 0x00, 0x8b, 0x45, 0xf8, 0x8b, 0x4d,
	0xfc, 0x29, 0xc8, 0x89, 0x45, 0xe4, 0xb8, 0xff, 0xff, 0xff, 0x7f, 0x8b,
	0x4d, 0x84, 0x29, 0xc8, 0x8b, 0x4d, 0xe4, 0x39, 0xc1, 0x0f, 0x8e, 0x05,
	0x00, 0x00, 0x00, 0xe9, 0x00, 0x02, 0x00, 0x00, 0x8b, 0x45, 0x84, 0x8b,
	0x4d, 0xe4, 0x01, 0xc8, 0x8b, 0x4d, 0xe8, 0x39, 0xc1, 0x0f, 0x8d, 0x0b,
	0x00, 0x00, 0x00, 0x8b, 0x45, 0x84, 0x8b, 0x4d, 0xe4, 0x01, 0xc8, 0x89,
	0x45, 0xe8, 0xb8, 0xff, 0xff, 0xff, 0x7f, 0x8b, 0x4d, 0xc4, 0x29, 0xc8,
	0x8b, 0x4d, 0xe8, 0x39, 0xc1, 0x0f, 0x8e, 0x05, 0x00, 0x00, 0x00, 0xe9,
	0xc8, 0x01, 0x00, 0x00, 0x8b, 0x45, 0x84, 0x8b, 0x4d, 0xe4, 0x01, 0xc8,
	0x8b, 0x4d, 0xec, 0x51, 0x50, 0x8b, 0x45, 0xe8, 0x50, 0xb8, 0x20, 0x00,
	0x00, 0x00, 0x50, 0x8b, 0x45, 0x08, 0x50, 0xe8, 0xca, 0xd3, 0xff, 0xff,
	0x83, 0xc4, 0x14, 0x8b, 0x45, 0x84, 0x50, 0x8b, 0x45, 0x8c, 0x50, 0x8b,
	0x45, 0x08, 0x50, 0xe8, 0x86, 0xd3, 0xff, 0xff, 0x83, 0xc4, 0x0c, 0x8b,
	0x45, 0x84, 0x8b, 0x4d, 0xe4, 0x01, 0xc8, 0x8b, 0x4d, 0xec, 0x81, 0xf1,
	0x00, 0x00, 0x01, 0x00, 0x51, 0x50, 0x8b, 0x45, 0xe8, 0x50, 0xb8, 0x30,
	0x00, 0x00, 0x00, 0x50, 0x8b, 0x45, 0x08, 0x50, 0xe8, 0x8d, 0xd3, 0xff,
	0xff, 0x83, 0xc4, 0x14, 0x8b, 0x45, 0xf8, 0x8b, 0x4d, 0xfc, 0x29, 0xc8,
	0xb9, 0x00, 0x00, 0x00, 0x00, 0x51, 0x50, 0x8b, 0x45, 0xe4, 0x50, 0xb8,
	0x30, 0x00, 0x00, 0x00, 0x50, 0x8b, 0x45, 0x08, 0x50, 0xe8, 0x68, 0xd3,
	0xff, 0xff, 0x83, 0xc4, 0x14, 0x8b, 0x45, 0xf8, 0x8b, 0x4d, 0xfc, 0x29,
	0xc8, 0x50, 0x8b, 0x45, 0xfc, 0x50, 0x8b, 0x45, 0x08, 0x50, 0xe8, 0x1f,
	0xd3, 0xff, 0xff, 0x83, 0xc4, 0x0c, 0x8b, 0x45, 0x84, 0x8b, 0x4d, 0xe4,
	0x01, 0xc8, 0x8b, 0x4d, 0xec, 0x81, 0xf1, 0x00, 0x20, 0x00, 0x00, 0x51,
	0x50, 0x8b, 0x45, 0xe8, 0x50, 0xb8, 0x20, 0x00, 0x00, 0x00, 0x50, 0x8b,
	0x45, 0x08, 0x50, 0xe8, 0x26, 0xd3, 0xff, 0xff, 0x83, 0xc4, 0x14, 0x8b,
	0x45, 0xe8, 0x89, 0x45, 0xc0, 0xe9, 0xa9, 0xf1, 0xff, 0xff, 0x8b, 0x45,
	0x08, 0x83, 0xf8, 0x00, 0x0f, 0x84, 0x08, 0x00, 0x00, 0x00, 0x8b, 0x45,
	0xc4, 0xe9, 0xf3, 0x00, 0x00, 0x00, 0x8b, 0x45, 0xf0, 0x83, 0xf8, 0x00,
	0x0f, 0x85, 0x0a, 0x00, 0x00, 0x00, 0xb8, 0x00, 0x00, 0x00, 0x00, 0xe9,
	0xdd, 0x00, 0x00, 0x00, 0xb8, 0x01, 0x00, 0x00, 0x00, 0x89, 0x45, 0xbc,
	0x8b, 0x45, 0xbc, 0x83, 0xf8, 0x09, 0x0f, 0x87, 0x53, 0x00, 0x00, 0x00,
	0x8b, 0x45, 0xbc, 0xc1, 0xe0, 0x02, 0x8b, 0x4d, 0x18, 0x01, 0xc1, 0x8b,
	0x01, 0x83, 0xf8, 0x00, 0x0f, 0x84, 0x3d, 0x00, 0x00, 0x00, 0xe9, 0x0b,
	0x00, 0x00, 0x00, 0x8b, 0x45, 0xbc, 0x89, 0xc1, 0x40, 0x89, 0x45, 0xbc,
	0xeb, 0xce, 0x8b, 0x45, 0xbc, 0xb9, 0x0c, 0x00, 0x00, 0x00, 0x0f, 0xaf,
	0xc1, 0x8b, 0x4d, 0x14, 0x01, 0xc1, 0x8b, 0x45, 0xbc, 0xc1, 0xe0, 0x02,
	0x8b, 0x55, 0x18, 0x01, 0xc2, 0x8b, 0x45, 0x10, 0x50, 0x8b, 0x02, 0x50,
	0x51, 0xe8, 0x0a, 0xcf, 0xff, 0xff, 0x83, 0xc4, 0x0c, 0xeb, 0xc8, 0x8b,
	0x45, 0xbc, 0x83, 0xf8, 0x09, 0x0f, 0x87, 0x28, 0x00, 0x00, 0x00, 0x8b,
	0x45, 0xbc, 0xc1, 0xe0, 0x02, 0x8b, 0x4d, 0x18, 0x01, 0xc1, 0x8b, 0x01,
	0x83, 0xf8, 0x00, 0x0f, 0x85, 0x12, 0x00, 0x00, 0x00, 0xe9, 0x0b, 0x00,
	0x00, 0x00, 0x8b, 0x45, 0xbc, 0x89, 0xc1, 0x40, 0x89, 0x45, 0xbc, 0xeb,
	0xce, 0xeb, 0xf3, 0x8b, 0x45, 0xbc, 0x83, 0xf8, 0x09, 0x0f, 0x87, 0x05,
	0x00, 0x00, 0x00, 0xe9, 0x0a, 0x00, 0x00, 0x00, 0xb8, 0x01, 0x00, 0x00,
	0x00, 0xe9, 0x27, 0x00, 0x00, 0x00, 0xe8, 0x59, 0xc9, 0xff, 0xff, 0xb9,
	0x16, 0x00, 0x00, 0x00, 0x89, 0x08, 0xb8, 0xff, 0xff, 0xff, 0xff, 0xe9,
	0x11, 0x00, 0x00, 0x00, 0xe8, 0x43, 0xc9, 0xff, 0xff, 0xb9, 0x4b, 0x00,
	0x00, 0x00, 0x89, 0x08, 0xb8, 0xff, 0xff, 0xff, 0xff, 0xc9, 0xc3, 0x55,
	0x89, 0xe5, 0x81, 0xec, 0x08, 0x01, 0x00, 0x00, 0xb8, 0x00, 0x00, 0x00,
	0x00, 0x89, 0x45, 0xd4, 0xb8, 0x24, 0x00, 0x00, 0x00, 0x50, 0xb8, 0x00,
	0x00, 0x00, 0x00, 0x50, 0x8d, 0x45, 0xd8, 0x50, 0xe8, 0x13, 0xc0, 0xff,
	0xff, 0x83, 0xc4, 0x0c, 0xb8, 0x00, 0x00, 0x00, 0x00, 0x89, 0x85, 0x08,
	0xff, 0xff, 0xff, 0x8b, 0x45, 0x10, 0x89, 0x45, 0xfc, 0x8d, 0x45, 0xd4,
	0x50, 0x8d, 0x85, 0x5c, 0xff, 0xff, 0xff, 0x50, 0x8d, 0x45, 0xfc, 0x50,
	0x8b, 0x45, 0x0c, 0x50, 0xb8, 0x00, 0x00, 0x00, 0x00, 0x50, 0xe8, 0x21,
	0xf0, 0xff, 0xff, 0x83, 0xc4, 0x14, 0x83, 0xf8, 0x00, 0x0f, 0x8d, 0x0a,
	0x00, 0x00, 0x00, 0xb8, 0xff, 0xff, 0xff, 0xff, 0xe9, 0xec, 0x01, 0x00,
	0x00, 0x8b, 0x45, 0x08, 0x83, 0xc0, 0x4c, 0x8b, 0x08, 0x83, 0xf9, 0x00,
	0x0f, 0x8c, 0x11, 0x00, 0x00, 0x00, 0x8b, 0x45, 0x08, 0x50, 0xe8, 0x61,
	0xc9, 0xff, 0xff, 0x83, 0xc4, 0x04, 0xe9, 0x0a, 0x00, 0x00, 0x00, 0xb8,
	0x00, 0x00, 0x00, 0x00, 0xe9, 0x00, 0x00, 0x00, 0x00, 0x89, 0x85, 0xfc,
	0xfe, 0xff, 0xff, 0x8b, 0x45, 0x08, 0x8b, 0x08, 0x83, 0xe1, 0x20, 0x89,
	0x8d, 0x04, 0xff, 0xff, 0xff, 0x8b, 0x45, 0x08, 0x8b, 0x08, 0x83, 0xe1,
	0xdf, 0x89, 0x08, 0x8b, 0x45, 0x08, 0x83, 0xc0, 0x30, 0x8b, 0x08, 0x83,
	0xf9, 0x00, 0x0f, 0x85, 0x52, 0x00, 0x00, 0x00, 0x8b, 0x45, 0x08, 0x83,
	0xc0, 0x2c, 0x8b, 0x08, 0x89, 0x8d, 0x08, 0xff, 0xff, 0xff, 0x8b, 0x45,
	0x08, 0x83, 0xc0, 0x2c, 0x8d, 0x8d, 0x0c, 0xff, 0xff, 0xff, 0x89, 0x08,
	0x8b, 0x45, 0x08, 0x83, 0xc0, 0x30, 0xb9, 0x50, 0x00, 0x00, 0x00, 0x89,
	0x08, 0x8b, 0x45, 0x08, 0x83, 0xc0, 0x14, 0x8b, 0x4d, 0x08, 0x83, 0xc1,
	0x1c, 0x8b, 0x55, 0x08, 0x83, 0xc2, 0x10, 0x89, 0x85, 0xf8, 0xfe, 0xff,
	0xff, 0xb8, 0x00, 0x00, 0x00, 0x00, 0x89, 0x02, 0x89, 0x01, 0x8b, 0x8d,
	0xf8, 0xfe, 0xff, 0xff, 0x89, 0x01, 0x8b, 0x45, 0x08, 0x83, 0xc0, 0x10,
	0x8b, 0x08, 0x83, 0xf9, 0x00, 0x0f, 0x85, 0x25, 0x00, 0x00, 0x00, 0x8b,
	0x45, 0x08, 0x50, 0xe8, 0xa8, 0xcc, 0xff, 0xff, 0x83, 0xc4, 0x04, 0x83,
	0xf8, 0x00, 0x0f, 0x84, 0x10, 0x00, 0x00, 0x00, 0xb8, 0xff, 0xff, 0xff,
	0xff, 0x89, 0x85, 0x00, 0xff, 0xff, 0xff, 0xe9, 0x25, 0x00, 0x00, 0x00,
	0x8d, 0x45, 0xd4, 0x50, 0x8d, 0x85, 0x5c, 0xff, 0xff, 0xff, 0x50, 0x8d,
	0x45, 0xfc, 0x50, 0x8b, 0x45, 0x0c, 0x50, 0x8b, 0x45, 0x08, 0x50, 0xe8,
	0x0c, 0xef, 0xff, 0xff, 0x83, 0xc4, 0x14, 0x89, 0x85, 0x00, 0xff, 0xff,
	0xff, 0x8b, 0x85, 0x08, 0xff, 0xff, 0xff, 0x83, 0xf8, 0x00, 0x0f, 0x84,
	0x89, 0x00, 0x00, 0x00, 0x8b, 0x45, 0x08, 0x83, 0xc0, 0x24, 0xb9, 0x00,
	0x00, 0x00, 0x00, 0x51, 0xb9, 0x00, 0x00, 0x00, 0x00, 0x51, 0x8b, 0x4d,
	0x08, 0x51, 0x89, 0x85, 0xf8, 0xfe, 0xff, 0xff, 0x8b, 0x85, 0xf8, 0xfe,
	0xff, 0xff, 0x8b, 0x00, 0xff, 0xd0, 0x83, 0xc4, 0x0c, 0x8b, 0x45, 0x08,
	0x83, 0xc0, 0x14, 0x8b, 0x08, 0x83, 0xf9, 0x00, 0x0f, 0x85, 0x0b, 0x00,
	0x00, 0x00, 0xb8, 0xff, 0xff, 0xff, 0xff, 0x89, 0x85, 0x00, 0xff, 0xff,
	0xff, 0x8b, 0x45, 0x08, 0x83, 0xc0, 0x2c, 0x8b, 0x8d, 0x08, 0xff, 0xff,
	0xff, 0x89, 0x08, 0x8b, 0x45, 0x08, 0x83, 0xc0, 0x30, 0xb9, 0x00, 0x00,
	0x00, 0x00, 0x89, 0x08, 0x8b, 0x45, 0x08, 0x83, 0xc0, 0x14, 0x8b, 0x4d,
	0x08, 0x83, 0xc1, 0x1c, 0x8b, 0x55, 0x08, 0x83, 0xc2, 0x10, 0x89, 0x85,
	0xf8, 0xfe, 0xff, 0xff, 0xb8, 0x00, 0x00, 0x00, 0x00, 0x89, 0x02, 0x89,
	0x01, 0x8b, 0x8d, 0xf8, 0xfe, 0xff, 0xff, 0x89, 0x01, 0x8b, 0x45, 0x08,
	0x8b, 0x08, 0x83, 0xe1, 0x20, 0x83, 0xf9, 0x00, 0x0f, 0x84, 0x0b, 0x00,
	0x00, 0x00, 0xb8, 0xff, 0xff, 0xff, 0xff, 0x89, 0x85, 0x00, 0xff, 0xff,
	0xff, 0x8b, 0x45, 0x08, 0x8b, 0x08, 0x8b, 0x95, 0x04, 0xff, 0xff, 0xff,
	0x09, 0xd1, 0x89, 0x08, 0x8b, 0x85, 0xfc, 0xfe, 0xff, 0xff, 0x83, 0xf8,
	0x00, 0x0f, 0x84, 0x0c, 0x00, 0x00, 0x00, 0x8b, 0x45, 0x08, 0x50, 0xe8,
	0x99, 0xc8, 0xff, 0xff, 0x83, 0xc4, 0x04, 0x8b, 0x85, 0x00, 0xff, 0xff,
	0xff, 0xc9, 0xc3, 0x00, 0x55, 0x89, 0xe5, 0x81, 0xec, 0x04, 0x00, 0x00,
	0x00, 0x8b, 0x45, 0x0c, 0x50, 0xb8, 0x00, 0x00, 0x00, 0x00, 0x50, 0x8b,
	0x45, 0x08, 0x50, 0xe8, 0x7c, 0x07, 0x00, 0x00, 0x83, 0xc4, 0x0c, 0x89,
	0x45, 0xfc, 0x8b, 0x45, 0xfc, 0x83, 0xf8, 0x00, 0x0f, 0x84, 0x0d, 0x00,
	0x00, 0x00, 0x8b, 0x45, 0xfc, 0x8b, 0x4d, 0x08, 0x29, 0xc8, 0xe9, 0x08,
	0x00, 0x00, 0x00, 0x8b, 0x45, 0x0c, 0xe9, 0x00, 0x00, 0x00, 0x00, 0xc9,
	0xc3, 0x00, 0x00, 0x00, 0x53, 0x6a, 0x51, 0x68, 0xff, 0xff, 0x0f, 0x00,
	0xff, 0x74, 0x24, 0x10, 0xe8, 0x00, 0x00, 0x00, 0x00, 0x81, 0x04, 0x24,
	0x0c, 0x2c, 0x00, 0x00, 0x59, 0x8b, 0x11, 0x52, 0x89, 0xe3, 0x31, 0xc0,
	0xb0, 0xf3, 0xcd, 0x80, 0x85, 0xc0, 0x0f, 0x85, 0x14, 0x00, 0x00, 0x00,
	0x8b, 0x14, 0x24, 0x89, 0x11, 0x8d, 0x14, 0xd5, 0x03, 0x00, 0x00, 0x00,
	0x66, 0x8e, 0xea, 0x83, 0xc4, 0x10, 0x5b, 0xc3, 0x89, 0xd9, 0x31, 0xc0,
	0x31, 0xdb, 0x31, 0xd2, 0x89, 0x1c, 0x24, 0xb3, 0x01, 0xb2, 0x10, 0xb0,
	0x7b, 0xcd, 0x80, 0x85, 0xc0, 0x75, 0xe4, 0xb2, 0x07, 0xfe, 0xc0, 0xeb,
	0xdb, 0x00, 0x00, 0x00, 0x55, 0x89, 0xe5, 0x81, 0xec, 0x08, 0x00, 0x00,
	0x00, 0x8b, 0x45, 0x10, 0x89, 0xc1, 0xc1, 0xf9, 0x1f, 0x8b, 0x4d, 0x14,
	0x51, 0x8d, 0x4d, 0xf8, 0x51, 0x8b, 0x4d, 0x0c, 0x51, 0x50, 0x8b, 0x45,
	0x08, 0x50, 0xb8, 0x8c, 0x00, 0x00, 0x00, 0x50, 0xe8, 0x31, 0x00, 0x00,
	0x00, 0x83, 0xc4, 0x18, 0x50, 0xe8, 0x76, 0xc6, 0xff, 0xff, 0x83, 0xc4,
	0x04, 0x83, 0xf8, 0x00, 0x0f, 0x84, 0x05, 0x00, 0x00, 0x00, 0xe9, 0x0b,
	0x00, 0x00, 0x00, 0x8b, 0x45, 0xf8, 0x8b, 0x55, 0xfc, 0xe9, 0x0a, 0x00,
	0x00, 0x00, 0xb8, 0xff, 0xff, 0xff, 0xff, 0xba, 0xff, 0xff, 0xff, 0xff,
	0xc9, 0xc3, 0x55, 0x89, 0xe5, 0x81, 0xec, 0x04, 0x00, 0x00, 0x00, 0x53,
	0x56, 0x57, 0x8b, 0x45, 0x08, 0x8b, 0x5d, 0x0c, 0x8b, 0x4d, 0x10, 0x8b,
	0x55, 0x14, 0x8b, 0x75, 0x18, 0x8b, 0x7d, 0x1c, 0xcd, 0x80, 0x89, 0x45,
	0xfc, 0x5f, 0x5e, 0x5b, 0x8b, 0x45, 0xfc, 0xc9, 0xc3, 0x00, 0x00, 0x00,
	0x55, 0x89, 0xe5, 0x81, 0xec, 0x04, 0x00, 0x00, 0x00, 0x8b, 0x45, 0x08,
	0x81, 0xf8, 0x84, 0x00, 0x00, 0x00, 0x0f, 0x82, 0x08, 0x00, 0x00, 0x00,
	0xb8, 0x00, 0x00, 0x00, 0x00, 0x89, 0x45, 0x08, 0x8b, 0x45, 0x08, 0xc1,
	0xe0, 0x01, 0xb9, 0xf8, 0x38, 0x05, 0x08, 0x01, 0xc1, 0x0f, 0xb7, 0x01,
	0xb9, 0x7e, 0x31, 0x05, 0x08, 0x01, 0xc1, 0x89, 0x4d, 0xfc, 0x8b, 0x45,
	0x0c, 0x83, 0xc0, 0x14, 0x8b, 0x08, 0x51, 0x8b, 0x45, 0xfc, 0x50, 0xe8,
	0x4e, 0x00, 0x00, 0x00, 0x83, 0xc4, 0x08, 0xc9, 0xc3, 0x55, 0x89, 0xe5,
	0x81, 0xec, 0x00, 0x00, 0x00, 0x00, 0xe8, 0x14, 0x00, 0x00, 0x00, 0x83,
	0xc0, 0x60, 0x8b, 0x08, 0x51, 0x8b, 0x45, 0x08, 0x50, 0xe8, 0x92, 0xff,
	0xff, 0xff, 0x83, 0xc4, 0x08, 0xc9, 0xc3, 0x55, 0x89, 0xe5, 0x81, 0xec,
	0x04, 0x00, 0x00, 0x00, 0x65, 0xa1, 0x00, 0x00, 0x00, 0x00, 0x89, 0x45,
	0xfc, 0x8b, 0x45, 0xfc, 0xc9, 0xc3, 0x00, 0x00, 0x55, 0x89, 0xe5, 0x81,
	0xec, 0x00, 0x00, 0x00, 0x00, 0x8b, 0x45, 0x08, 0xc9, 0xc3, 0x55, 0x89,
	0xe5, 0x81, 0xec, 0x00, 0x00, 0x00, 0x00, 0x8b, 0x45, 0x0c, 0x50, 0x8b,
	0x45, 0x08, 0x50, 0xe8, 0xdc, 0xff, 0xff, 0xff, 0x83, 0xc4, 0x08, 0xc9,
	0xc3, 0x55, 0x89, 0xe5, 0x81, 0xec, 0x00, 0x00, 0x00, 0x00, 0xe8, 0x19,
	0x00, 0x00, 0x00, 0x83, 0xc0, 0x60, 0x8b, 0x08, 0x83, 0xc1, 0x14, 0x8b,
	0x01, 0x50, 0x8b, 0x45, 0x08, 0x50, 0xe8, 0xb5, 0xff, 0xff, 0xff, 0x83,
	0xc4, 0x08, 0xc9, 0xc3, 0x55, 0x89, 0xe5, 0x81, 0xec, 0x04, 0x00, 0x00,
	0x00, 0x65, 0xa1, 0x00, 0x00, 0x00, 0x00, 0x89, 0x45, 0xfc, 0x8b, 0x45,
	0xfc, 0xc9, 0xc3, 0x00, 0x55, 0x89, 0xe5, 0x81, 0xec, 0x14, 0x00, 0x00,
	0x00, 0xdb, 0x6d, 0x08, 0xd9, 0xc0, 0xdb, 0x7d, 0xf4, 0xdd, 0xd8, 0x0f,
	0xb7, 0x45, 0xfc, 0x81, 0xe0, 0xff, 0x7f, 0x00, 0x00, 0x89, 0x45, 0xf0,
	0x8b, 0x45, 0xf8, 0xc1, 0xe8, 0x1f, 0xb9, 0x00, 0x00, 0x00, 0x00, 0x89,
	0x45, 0xec, 0x8b, 0x45, 0xf0, 0x83, 0xf8, 0x00, 0x0f, 0x85, 0x3d, 0x00,
	0x00, 0x00, 0x8b, 0x45, 0xec, 0x83, 0xf8, 0x00, 0x0f, 0x85, 0x31, 0x00,
	0x00, 0x00, 0x8b, 0x45, 0xf8, 0x83, 0xf8, 0x00, 0x0f, 0x85, 0x0c, 0x00,
	0x00, 0x00, 0x8b, 0x45, 0xf4, 0x83, 0xf8, 0x00, 0x0f, 0x84, 0x05, 0x00,
	0x00, 0x00, 0xe9, 0x0a, 0x00, 0x00, 0x00, 0xb8, 0x02, 0x00, 0x00, 0x00,
	0xe9, 0x05, 0x00, 0x00, 0x00, 0xb8, 0x03, 0x00, 0x00, 0x00, 0xe9, 0x80,
	0x00, 0x00, 0x00, 0x8b, 0x45, 0xf0, 0x81, 0xf8, 0xff, 0x7f, 0x00, 0x00,
	0x0f, 0x85, 0x56, 0x00, 0x00, 0x00, 0x8b, 0x45, 0xec, 0x83, 0xf8, 0x00,
	0x0f, 0x85, 0x0a, 0x00, 0x00, 0x00, 0xb8, 0x00, 0x00, 0x00, 0x00, 0xe9,
	0x5b, 0x00, 0x00, 0x00, 0x8b, 0x45, 0xf4, 0x89, 0xc1, 0xc1, 0xe1, 0x01,
	0xc1, 0xe8, 0x1f, 0x8b, 0x55, 0xf8, 0xc1, 0xe2, 0x01, 0x09, 0xd0, 0x83,
	0xf8, 0x00, 0x0f, 0x85, 0x09, 0x00, 0x00, 0x00, 0x83, 0xf9, 0x00, 0x0f,
	0x84, 0x05, 0x00, 0x00, 0x00, 0xe9, 0x05, 0x00, 0x00, 0x00, 0xe9, 0x07,
	0x00, 0x00, 0x00, 0xb8, 0x00, 0x00, 0x00, 0x00, 0xeb, 0x05, 0xb8, 0x01,
	0x00, 0x00, 0x00, 0xe9, 0x1b, 0x00, 0x00, 0x00, 0x8b, 0x45, 0xec, 0x83,
	0xf8, 0x00, 0x0f, 0x85, 0x0a, 0x00, 0x00, 0x00, 0xb8, 0x00, 0x00, 0x00,
	0x00, 0xe9, 0x05, 0x00, 0x00, 0x00, 0xb8, 0x04, 0x00, 0x00, 0x00, 0xc9,
	0xc3, 0x00, 0x00, 0x00, 0x55, 0x89, 0xe5, 0x81, 0xec, 0x0c, 0x00, 0x00,
	0x00, 0xdb, 0x6d, 0x08, 0xd9, 0xc0, 0xdb, 0x7d, 0xf4, 0xdd, 0xd8, 0x0f,
	0xb7, 0x45, 0xfc, 0xc1, 0xf8, 0x0f, 0xc9, 0xc3, 0x55, 0x89, 0xe5, 0x81,
	0xec, 0x10, 0x00, 0x00, 0x00, 0xdb, 0x6d, 0x08, 0xd9, 0xc0, 0xdb, 0x7d,
	0xf4, 0xdd, 0xd8, 0x0f, 0xb7, 0x45, 0xfc, 0x81, 0xe0, 0xff, 0x7f, 0x00,
	0x00, 0x89, 0x45, 0xf0, 0x8b, 0x45, 0xf0, 0x83, 0xf8, 0x00, 0x0f, 0x85,
	0x62, 0x00, 0x00, 0x00, 0xdb, 0x2d, 0x00, 0x3a, 0x05, 0x08, 0xdb, 0x6d,
	0x08, 0xda, 0xe9, 0xdf, 0xe0, 0x80, 0xe4, 0x45, 0x80, 0xf4, 0x40, 0x0f,
	0x84, 0x37, 0x00, 0x00, 0x00, 0xdb, 0x2d, 0x0c, 0x3a, 0x05, 0x08, 0xdb,
	0x6d, 0x08, 0xde, 0xc9, 0x8b, 0x45, 0x14, 0x50, 0x81, 0xec, 0x0c, 0x00,
	0x00, 0x00, 0xdb, 0x7c, 0x24, 0x00, 0xe8, 0x9d, 0xff, 0xff, 0xff, 0x83,
	0xc4, 0x10, 0xd9, 0xc0, 0xdb, 0x7d, 0x08, 0xdd, 0xd8, 0x8b, 0x45, 0x14,
	0x8b, 0x08, 0x83, 0xe9, 0x78, 0x89, 0x08, 0xe9, 0x0a, 0x00, 0x00, 0x00,
	0x8b, 0x45, 0x14, 0xb9, 0x00, 0x00, 0x00, 0x00, 0x89, 0x08, 0xdb, 0x6d,
	0x08, 0xe9, 0x44, 0x00, 0x00, 0x00, 0x8b, 0x45, 0xf0, 0x81, 0xf8, 0xff,
	0x7f, 0x00, 0x00, 0x0f, 0x85, 0x08, 0x00, 0x00, 0x00, 0xdb, 0x6d, 0x08,
	0xe9, 0x2d, 0x00, 0x00, 0x00, 0x8b, 0x45, 0x14, 0x8b, 0x4d, 0xf0, 0x81,
	0xe9, 0xfe, 0x3f, 0x00, 0x00, 0x89, 0x08, 0x0f, 0xb7, 0x45, 0xfc, 0x81,
	0xe0, 0x00, 0x80, 0x00, 0x00, 0x66, 0x89, 0x45, 0xfc, 0x0f, 0xb7, 0x45,
	0xfc, 0x81, 0xc8, 0xfe, 0x3f, 0x00, 0x00, 0x66, 0x89, 0x45, 0xfc, 0xdb,
	0x6d, 0xf4, 0xc9, 0xc3, 0x55, 0x89, 0xe5, 0x81, 0xec, 0x00, 0x00, 0x00,
	0x00, 0x8b, 0x45, 0x08, 0x83, 0xf8, 0x00, 0x0f, 0x85, 0x0a, 0x00, 0x00,
	0x00, 0xb8, 0x00, 0x00, 0x00, 0x00, 0xe9, 0x16, 0x00, 0x00, 0x00, 0xb8,
	0x00, 0x00, 0x00, 0x00, 0x50, 0x8b, 0x45, 0x0c, 0x50, 0x8b, 0x45, 0x08,
	0x50, 0xe8, 0xc2, 0x03, 0x00, 0x00, 0x83, 0xc4, 0x0c, 0xc9, 0xc3, 0x00,
	0x55, 0x89, 0xe5, 0x81, 0xec, 0x04, 0x00, 0x00, 0x00, 0x8b, 0x45, 0x08,
	0x83, 0xf8, 0x00, 0x0f, 0x85, 0x05, 0x00, 0x00, 0x00, 0xe9, 0xb5, 0x00,
	0x00, 0x00, 0x8b, 0x45, 0x08, 0x83, 0xc0, 0x4c, 0x8b, 0x08, 0x83, 0xf9,
	0x00, 0x0f, 0x8c, 0x11, 0x00, 0x00, 0x00, 0x8b, 0x45, 0x08, 0x50, 0xe8,
	0x0c, 0xc3, 0xff, 0xff, 0x83, 0xc4, 0x04, 0xe9, 0x0a, 0x00, 0x00, 0x00,
	0xb8, 0x00, 0x00, 0x00, 0x00, 0xe9, 0x00, 0x00, 0x00, 0x00, 0x8b, 0x45,
	0x08, 0x83, 0xc0, 0x14, 0x8b, 0x4d, 0x08, 0x83, 0xc1, 0x1c, 0x8b, 0x10,
	0x8b, 0x01, 0x39, 0xc2, 0x0f, 0x84, 0x23, 0x00, 0x00, 0x00, 0x8b, 0x45,
	0x08, 0x83, 0xc0, 0x24, 0xb9, 0x00, 0x00, 0x00, 0x00, 0x51, 0xb9, 0x00,
	0x00, 0x00, 0x00, 0x51, 0x8b, 0x4d, 0x08, 0x51, 0x89, 0x45, 0xfc, 0x8b,
	0x45, 0xfc, 0x8b, 0x00, 0xff, 0xd0, 0x83, 0xc4, 0x0c, 0x8b, 0x45, 0x08,
	0x83, 0xc0, 0x04, 0x8b, 0x4d, 0x08, 0x83, 0xc1, 0x08, 0x8b, 0x10, 0x8b,
	0x01, 0x39, 0xc2, 0x0f, 0x84, 0x36, 0x00, 0x00, 0x00, 0x8b, 0x45, 0x08,
	0x83, 0xc0, 0x28, 0x8b, 0x4d, 0x08, 0x83, 0xc1, 0x04, 0x8b, 0x55, 0x08,
	0x83, 0xc2, 0x08, 0x89, 0x45, 0xfc, 0x8b, 0x01, 0x8b, 0x0a, 0x29, 0xc8,
	0x89, 0xc1, 0xc1, 0xf9, 0x1f, 0xba, 0x01, 0x00, 0x00, 0x00, 0x52, 0x51,
	0x50, 0x8b, 0x45, 0x08, 0x50, 0x8b, 0x45, 0xfc, 0x8b, 0x00, 0xff, 0xd0,
	0x83, 0xc4, 0x10, 0xc9, 0xc3, 0x55, 0x89, 0xe5, 0x81, 0xec, 0x04, 0x00,
	0x00, 0x00, 0xe8, 0x35, 0x02, 0x00, 0x00, 0x8b, 0x08, 0x89, 0x4d, 0xfc,
	0x8b, 0x45, 0xfc, 0x83, 0xf8, 0x00, 0x0f, 0x84, 0x20, 0x00, 0x00, 0x00,
	0xe9, 0x0d, 0x00, 0x00, 0x00, 0x8b, 0x45, 0xfc, 0x83, 0xc0, 0x38, 0x8b,
	0x08, 0x89, 0x4d, 0xfc, 0xeb, 0xe2, 0x8b, 0x45, 0xfc, 0x50, 0xe8, 0xf5,
	0xfe, 0xff, 0xff, 0x83, 0xc4, 0x04, 0xeb, 0xe5, 0x8b, 0x05, 0x18, 0x3a,
	0x05, 0x08, 0x50, 0xe8, 0xe4, 0xfe, 0xff, 0xff, 0x83, 0xc4, 0x04, 0x8b,
	0x05, 0xcc, 0x26, 0x05, 0x08, 0x50, 0xe8, 0xd5, 0xfe, 0xff, 0xff, 0x83,
	0xc4, 0x04, 0x8b, 0x05, 0x18, 0x3a, 0x05, 0x08, 0x50, 0xe8, 0xc6, 0xfe,
	0xff, 0xff, 0x83, 0xc4, 0x04, 0xc9, 0xc3, 0x00, 0x55, 0x89, 0xe5, 0x81,
	0xec, 0x24, 0x00, 0x00, 0x00, 0x8b, 0x45, 0x08, 0x83, 0xc0, 0x1c, 0x8b,
	0x08, 0x89, 0x4d, 0xf0, 0x8b, 0x45, 0x08, 0x83, 0xc0, 0x14, 0x8b, 0x4d,
	0x08, 0x83, 0xc1, 0x1c, 0x8b, 0x10, 0x8b, 0x01, 0x29, 0xc2, 0x89, 0x55,
	0xf4, 0x8b, 0x45, 0x0c, 0x89, 0x45, 0xf8, 0x8b, 0x45, 0x10, 0x89, 0x45,
	0xfc, 0x8d, 0x45, 0xf0, 0x89, 0x45, 0xec, 0x8b, 0x45, 0xec, 0x83, 0xc0,
	0x04, 0x8b, 0x4d, 0xec, 0x83, 0xc1, 0x08, 0x83, 0xc1, 0x04, 0x8b, 0x10,
	0x8b, 0x01, 0x01, 0xc2, 0x89, 0x55, 0xe8, 0xb8, 0x02, 0x00, 0x00, 0x00,
	0x89, 0x45, 0xe4, 0x8b, 0x45, 0x08, 0x83, 0xc0, 0x3c, 0x8b, 0x4d, 0xe4,
	0x51, 0x8b, 0x4d, 0xec, 0x51, 0x8b, 0x08, 0x51, 0xb8, 0x92, 0x00, 0x00,
	0x00, 0x50, 0xe8, 0x3a, 0x01, 0x00, 0x00, 0x83, 0xc4, 0x10, 0x50, 0xe8,
	0x48, 0xc1, 0xff, 0xff, 0x83, 0xc4, 0x04, 0x89, 0x45, 0xe0, 0x8b, 0x45,
	0xe0, 0x8b, 0x4d, 0xe8, 0x39, 0xc8, 0x0f, 0x85, 0x46, 0x00, 0x00, 0x00,
	0x8b, 0x45, 0x08, 0x83, 0xc0, 0x10, 0x8b, 0x4d, 0x08, 0x83, 0xc1, 0x2c,
	0x8b, 0x55, 0x08, 0x83, 0xc2, 0x30, 0x89, 0x45, 0xdc, 0x8b, 0x02, 0x8b,
	0x11, 0x01, 0xc2, 0x8b, 0x45, 0xdc, 0x89, 0x10, 0x8b, 0x45, 0x08, 0x83,
	0xc0, 0x14, 0x8b, 0x4d, 0x08, 0x83, 0xc1, 0x1c, 0x8b, 0x55, 0x08, 0x83,
	0xc2, 0x2c, 0x89, 0x45, 0xdc, 0x8b, 0x02, 0x89, 0x01, 0x8b, 0x4d, 0xdc,
	0x89, 0x01, 0x8b, 0x45, 0x10, 0xe9, 0xd5, 0x00, 0x00, 0x00, 0x8b, 0x45,
	0xe0, 0x83, 0xf8, 0x00, 0x0f, 0x8d, 0x5e, 0x00, 0x00, 0x00, 0x8b, 0x45,
	0x08, 0x83, 0xc0, 0x14, 0x8b, 0x4d, 0x08, 0x83, 0xc1, 0x1c, 0x8b, 0x55,
	0x08, 0x83, 0xc2, 0x10, 0x89, 0x45, 0xdc, 0xb8, 0x00, 0x00, 0x00, 0x00,
	0x89, 0x02, 0x89, 0x01, 0x8b, 0x4d, 0xdc, 0x89, 0x01, 0x8b, 0x45, 0x08,
	0x8b, 0x08, 0x83, 0xc9, 0x20, 0x89, 0x08, 0x8b, 0x45, 0xe4, 0x83, 0xf8,
	0x02, 0x0f, 0x85, 0x05, 0x00, 0x00, 0x00, 0xe9, 0x12, 0x00, 0x00, 0x00,
	0x8b, 0x45, 0xec, 0x83, 0xc0, 0x04, 0x8b, 0x4d, 0x10, 0x8b, 0x10, 0x29,
	0xd1, 0xe9, 0x07, 0x00, 0x00, 0x00, 0xb8, 0x00, 0x00, 0x00, 0x00, 0x89,
	0xc1, 0x89, 0xc8, 0xe9, 0x6b, 0x00, 0x00, 0x00, 0x8b, 0x45, 0xe8, 0x8b,
	0x4d, 0xe0, 0x29, 0xc8, 0x89, 0x45, 0xe8, 0x8b, 0x45, 0xec, 0x83, 0xc0,
	0x04, 0x8b, 0x4d, 0xe0, 0x8b, 0x10, 0x39, 0xd1, 0x0f, 0x86, 0x24, 0x00,
	0x00, 0x00, 0x8b, 0x45, 0xec, 0x83, 0xc0, 0x04, 0x8b, 0x4d, 0xe0, 0x8b,
	0x10, 0x29, 0xd1, 0x89, 0x4d, 0xe0, 0x8b, 0x45, 0xec, 0x89, 0xc1, 0x83,
	0xc0, 0x08, 0x89, 0x45, 0xec, 0x8b, 0x45, 0xe4, 0x89, 0xc1, 0x48, 0x89,
	0x45, 0xe4, 0x8b, 0x45, 0xec, 0x8b, 0x4d, 0xec, 0x8b, 0x55, 0xe0, 0x89,
	0x45, 0xdc, 0x8b, 0x01, 0x01, 0xd0, 0x8b, 0x4d, 0xdc, 0x89, 0x01, 0x8b,
	0x45, 0xec, 0x83, 0xc0, 0x04, 0x8b, 0x08, 0x8b, 0x55, 0xe0, 0x29, 0xd1,
	0x89, 0x08, 0xe9, 0xac, 0xfe, 0xff, 0xff, 0xc9, 0xc3, 0x55, 0x89, 0xe5,
	0x81, 0xec, 0x04, 0x00, 0x00, 0x00, 0x53, 0x8b, 0x45, 0x08, 0x8b, 0x5d,
	0x0c, 0x8b, 0x4d, 0x10, 0x8b, 0x55, 0x14, 0xcd, 0x80, 0x89, 0x45, 0xfc,
	0x5b, 0x8b, 0x45, 0xfc, 0xc9, 0xc3, 0x00, 0x00, 0x55, 0x89, 0xe5, 0x81,
	0xec, 0x00, 0x00, 0x00, 0x00, 0xb8, 0xb8, 0x3f, 0x05, 0x08, 0x50, 0xe8,
	0xd8, 0xb7, 0xff, 0xff, 0x83, 0xc4, 0x04, 0xb8, 0xb4, 0x3f, 0x05, 0x08,
	0xc9, 0xc3, 0x55, 0x89, 0xe5, 0x81, 0xec, 0x00, 0x00, 0x00, 0x00, 0xb8,
	0xb8, 0x3f, 0x05, 0x08, 0x50, 0xe8, 0x12, 0xb9, 0xff, 0xff, 0x83, 0xc4,
	0x04, 0xc9, 0xc3, 0x00, 0x55, 0x89, 0xe5, 0x81, 0xec, 0x04, 0x00, 0x00,
	0x00, 0x8b, 0x45, 0x08, 0x89, 0x45, 0xfc, 0x0f, 0xb6, 0x45, 0x0c, 0x89,
	0x45, 0x0c, 0x8b, 0x45, 0x10, 0x83, 0xf8, 0x00, 0x0f, 0x84, 0x2c, 0x00,
	0x00, 0x00, 0x8b, 0x45, 0xfc, 0x0f, 0xb6, 0x08, 0x8b, 0x45, 0x0c, 0x39,
	0xc1, 0x0f, 0x84, 0x1b, 0x00, 0x00, 0x00, 0xe9, 0x14, 0x00, 0x00, 0x00,
	0x8b, 0x45, 0xfc, 0x89, 0xc1, 0x40, 0x89, 0x45, 0xfc, 0x8b, 0x45, 0x10,
	0x89, 0xc1, 0x48, 0x89, 0x45, 0x10, 0xeb, 0xca, 0xeb, 0xea, 0x8b, 0x45,
	0x10, 0x83, 0xf8, 0x00, 0x0f, 0x84, 0x05, 0x00, 0x00, 0x00, 0xe9, 0x0a,
	0x00, 0x00, 0x00, 0xb8, 0x00, 0x00, 0x00, 0x00, 0xe9, 0x03, 0x00, 0x00,
	0x00, 0x8b, 0x45, 0xfc, 0xc9, 0xc3, 0x00, 0x00, 0x55, 0x89, 0xe5, 0x81,
	0xec, 0x00, 0x00, 0x00, 0x00, 0x8b, 0x45, 0x08, 0x83, 0xf8, 0x00, 0x0f,
	0x85, 0x0a, 0x00, 0x00, 0x00, 0xb8, 0x01, 0x00, 0x00, 0x00, 0xe9, 0xcd,
	0x01, 0x00, 0x00, 0x8b, 0x45, 0x0c, 0x81, 0xf8, 0x80, 0x00, 0x00, 0x00,
	0x0f, 0x83, 0x12, 0x00, 0x00, 0x00, 0x8b, 0x45, 0x08, 0x8b, 0x4d, 0x0c,
	0x88, 0x08, 0xb8, 0x01, 0x00, 0x00, 0x00, 0xe9, 0xac, 0x01, 0x00, 0x00,
	0xe8, 0xa9, 0x01, 0x00, 0x00, 0x83, 0xc0, 0x60, 0x8b, 0x08, 0x8b, 0x01,
	0x83, 0xf8, 0x00, 0x0f, 0x84, 0x05, 0x00, 0x00, 0x00, 0xe9, 0x0a, 0x00,
	0x00, 0x00, 0xb8, 0x01, 0x00, 0x00, 0x00, 0xe9, 0x05, 0x00, 0x00, 0x00,
	0xb8, 0x04, 0x00, 0x00, 0x00, 0x83, 0xf8, 0x01, 0x0f, 0x85, 0x3d, 0x00,
	0x00, 0x00, 0x8b, 0x45, 0x0c, 0x81, 0xe8, 0x80, 0xdf, 0x00, 0x00, 0x81,
	0xf8, 0x80, 0x00, 0x00, 0x00, 0x0f, 0x82, 0x16, 0x00, 0x00, 0x00, 0xe8,
	0x44, 0xbe, 0xff, 0xff, 0xb9, 0x54, 0x00, 0x00, 0x00, 0x89, 0x08, 0xb8,
	0xff, 0xff, 0xff, 0xff, 0xe9, 0x4f, 0x01, 0x00, 0x00, 0x8b, 0x45, 0x08,
	0x8b, 0x4d, 0x0c, 0x88, 0x08, 0xb8, 0x01, 0x00, 0x00, 0x00, 0xe9, 0x3d,
	0x01, 0x00, 0x00, 0x8b, 0x45, 0x0c, 0x81, 0xf8, 0x00, 0x08, 0x00, 0x00,
	0x0f, 0x83, 0x32, 0x00, 0x00, 0x00, 0x8b, 0x45, 0x08, 0x89, 0xc1, 0x40,
	0x89, 0x45, 0x08, 0x8b, 0x45, 0x0c, 0xc1, 0xf8, 0x06, 0x81, 0xc8, 0xc0,
	0x00, 0x00, 0x00, 0x88, 0x01, 0x8b, 0x45, 0x08, 0x8b, 0x4d, 0x0c, 0x83,
	0xe1, 0x3f, 0x81, 0xc9, 0x80, 0x00, 0x00, 0x00, 0x88, 0x08, 0xb8, 0x02,
	0x00, 0x00, 0x00, 0xe9, 0xfc, 0x00, 0x00, 0x00, 0x8b, 0x45, 0x0c, 0x81,
	0xf8, 0x00, 0xd8, 0x00, 0x00, 0x0f, 0x82, 0x15, 0x00, 0x00, 0x00, 0x8b,
	0x45, 0x0c, 0x81, 0xe8, 0x00, 0xe0, 0x00, 0x00, 0x81, 0xf8, 0x00, 0x20,
	0x00, 0x00, 0x0f, 0x83, 0x4c, 0x00, 0x00, 0x00, 0x8b, 0x45, 0x08, 0x89,
	0xc1, 0x40, 0x89, 0x45, 0x08, 0x8b, 0x45, 0x0c, 0xc1, 0xf8, 0x0c, 0x81,
	0xc8, 0xe0, 0x00, 0x00, 0x00, 0x88, 0x01, 0x8b, 0x45, 0x08, 0x89, 0xc1,
	0x40, 0x89, 0x45, 0x08, 0x8b, 0x45, 0x0c, 0xc1, 0xf8, 0x06, 0x83, 0xe0,
	0x3f, 0x81, 0xc8, 0x80, 0x00, 0x00, 0x00, 0x88, 0x01, 0x8b, 0x45, 0x08,
	0x8b, 0x4d, 0x0c, 0x83, 0xe1, 0x3f, 0x81, 0xc9, 0x80, 0x00, 0x00, 0x00,
	0x88, 0x08, 0xb8, 0x03, 0x00, 0x00, 0x00, 0xe9, 0x8c, 0x00, 0x00, 0x00,
	0x8b, 0x45, 0x0c, 0x81, 0xe8, 0x00, 0x00, 0x01, 0x00, 0x81, 0xf8, 0x00,
	0x00, 0x10, 0x00, 0x0f, 0x83, 0x66, 0x00, 0x00, 0x00, 0x8b, 0x45, 0x08,
	0x89, 0xc1, 0x40, 0x89, 0x45, 0x08, 0x8b, 0x45, 0x0c, 0xc1, 0xf8, 0x12,
	0x81, 0xc8, 0xf0, 0x00, 0x00, 0x00, 0x88, 0x01, 0x8b, 0x45, 0x08, 0x89,
	0xc1, 0x40, 0x89, 0x45, 0x08, 0x8b, 0x45, 0x0c, 0xc1, 0xf8, 0x0c, 0x83,
	0xe0, 0x3f, 0x81, 0xc8, 0x80, 0x00, 0x00, 0x00, 0x88, 0x01, 0x8b, 0x45,
	0x08, 0x89, 0xc1, 0x40, 0x89, 0x45, 0x08, 0x8b, 0x45, 0x0c, 0xc1, 0xf8,
	0x06, 0x83, 0xe0, 0x3f, 0x81, 0xc8, 0x80, 0x00, 0x00, 0x00, 0x88, 0x01,
	0x8b, 0x45, 0x08, 0x8b, 0x4d, 0x0c, 0x83, 0xe1, 0x3f, 0x81, 0xc9, 0x80,
	0x00, 0x00, 0x00, 0x88, 0x08, 0xb8, 0x04, 0x00, 0x00, 0x00, 0xe9, 0x11,
	0x00, 0x00, 0x00, 0xe8, 0xf0, 0xbc, 0xff, 0xff, 0xb9, 0x54, 0x00, 0x00,
	0x00, 0x89, 0x08, 0xb8, 0xff, 0xff, 0xff, 0xff, 0xc9, 0xc3, 0x55, 0x89,
	0xe5, 0x81, 0xec, 0x04, 0x00, 0x00, 0x00, 0x65, 0xa1, 0x00, 0x00, 0x00,
	0x00, 0x89, 0x45, 0xfc, 0x8b, 0x45, 0xfc, 0xc9, 0xc3, 0x00, 0x00, 0x00,
	0x55, 0x89, 0xe5, 0x81, 0xec, 0x54, 0x00, 0x00, 0x00, 0x8b, 0x45, 0x08,
	0x8b, 0x4d, 0x0c, 0x89, 0x45, 0xf0, 0x89, 0x4d, 0xf4, 0x8b, 0x45, 0x10,
	0x8b, 0x4d, 0x14, 0x89, 0x45, 0xe8, 0x89, 0x4d, 0xec, 0x8b, 0x45, 0xe8,
	0x89, 0x45, 0xdc, 0x8b, 0x45, 0xec, 0x89, 0x45, 0xd8, 0x8b, 0x45, 0xf0,
	0x89, 0x45, 0xd4, 0x8b, 0x45, 0xf4, 0x89, 0x45, 0xd0, 0x8b, 0x45, 0xd8,
	0x83, 0xf8, 0x00, 0x0f, 0x85, 0x9a, 0x00, 0x00, 0x00, 0x8b, 0x45, 0xdc,
	0x8b, 0x4d, 0xd0, 0x39, 0xc8, 0x0f, 0x86, 0x1e, 0x00, 0x00, 0x00, 0x8b,
	0x45, 0xd4, 0x8b, 0x55, 0xd0, 0x8b, 0x4d, 0xdc, 0xf7, 0xf1, 0x89, 0x45,
	0xc8, 0x89, 0x55, 0xd4, 0xb8, 0x00, 0x00, 0x00, 0x00, 0x89, 0x45, 0xc4,
	0xe9, 0x3f, 0x00, 0x00, 0x00, 0x8b, 0x45, 0xdc, 0x83, 0xf8, 0x00, 0x0f,
	0x85, 0x0f, 0x00, 0x00, 0x00, 0xb8, 0x01, 0x00, 0x00, 0x00, 0x8b, 0x4d,
	0xdc, 0x31, 0xd2, 0xf7, 0xf1, 0x89, 0x45, 0xdc, 0x8b, 0x45, 0xd0, 0xba,
	0x00, 0x00, 0x00, 0x00, 0x8b, 0x4d, 0xdc, 0xf7, 0xf1, 0x89, 0x45, 0xc4,
	0x89, 0x55, 0xd0, 0x8b, 0x45, 0xd4, 0x8b, 0x55, 0xd0, 0x8b, 0x4d, 0xdc,
	0xf7, 0xf1, 0x89, 0x45, 0xc8, 0x89, 0x55, 0xd4, 0x8b, 0x45, 0x18, 0x83,
	0xf8, 0x00, 0x0f, 0x84, 0x1e, 0x00, 0x00, 0x00, 0x8b, 0x45, 0xd4, 0x89,
	0x45, 0xe0, 0xb8, 0x00, 0x00, 0x00, 0x00, 0x89, 0x45, 0xe4, 0x8b, 0x45,
	0x18, 0x8b, 0x4d, 0xe0, 0x8b, 0x55, 0xe4, 0x89, 0x08, 0x83, 0xc0, 0x04,
	0x89, 0x10, 0xe9, 0x05, 0x02, 0x00, 0x00, 0x8b, 0x45, 0xd8, 0x8b, 0x4d,
	0xd0, 0x39, 0xc8, 0x0f, 0x86, 0x3d, 0x00, 0x00, 0x00, 0xb8, 0x00, 0x00,
	0x00, 0x00, 0x89, 0x45, 0xc8, 0xb8, 0x00, 0x00, 0x00, 0x00, 0x89, 0x45,
	0xc4, 0x8b, 0x45, 0x18, 0x83, 0xf8, 0x00, 0x0f, 0x84, 0x1c, 0x00, 0x00,
	0x00, 0x8b, 0x45, 0xd4, 0x89, 0x45, 0xe0, 0x8b, 0x45, 0xd0, 0x89, 0x45,
	0xe4, 0x8b, 0x45, 0x18, 0x8b, 0x4d, 0xe0, 0x8b, 0x55, 0xe4, 0x89, 0x08,
	0x83, 0xc0, 0x04, 0x89, 0x10, 0xe9, 0xba, 0x01, 0x00, 0x00, 0x8b, 0x45,
	0xd8, 0x0f, 0xbd, 0xc0, 0x89, 0x45, 0xb8, 0x8b, 0x45, 0xb8, 0x83, 0xf0,
	0x1f, 0x89, 0x45, 0xbc, 0x8b, 0x45, 0xbc, 0x83, 0xf8, 0x00, 0x0f, 0x85,
	0x78, 0x00, 0x00, 0x00, 0x8b, 0x45, 0xd0, 0x8b, 0x4d, 0xd8, 0x39, 0xc8,
	0x0f, 0x87, 0x0e, 0x00, 0x00, 0x00, 0x8b, 0x45, 0xd4, 0x8b, 0x4d, 0xdc,
	0x39, 0xc8, 0x0f, 0x82, 0x1f, 0x00, 0x00, 0x00, 0xb8, 0x01, 0x00, 0x00,
	0x00, 0x89, 0x45, 0xc8, 0x8b, 0x45, 0xd0, 0x8b, 0x4d, 0xd4, 0x2b, 0x4d,
	0xdc, 0x1b, 0x45, 0xd8, 0x89, 0x45, 0xd0, 0x89, 0x4d, 0xd4, 0xe9, 0x08,
	0x00, 0x00, 0x00, 0xb8, 0x00, 0x00, 0x00, 0x00, 0x89, 0x45, 0xc8, 0xb8,
	0x00, 0x00, 0x00, 0x00, 0x89, 0x45, 0xc4, 0x8b, 0x45, 0x18, 0x83, 0xf8,
	0x00, 0x0f, 0x84, 0x1c, 0x00, 0x00, 0x00, 0x8b, 0x45, 0xd4, 0x89, 0x45,
	0xe0, 0x8b, 0x45, 0xd0, 0x89, 0x45, 0xe4, 0x8b, 0x45, 0x18, 0x8b, 0x4d,
	0xe0, 0x8b, 0x55, 0xe4, 0x89, 0x08, 0x83, 0xc0, 0x04, 0x89, 0x10, 0xe9,
	0x24, 0x01, 0x00, 0x00, 0xb8, 0x20, 0x00, 0x00, 0x00, 0x8b, 0x4d, 0xbc,
	0x29, 0xc8, 0x89, 0x45, 0xc0, 0x8b, 0x45, 0xd8, 0x8b, 0x4d, 0xbc, 0xd3,
	0xe0, 0x8b, 0x4d, 0xdc, 0x89, 0x4d, 0xac, 0x8b, 0x4d, 0xc0, 0x8b, 0x55,
	0xac, 0xd3, 0xea, 0x09, 0xd0, 0x89, 0x45, 0xd8, 0x8b, 0x45, 0xdc, 0x8b,
	0x4d, 0xbc, 0xd3, 0xe0, 0x89, 0x45, 0xdc, 0x8b, 0x45, 0xd0, 0x8b, 0x4d,
	0xc0, 0xd3, 0xe8, 0x89, 0x45, 0xcc, 0x8b, 0x45, 0xd0, 0x8b, 0x4d, 0xbc,
	0xd3, 0xe0, 0x8b, 0x4d, 0xd4, 0x89, 0x4d, 0xac, 0x8b, 0x4d, 0xc0, 0x8b,
	0x55, 0xac, 0xd3, 0xea, 0x09, 0xd0, 0x89, 0x45, 0xd0, 0x8b, 0x45, 0xd4,
	0x8b, 0x4d, 0xbc, 0xd3, 0xe0, 0x89, 0x45, 0xd4, 0x8b, 0x45, 0xd0, 0x8b,
	0x55, 0xcc, 0x8b, 0x4d, 0xd8, 0xf7, 0xf1, 0x89, 0x45, 0xc8, 0x89, 0x55,
	0xd0, 0x8b, 0x45, 0xc8, 0x8b, 0x4d, 0xdc, 0xf7, 0xe1, 0x89, 0x45, 0xb0,
	0x89, 0x55, 0xb4, 0x8b, 0x45, 0xb4, 0x8b, 0x4d, 0xd0, 0x39, 0xc8, 0x0f,
	0x87, 0x1c, 0x00, 0x00, 0x00, 0x8b, 0x45, 0xb4, 0x8b, 0x4d, 0xd0, 0x39,
	0xc8, 0x0f, 0x85, 0x29, 0x00, 0x00, 0x00, 0x8b, 0x45, 0xb0, 0x8b, 0x4d,
	0xd4, 0x39, 0xc8, 0x0f, 0x86, 0x1b, 0x00, 0x00, 0x00, 0x8b, 0x45, 0xc8,
	0x89, 0xc1, 0x48, 0x89, 0x45, 0xc8, 0x8b, 0x45, 0xb4, 0x8b, 0x4d, 0xb0,
	0x2b, 0x4d, 0xdc, 0x1b, 0x45, 0xd8, 0x89, 0x45, 0xb4, 0x89, 0x4d, 0xb0,
	0xb8, 0x00, 0x00, 0x00, 0x00, 0x89, 0x45, 0xc4, 0x8b, 0x45, 0x18, 0x83,
	0xf8, 0x00, 0x0f, 0x84, 0x48, 0x00, 0x00, 0x00, 0x8b, 0x45, 0xd0, 0x8b,
	0x4d, 0xd4, 0x2b, 0x4d, 0xb0, 0x1b, 0x45, 0xb4, 0x89, 0x45, 0xd0, 0x89,
	0x4d, 0xd4, 0x8b, 0x45, 0xd0, 0x8b, 0x4d, 0xc0, 0xd3, 0xe0, 0x8b, 0x4d,
	0xd4, 0x89, 0x4d, 0xac, 0x8b, 0x4d, 0xbc, 0x8b, 0x55, 0xac, 0xd3, 0xea,
	0x09, 0xd0, 0x89, 0x45, 0xe0, 0x8b, 0x45, 0xd0, 0x8b, 0x4d, 0xbc, 0xd3,
	0xe8, 0x89, 0x45, 0xe4, 0x8b, 0x45, 0x18, 0x8b, 0x4d, 0xe0, 0x8b, 0x55,
	0xe4, 0x89, 0x08, 0x83, 0xc0, 0x04, 0x89, 0x10, 0x8b, 0x45, 0xc8, 0x89,
	0x45, 0xf8, 0x8b, 0x45, 0xc4, 0x89, 0x45, 0xfc, 0x8b, 0x45, 0xf8, 0x8b,
	0x55, 0xfc, 0xc9, 0xc3, 0x55, 0x89, 0xe5, 0x81, 0xec, 0x1c, 0x00, 0x00,
	0x00, 0xb8, 0x00, 0x00, 0x00, 0x00, 0x89, 0x45, 0xfc, 0x8b, 0x45, 0x08,
	0x8b, 0x4d, 0x0c, 0x89, 0x45, 0xf4, 0x89, 0x4d, 0xf8, 0x8b, 0x45, 0x10,
	0x8b, 0x4d, 0x14, 0x89, 0x45, 0xec, 0x89, 0x4d, 0xf0, 0x8b, 0x45, 0xf8,
	0x83, 0xf8, 0x00, 0x0f, 0x8d, 0x23, 0x00, 0x00, 0x00, 0x8b, 0x45, 0xfc,
	0x83, 0xf0, 0xff, 0x89, 0x45, 0xfc, 0xb8, 0x00, 0x00, 0x00, 0x00, 0x8b,
	0x4d, 0xf4, 0x29, 0xc8, 0xb9, 0x00, 0x00, 0x00, 0x00, 0x8b, 0x55, 0xf8,
	0x19, 0xd1, 0x89, 0x45, 0xf4, 0x89, 0x4d, 0xf8, 0x8b, 0x45, 0xf0, 0x83,
	0xf8, 0x00, 0x0f, 0x8d, 0x23, 0x00, 0x00, 0x00, 0x8b, 0x45, 0xfc, 0x83,
	0xf0, 0xff, 0x89, 0x45, 0xfc, 0xb8, 0x00, 0x00, 0x00, 0x00, 0x8b, 0x4d,
	0xec, 0x29, 0xc8, 0xb9, 0x00, 0x00, 0x00, 0x00, 0x8b, 0x55, 0xf0, 0x19,
	0xd1, 0x89, 0x45, 0xec, 0x89, 0x4d, 0xf0, 0xb8, 0x00, 0x00, 0x00, 0x00,
	0x50, 0x8b, 0x45, 0xec, 0x8b, 0x4d, 0xf0, 0x51, 0x50, 0x8b, 0x45, 0xf4,
	0x8b, 0x4d, 0xf8, 0x51, 0x50, 0xe8, 0x66, 0xfc, 0xff, 0xff, 0x83, 0xc4,
	0x14, 0x89, 0x45, 0xe4, 0x89, 0x55, 0xe8, 0x8b, 0x45, 0xfc, 0x83, 0xf8,
	0x00, 0x0f, 0x84, 0x1a, 0x00, 0x00, 0x00, 0xb8, 0x00, 0x00, 0x00, 0x00,
	0x8b, 0x4d, 0xe4, 0x29, 0xc8, 0xb9, 0x00, 0x00, 0x00, 0x00, 0x8b, 0x55,
	0xe8, 0x19, 0xd1, 0x89, 0x45, 0xe4, 0x89, 0x4d, 0xe8, 0x8b, 0x45, 0xe4,
	0x8b, 0x55, 0xe8, 0xc9, 0xc3, 0x55, 0x89, 0xe5, 0x81, 0xec, 0x1c, 0x00,
	0x00, 0x00, 0xb8, 0x00, 0x00, 0x00, 0x00, 0x89, 0x45, 0xfc, 0x8b, 0x45,
	0x08, 0x8b, 0x4d, 0x0c, 0x89, 0x45, 0xf4, 0x89, 0x4d, 0xf8, 0x8b, 0x45,
	0x10, 0x8b, 0x4d, 0x14, 0x89, 0x45, 0xec, 0x89, 0x4d, 0xf0, 0x8b, 0x45,
	0xf8, 0x83, 0xf8, 0x00, 0x0f, 0x8d, 0x23, 0x00, 0x00, 0x00, 0x8b, 0x45,
	0xfc, 0x83, 0xf0, 0xff, 0x89, 0x45, 0xfc, 0xb8, 0x00, 0x00, 0x00, 0x00,
	0x8b, 0x4d, 0xf4, 0x29, 0xc8, 0xb9, 0x00, 0x00, 0x00, 0x00, 0x8b, 0x55,
	0xf8, 0x19, 0xd1, 0x89, 0x45, 0xf4, 0x89, 0x4d, 0xf8, 0x8b, 0x45, 0xf0,
	0x83, 0xf8, 0x00, 0x0f, 0x8d, 0x1a, 0x00, 0x00, 0x00, 0xb8, 0x00, 0x00,
	0x00, 0x00, 0x8b, 0x4d, 0xec, 0x29, 0xc8, 0xb9, 0x00, 0x00, 0x00, 0x00,
	0x8b, 0x55, 0xf0, 0x19, 0xd1, 0x89, 0x45, 0xec, 0x89, 0x4d, 0xf0, 0x8d,
	0x45, 0xe4, 0x50, 0x8b, 0x45, 0xec, 0x8b, 0x4d, 0xf0, 0x51, 0x50, 0x8b,
	0x45, 0xf4, 0x8b, 0x4d, 0xf8, 0x51, 0x50, 0xe8, 0x98, 0xfb, 0xff, 0xff,
	0x83, 0xc4, 0x14, 0x8b, 0x45, 0xfc, 0x83, 0xf8, 0x00, 0x0f, 0x84, 0x1a,
	0x00, 0x00, 0x00, 0xb8, 0x00, 0x00, 0x00, 0x00, 0x8b, 0x4d, 0xe4, 0x29,
	0xc8, 0xb9, 0x00, 0x00, 0x00, 0x00, 0x8b, 0x55, 0xe8, 0x19, 0xd1, 0x89,
	0x45, 0xe4, 0x89, 0x4d, 0xe8, 0x8b, 0x45, 0xe4, 0x8b, 0x55, 0xe8, 0xc9,
	0xc3, 0x55, 0x89, 0xe5, 0x81, 0xec, 0x00, 0x00, 0x00, 0x00, 0xb8, 0x00,
	0x00, 0x00, 0x00, 0x50, 0x8b, 0x45, 0x10, 0x8b, 0x4d, 0x14, 0x51, 0x50,
	0x8b, 0x45, 0x08, 0x8b, 0x4d, 0x0c, 0x51, 0x50, 0xe8, 0x43, 0xfb, 0xff,
	0xff, 0x83, 0xc4, 0x14, 0xc9, 0xc3, 0x55, 0x89, 0xe5, 0x81, 0xec, 0x08,
	0x00, 0x00, 0x00, 0x8d, 0x45, 0xf8, 0x50, 0x8b, 0x45, 0x10, 0x8b, 0x4d,
	0x14, 0x51, 0x50, 0x8b, 0x45, 0x08, 0x8b, 0x4d, 0x0c, 0x51, 0x50, 0xe8,
	0x1c, 0xfb, 0xff, 0xff, 0x83, 0xc4, 0x14, 0x8b, 0x45, 0xf8, 0x8b, 0x55,
	0xfc, 0xc9, 0xc3, 0x55, 0x89, 0xe5, 0x81, 0xec, 0x0c, 0x00, 0x00, 0x00,
	0x8b, 0x45, 0x08, 0x8b, 0x4d, 0x0c, 0x89, 0x45, 0xf8, 0x89, 0x4d, 0xfc,
	0x8b, 0x45, 0x10, 0x83, 0xf8, 0x20, 0x0f, 0x8c, 0x24, 0x00, 0x00, 0x00,
	0x8b, 0x45, 0x10, 0x83, 0xe8, 0x20, 0x8b, 0x4d, 0xfc, 0x89, 0x4d, 0xf4,
	0x89, 0xc1, 0x8b, 0x45, 0xf4, 0xd3, 0xf8, 0x89, 0x45, 0xf8, 0x8b, 0x45,
	0xfc, 0xc1, 0xf8, 0x1f, 0x89, 0x45, 0xfc, 0xe9, 0x33, 0x00, 0x00, 0x00,
	0x8b, 0x45, 0x10, 0x83, 0xf8, 0x00, 0x0f, 0x84, 0x27, 0x00, 0x00, 0x00,
	0x8b, 0x45, 0xf8, 0x8b, 0x4d, 0x10, 0xd3, 0xe8, 0xb9, 0x20, 0x00, 0x00,
	0x00, 0x8b, 0x55, 0x10, 0x29, 0xd1, 0x8b, 0x55, 0xfc, 0xd3, 0xe2, 0x09,
	0xd0, 0x89, 0x45, 0xf8, 0x8b, 0x45, 0xfc, 0x8b, 0x4d, 0x10, 0xd3, 0xf8,
	0x89, 0x45, 0xfc, 0x8b, 0x45, 0xf8, 0x8b, 0x55, 0xfc, 0xc9, 0xc3, 0x55,
	0x89, 0xe5, 0x81, 0xec, 0x0c, 0x00, 0x00, 0x00, 0x8b, 0x45, 0x08, 0x8b,
	0x4d, 0x0c, 0x89, 0x45, 0xf8, 0x89, 0x4d, 0xfc, 0x8b, 0x45, 0x10, 0x83,
	0xf8, 0x20, 0x0f, 0x8c, 0x23, 0x00, 0x00, 0x00, 0x8b, 0x45, 0x10, 0x83,
	0xe8, 0x20, 0x8b, 0x4d, 0xfc, 0x89, 0x4d, 0xf4, 0x89, 0xc1, 0x8b, 0x45,
	0xf4, 0xd3, 0xe8, 0x89, 0x45, 0xf8, 0xb8, 0x00, 0x00, 0x00, 0x00, 0x89,
	0x45, 0xfc, 0xe9, 0x33, 0x00, 0x00, 0x00, 0x8b, 0x45, 0x10, 0x83, 0xf8,
	0x00, 0x0f, 0x84, 0x27, 0x00, 0x00, 0x00, 0x8b, 0x45, 0xf8, 0x8b, 0x4d,
	0x10, 0xd3, 0xe8, 0xb9, 0x20, 0x00, 0x00, 0x00, 0x8b, 0x55, 0x10, 0x29,
	0xd1, 0x8b, 0x55, 0xfc, 0xd3, 0xe2, 0x09, 0xd0, 0x89, 0x45, 0xf8, 0x8b,
	0x45, 0xfc, 0x8b, 0x4d, 0x10, 0xd3, 0xe8, 0x89, 0x45, 0xfc, 0x8b, 0x45,
	0xf8, 0x8b, 0x55, 0xfc, 0xc9, 0xc3, 0x55, 0x89, 0xe5, 0x81, 0xec, 0x0c,
	0x00, 0x00, 0x00, 0x8b, 0x45, 0x08, 0x8b, 0x4d, 0x0c, 0x89, 0x45, 0xf8,
	0x89, 0x4d, 0xfc, 0x8b, 0x45, 0x10, 0x83, 0xf8, 0x20, 0x0f, 0x8c, 0x23,
	0x00, 0x00, 0x00, 0x8b, 0x45, 0x10, 0x83, 0xe8, 0x20, 0x8b, 0x4d, 0xf8,
	0x89, 0x4d, 0xf4, 0x89, 0xc1, 0x8b, 0x45, 0xf4, 0xd3, 0xe0, 0x89, 0x45,
	0xfc, 0xb8, 0x00, 0x00, 0x00, 0x00, 0x89, 0x45, 0xf8, 0xe9, 0x33, 0x00,
	0x00, 0x00, 0x8b, 0x45, 0x10, 0x83, 0xf8, 0x00, 0x0f, 0x84, 0x27, 0x00,
	0x00, 0x00, 0x8b, 0x45, 0xfc, 0x8b, 0x4d, 0x10, 0xd3, 0xe0, 0xb9, 0x20,
	0x00, 0x00, 0x00, 0x8b, 0x55, 0x10, 0x29, 0xd1, 0x8b, 0x55, 0xf8, 0xd3,
	0xea, 0x09, 0xd0, 0x89, 0x45, 0xfc, 0x8b, 0x45, 0xf8, 0x8b, 0x4d, 0x10,
	0xd3, 0xe0, 0x89, 0x45, 0xf8, 0x8b, 0x45, 0xf8, 0x8b, 0x55, 0xfc, 0xc9,
	0xc3, 0x55, 0x89, 0xe5, 0x81, 0xec, 0x14, 0x00, 0x00, 0x00, 0x8b, 0x45,
	0x08, 0x8b, 0x4d, 0x0c, 0x89, 0x45, 0xf8, 0x89, 0x4d, 0xfc, 0x8b, 0x45,
	0xfc, 0x83, 0xf8, 0x00, 0x0f, 0x8c, 0x13, 0x00, 0x00, 0x00, 0x8b, 0x45,
	0xf8, 0x8b, 0x4d, 0xfc, 0x51, 0x50, 0xdf, 0x2c, 0x24, 0x83, 0xc4, 0x08,
	0xe9, 0x2f, 0x00, 0x00, 0x00, 0x8b, 0x45, 0xf8, 0x8b, 0x4d, 0xfc, 0x51,
	0x50, 0xdf, 0x2c, 0x24, 0x83, 0xc4, 0x08, 0xd9, 0xc0, 0xdb, 0x7d, 0xec,
	0xdd, 0xd8, 0xdb, 0x2d, 0x20, 0x3a, 0x05, 0x08, 0xdb, 0x6d, 0xec, 0xde,
	0xc1, 0xd9, 0xc0, 0xdb, 0x7d, 0xec, 0xdd, 0xd8, 0xdb, 0x6d, 0xec, 0xe9,
	0x00, 0x00, 0x00, 0x00, 0xc9, 0xc3, 0x55, 0x89, 0xe5, 0x81, 0xec, 0x14,
	0x00, 0x00, 0x00, 0x8b, 0x45, 0x08, 0x8b, 0x4d, 0x0c, 0x89, 0x45, 0xf8,
	0x89, 0x4d, 0xfc, 0x8b, 0x45, 0xfc, 0x83, 0xf8, 0x00, 0x0f, 0x8c, 0x13,
	0x00, 0x00, 0x00, 0x8b, 0x45, 0xf8, 0x8b, 0x4d, 0xfc, 0x51, 0x50, 0xdf,
	0x2c, 0x24, 0x83, 0xc4, 0x08, 0xe9, 0x2f, 0x00, 0x00, 0x00, 0x8b, 0x45,
	0xf8, 0x8b, 0x4d, 0xfc, 0x51, 0x50, 0xdf, 0x2c, 0x24, 0x83, 0xc4, 0x08,
	0xd9, 0xc0, 0xdb, 0x7d, 0xec, 0xdd, 0xd8, 0xdb, 0x2d, 0x2c, 0x3a, 0x05,
	0x08, 0xdb, 0x6d, 0xec, 0xde, 0xc1, 0xd9, 0xc0, 0xdb, 0x7d, 0xec, 0xdd,
	0xd8, 0xdb, 0x6d, 0xec, 0xe9, 0x00, 0x00, 0x00, 0x00, 0xc9, 0xc3, 0x55,
	0x89, 0xe5, 0x81, 0xec, 0x14, 0x00, 0x00, 0x00, 0x8b, 0x45, 0x08, 0x8b,
	0x4d, 0x0c, 0x89, 0x45, 0xf8, 0x89, 0x4d, 0xfc, 0x8b, 0x45, 0xfc, 0x83,
	0xf8, 0x00, 0x0f, 0x8c, 0x13, 0x00, 0x00, 0x00, 0x8b, 0x45, 0xf8, 0x8b,
	0x4d, 0xfc, 0x51, 0x50, 0xdf, 0x2c, 0x24, 0x83, 0xc4, 0x08, 0xe9, 0x2f,
	0x00, 0x00, 0x00, 0x8b, 0x45, 0xf8, 0x8b, 0x4d, 0xfc, 0x51, 0x50, 0xdf,
	0x2c, 0x24, 0x83, 0xc4, 0x08, 0xd9, 0xc0, 0xdb, 0x7d, 0xec, 0xdd, 0xd8,
	0xdb, 0x2d, 0x38, 0x3a, 0x05, 0x08, 0xdb, 0x6d, 0xec, 0xde, 0xc1, 0xd9,
	0xc0, 0xdb, 0x7d, 0xec, 0xdd, 0xd8, 0xdb, 0x6d, 0xec, 0xe9, 0x00, 0x00,
	0x00, 0x00, 0xc9, 0xc3, 0x55, 0x89, 0xe5, 0x81, 0xec, 0x10, 0x00, 0x00,
	0x00, 0xd9, 0x45, 0x08, 0xd9, 0x55, 0xfc, 0xdd, 0xd8, 0x8b, 0x45, 0xfc,
	0x83, 0xf8, 0x00, 0x0f, 0x85, 0x0f, 0x00, 0x00, 0x00, 0xb8, 0x00, 0x00,
	0x00, 0x00, 0xba, 0x00, 0x00, 0x00, 0x00, 0xe9, 0xa2, 0x00, 0x00, 0x00,
	0x8b, 0x45, 0xfc, 0xc1, 0xe8, 0x17, 0x81, 0xe0, 0xff, 0x00, 0x00, 0x00,
	0x83, 0xe8, 0x7e, 0x83, 0xe8, 0x18, 0x89, 0x45, 0xf8, 0x8b, 0x45, 0xfc,
	0x81, 0xe0, 0xff, 0xff, 0x7f, 0x00, 0x81, 0xc8, 0x00, 0x00, 0x80, 0x00,
	0x89, 0x45, 0xf4, 0x8b, 0x45, 0xf8, 0x83, 0xf8, 0x29, 0x0f, 0x8c, 0x0f,
	0x00, 0x00, 0x00, 0xb8, 0xff, 0xff, 0xff, 0xff, 0xba, 0xff, 0xff, 0xff,
	0xff, 0xe9, 0x60, 0x00, 0x00, 0x00, 0x8b, 0x45, 0xf8, 0x83, 0xf8, 0x00,
	0x0f, 0x8c, 0x1b, 0x00, 0x00, 0x00, 0x8b, 0x45, 0xf4, 0xb9, 0x00, 0x00,
	0x00, 0x00, 0x8b, 0x55, 0xf8, 0x52, 0x51, 0x50, 0xe8, 0xc5, 0xfd, 0xff,
	0xff, 0x83, 0xc4, 0x0c, 0xe9, 0x39, 0x00, 0x00, 0x00, 0x8b, 0x45, 0xf8,
	0x83, 0xf8, 0xe9, 0x0f, 0x8c, 0x23, 0x00, 0x00, 0x00, 0xb8, 0x00, 0x00,
	0x00, 0x00, 0x8b, 0x4d, 0xf8, 0x29, 0xc8, 0x8b, 0x4d, 0xf4, 0x89, 0x4d,
	0xf0, 0x89, 0xc1, 0x8b, 0x45, 0xf0, 0xd3, 0xe8, 0xb9, 0x00, 0x00, 0x00,
	0x00, 0x89, 0xca, 0xe9, 0x0a, 0x00, 0x00, 0x00, 0xb8, 0x00, 0x00, 0x00,
	0x00, 0xba, 0x00, 0x00, 0x00, 0x00, 0xc9, 0xc3, 0x55, 0x89, 0xe5, 0x81,
	0xec, 0x0c, 0x00, 0x00, 0x00, 0xd9, 0x05, 0x44, 0x3a, 0x05, 0x08, 0xd9,
	0x45, 0x08, 0xde, 0xd9, 0xdf, 0xe0, 0xf6, 0xc4, 0x05, 0x0f, 0x94, 0xc0,
	0x0f, 0xb6, 0xc0, 0x89, 0x45, 0xf4, 0x83, 0xf8, 0x00, 0x0f, 0x84, 0x05,
	0x00, 0x00, 0x00, 0xe9, 0x0e, 0x00, 0x00, 0x00, 0xd9, 0x05, 0x48, 0x3a,
	0x05, 0x08, 0xd8, 0x65, 0x08, 0xe9, 0x03, 0x00, 0x00, 0x00, 0xd9, 0x45,
	0x08, 0x81, 0xec, 0x04, 0x00, 0x00, 0x00, 0xd9, 0x5c, 0x24, 0x00, 0xe8,
	0xe0, 0xfe, 0xff, 0xff, 0x83, 0xc4, 0x04, 0x89, 0x45, 0xf8, 0x89, 0x55,
	0xfc, 0x8b, 0x45, 0xf4, 0x83, 0xf8, 0x00, 0x0f, 0x84, 0x05, 0x00, 0x00,
	0x00, 0xe9, 0x1b, 0x00, 0x00, 0x00, 0xb8, 0x00, 0x00, 0x00, 0x00, 0x8b,
	0x4d, 0xf8, 0x29, 0xc8, 0xb9, 0x00, 0x00, 0x00, 0x00, 0x8b, 0x55, 0xfc,
	0x19, 0xd1, 0x89, 0xca, 0xe9, 0x06, 0x00, 0x00, 0x00, 0x8b, 0x45, 0xf8,
	0x8b, 0x55, 0xfc, 0xc9, 0xc3, 0x55, 0x89, 0xe5, 0x81, 0xec, 0x14, 0x00,
	0x00, 0x00, 0xdd, 0x45, 0x08, 0xdd, 0x55, 0xf8, 0xdd, 0xd8, 0x8b, 0x45,
	0xfc, 0x83, 0xf8, 0x00, 0x0f, 0x85, 0x1b, 0x00, 0x00, 0x00, 0x8b, 0x45,
	0xf8, 0x83, 0xf8, 0x00, 0x0f, 0x85, 0x0f, 0x00, 0x00, 0x00, 0xb8, 0x00,
	0x00, 0x00, 0x00, 0xba, 0x00, 0x00, 0x00, 0x00, 0xe9, 0xa6, 0x00, 0x00,
	0x00, 0x8b, 0x45, 0xfc, 0xc1, 0xf8, 0x14, 0x81, 0xe0, 0xff, 0x07, 0x00,
	0x00, 0x81, 0xe8, 0xfe, 0x03, 0x00, 0x00, 0x83, 0xe8, 0x35, 0x89, 0x45,
	0xf4, 0x8b, 0x45, 0xf8, 0x8b, 0x4d, 0xfc, 0x81, 0xe1, 0xff, 0xff, 0x0f,
	0x00, 0x81, 0xc9, 0x00, 0x00, 0x10, 0x00, 0x89, 0x45, 0xec, 0x89, 0x4d,
	0xf0, 0x8b, 0x45, 0xf4, 0x83, 0xf8, 0x0c, 0x0f, 0x8c, 0x0f, 0x00, 0x00,
	0x00, 0xb8, 0xff, 0xff, 0xff, 0xff, 0xba, 0xff, 0xff, 0xff, 0xff, 0xe9,
	0x5b, 0x00, 0x00, 0x00, 0x8b, 0x45, 0xf4, 0x83, 0xf8, 0x00, 0x0f, 0x8c,
	0x19, 0x00, 0x00, 0x00, 0x8b, 0x45, 0xf4, 0x50, 0x8b, 0x45, 0xec, 0x8b,
	0x4d, 0xf0, 0x51, 0x50, 0xe8, 0x55, 0xfc, 0xff, 0xff, 0x83, 0xc4, 0x0c,
	0xe9, 0x36, 0x00, 0x00, 0x00, 0x8b, 0x45, 0xf4, 0x83, 0xf8, 0xcc, 0x0f,
	0x8c, 0x20, 0x00, 0x00, 0x00, 0xb8, 0x00, 0x00, 0x00, 0x00, 0x8b, 0x4d,
	0xf4, 0x29, 0xc8, 0x50, 0x8b, 0x45, 0xec, 0x8b, 0x4d, 0xf0, 0x51, 0x50,
	0xe8, 0xaa, 0xfb, 0xff, 0xff, 0x83, 0xc4, 0x0c, 0xe9, 0x0a, 0x00, 0x00,
	0x00, 0xb8, 0x00, 0x00, 0x00, 0x00, 0xba, 0x00, 0x00, 0x00, 0x00, 0xc9,
	0xc3, 0x55, 0x89, 0xe5, 0x81, 0xec, 0x0c, 0x00, 0x00, 0x00, 0xdd, 0x05,
	0x4c, 0x3a, 0x05, 0x08, 0xdd, 0x45, 0x08, 0xde, 0xd9, 0xdf, 0xe0, 0xf6,
	0xc4, 0x05, 0x0f, 0x94, 0xc0, 0x0f, 0xb6, 0xc0, 0x89, 0x45, 0xf4, 0x83,
	0xf8, 0x00, 0x0f, 0x84, 0x05, 0x00, 0x00, 0x00, 0xe9, 0x0e, 0x00, 0x00,
	0x00, 0xdd, 0x05, 0x54, 0x3a, 0x05, 0x08, 0xdc, 0x65, 0x08, 0xe9, 0x03,
	0x00, 0x00, 0x00, 0xdd, 0x45, 0x08, 0x81, 0xec, 0x08, 0x00, 0x00, 0x00,
	0xdd, 0x5c, 0x24, 0x00, 0xe8, 0xd0, 0xfe, 0xff, 0xff, 0x83, 0xc4, 0x08,
	0x89, 0x45, 0xf8, 0x89, 0x55, 0xfc, 0x8b, 0x45, 0xf4, 0x83, 0xf8, 0x00,
	0x0f, 0x84, 0x05, 0x00, 0x00, 0x00, 0xe9, 0x1b, 0x00, 0x00, 0x00, 0xb8,
	0x00, 0x00, 0x00, 0x00, 0x8b, 0x4d, 0xf8, 0x29, 0xc8, 0xb9, 0x00, 0x00,
	0x00, 0x00, 0x8b, 0x55, 0xfc, 0x19, 0xd1, 0x89, 0xca, 0xe9, 0x06, 0x00,
	0x00, 0x00, 0x8b, 0x45, 0xf8, 0x8b, 0x55, 0xfc, 0xc9, 0xc3, 0x55, 0x89,
	0xe5, 0x81, 0xec, 0x18, 0x00, 0x00, 0x00, 0xdb, 0x6d, 0x08, 0xd9, 0xc0,
	0xdb, 0x7d, 0xf4, 0xdd, 0xd8, 0x8b, 0x45, 0xf8, 0x83, 0xf8, 0x00, 0x0f,
	0x85, 0x28, 0x00, 0x00, 0x00, 0x8b, 0x45, 0xf4, 0x83, 0xf8, 0x00, 0x0f,
	0x85, 0x1c, 0x00, 0x00, 0x00, 0x0f, 0xb7, 0x45, 0xfc, 0x83, 0xf8, 0x00,
	0x0f, 0x85, 0x0f, 0x00, 0x00, 0x00, 0xb8, 0x00, 0x00, 0x00, 0x00, 0xba,
	0x00, 0x00, 0x00, 0x00, 0xe9, 0x73, 0x00, 0x00, 0x00, 0x0f, 0xb7, 0x45,
	0xfc, 0x81, 0xe0, 0xff, 0x7f, 0x00, 0x00, 0x81, 0xe8, 0xfe, 0x3f, 0x00,
	0x00, 0x83, 0xe8, 0x40, 0x89, 0x45, 0xf0, 0x8b, 0x45, 0xf4, 0x8b, 0x4d,
	0xf8, 0x89, 0x45, 0xe8, 0x89, 0x4d, 0xec, 0x8b, 0x45, 0xf0, 0x83, 0xf8,
	0x00, 0x0f, 0x8e, 0x0f, 0x00, 0x00, 0x00, 0xb8, 0xff, 0xff, 0xff, 0xff,
	0xba, 0xff, 0xff, 0xff, 0xff, 0xe9, 0x36, 0x00, 0x00, 0x00, 0x8b, 0x45,
	0xf0, 0x83, 0xf8, 0xc1, 0x0f, 0x8c, 0x20, 0x00, 0x00, 0x00, 0xb8, 0x00,
	0x00, 0x00, 0x00, 0x8b, 0x4d, 0xf0, 0x29, 0xc8, 0x50, 0x8b, 0x45, 0xe8,
	0x8b, 0x4d, 0xec, 0x51, 0x50, 0xe8, 0x61, 0xfa, 0xff, 0xff, 0x83, 0xc4,
	0x0c, 0xe9, 0x0a, 0x00, 0x00, 0x00, 0xb8, 0x00, 0x00, 0x00, 0x00, 0xba,
	0x00, 0x00, 0x00, 0x00, 0xc9, 0xc3, 0x55, 0x89, 0xe5, 0x81, 0xec, 0x0c,
	0x00, 0x00, 0x00, 0xdb, 0x2d, 0x5c, 0x3a, 0x05, 0x08, 0xdb, 0x6d, 0x08,
	0xde, 0xd9, 0xdf, 0xe0, 0xf6, 0xc4, 0x05, 0x0f, 0x94, 0xc0, 0x0f, 0xb6,
	0xc0, 0x89, 0x45, 0xf4, 0x83, 0xf8, 0x00, 0x0f, 0x84, 0x05, 0x00, 0x00,
	0x00, 0xe9, 0x10, 0x00, 0x00, 0x00, 0xdb, 0x2d, 0x68, 0x3a, 0x05, 0x08,
	0xdb, 0x6d, 0x08, 0xde, 0xe9, 0xe9, 0x03, 0x00, 0x00, 0x00, 0xdb, 0x6d,
	0x08, 0x81, 0xec, 0x0c, 0x00, 0x00, 0x00, 0xdb, 0x7c, 0x24, 0x00, 0xe8,
	0xf2, 0xfe, 0xff, 0xff, 0x83, 0xc4, 0x0c, 0x89, 0x45, 0xf8, 0x89, 0x55,
	0xfc, 0x8b, 0x45, 0xf4, 0x83, 0xf8, 0x00, 0x0f, 0x84, 0x05, 0x00, 0x00,
	0x00, 0xe9, 0x1b, 0x00, 0x00, 0x00, 0xb8, 0x00, 0x00, 0x00, 0x00, 0x8b,
	0x4d, 0xf8, 0x29, 0xc8, 0xb9, 0x00, 0x00, 0x00, 0x00, 0x8b, 0x55, 0xfc,
	0x19, 0xd1, 0x89, 0xca, 0xe9, 0x06, 0x00, 0x00, 0x00, 0x8b, 0x45, 0xf8,
	0x8b, 0x55, 0xfc, 0xc9, 0xc3, 0x00, 0x00, 0x00, 0x83, 0xec, 0x0c, 0x83,
	0xc4, 0x0c, 0xc3, 0x83, 0xec, 0x0c, 0x83, 0xc4, 0x0c, 0xc3, 0x00, 0x00,
	0xff, 0x35, 0x04, 0x00, 0x00, 0x00, 0xff, 0x25, 0x08, 0x00, 0x00, 0x00,
	0x00, 0x00, 0x00, 0x00, 0xff, 0x25, 0x0c, 0x00, 0x00, 0x00, 0x68, 0x08,
	0x00, 0x00, 0x00, 0xe9, 0xe0, 0xff, 0xff, 0xff, 0x68, 0x65, 0x6c, 0x6c,
	0x6f, 0x20, 0x66, 0x72, 0x6f, 0x6d, 0x20, 0x6d, 0x75, 0x73, 0x6c, 0x2b,
	0x74, 0x63, 0x63, 0x2c, 0x20, 0x73, 0x75, 0x6d, 0x3d, 0x25, 0x64, 0x0a,
	0x00, 0x00, 0x00, 0x00, 0x00, 0x2f, 0x64, 0x65, 0x76, 0x2f, 0x6e, 0x75,
	0x6c, 0x6c, 0x00, 0x00, 0xc0, 0x86, 0x04, 0x08, 0x00, 0x00, 0x00, 0x00,
	0x00, 0x00, 0x00, 0x00, 0xc4, 0x3a, 0x05, 0x08, 0x01, 0x00, 0x02, 0x00,
	0x03, 0x00, 0x04, 0x00, 0x05, 0x00, 0x06, 0x00, 0x07, 0x00, 0x08, 0x00,
	0x09, 0x00, 0x0a, 0x00, 0x0c, 0x00, 0x0f, 0x00, 0x12, 0x00, 0x14, 0x00,
	0x19, 0x00, 0x1f, 0x00, 0x24, 0x00, 0x2a, 0x00, 0x32, 0x00, 0x3f, 0x00,
	0x48, 0x00, 0x54, 0x00, 0x66, 0x00, 0x7f, 0x00, 0x92, 0x00, 0xaa, 0x00,
	0xcc, 0x00, 0xff, 0x00, 0x24, 0x01, 0x54, 0x01, 0x99, 0x01, 0xff, 0x01,
	0x48, 0x02, 0xaa, 0x02, 0x32, 0x03, 0xff, 0x03, 0x91, 0x04, 0x54, 0x05,
	0x65, 0x06, 0xff, 0x07, 0x24, 0x09, 0xaa, 0x0a, 0xcc, 0x0c, 0xff, 0x0f,
	0x48, 0x12, 0x54, 0x15, 0x98, 0x19, 0xff, 0x1f, 0x1e, 0x1e, 0x1e, 0x1f,
	0x0f, 0x0f, 0x14, 0x0a, 0x0a, 0x1f, 0x0f, 0x07, 0x19, 0x0c, 0x06, 0x15,
	0x0a, 0x05, 0x12, 0x08, 0x04, 0x1f, 0x0f, 0x07, 0x1c, 0x0e, 0x06, 0x1c,
	0x18, 0x14, 0x20, 0x00, 0x00, 0x00, 0x00, 0x00, 0x00, 0x00, 0x00, 0x00,
	0x00, 0x00, 0x00, 0x00, 0x00, 0x00, 0x00, 0x00, 0x00, 0x00, 0x00, 0x00,
	0x00, 0x00, 0x00, 0x00, 0x00, 0x00, 0x00, 0x00, 0x00, 0x00, 0x00, 0x00,
	0x00, 0x00, 0x00, 0x00, 0x00, 0x00, 0x00, 0x00, 0x00, 0x00, 0x00, 0x00,
	0x00, 0x00, 0x00, 0x00, 0x00, 0x00, 0x00, 0x00, 0x00, 0x00, 0x00, 0x00,
	0x00, 0x00, 0x00, 0x00, 0x00, 0x00, 0x00, 0x00, 0x00, 0x00, 0x00, 0x00,
	0x00, 0x00, 0x00, 0x00, 0x00, 0x00, 0x00, 0x00, 0x00, 0x00, 0x00, 0x00,
	0x00, 0x00, 0x00, 0x00, 0x00, 0x00, 0x00, 0x00, 0x00, 0x00, 0x00, 0x00,
	0x00, 0x00, 0x00, 0x00, 0x00, 0x00, 0x00, 0x00, 0x00, 0x00, 0x00, 0x00,
	0x00, 0x00, 0x00, 0x00, 0x00, 0x00, 0x00, 0x00, 0x00, 0x00, 0x00, 0x00,
	0x00, 0x00, 0x00, 0x00, 0x00, 0x00, 0x00, 0x00, 0x00, 0x00, 0x00, 0x00,
	0x00, 0x00, 0x00, 0x00, 0x00, 0x00, 0x00, 0x00, 0x00, 0x00, 0x00, 0x00,
	0x00, 0x00, 0x00, 0x00, 0x00, 0x00, 0x00, 0x00, 0x00, 0x00, 0x00, 0x00,
	0x00, 0x00, 0x00, 0x00, 0x00, 0x00, 0x00, 0x00, 0x00, 0x00, 0x00, 0x00,
	0x00, 0x00, 0x00, 0x00, 0x00, 0x00, 0x00, 0x00, 0x00, 0x00, 0x00, 0x00,
	0x00, 0x00, 0x00, 0x00, 0x00, 0x00, 0x00, 0x00, 0x00, 0x00, 0x00, 0x00,
	0x00, 0x00, 0x00, 0x00, 0x00, 0x00, 0x00, 0x00, 0x00, 0x00, 0x00, 0x00,
	0x00, 0x00, 0x00, 0x00, 0x00, 0x00, 0x00, 0x00, 0x00, 0x00, 0x00, 0x00,
	0x00, 0x00, 0x00, 0x00, 0x00, 0x00, 0x00, 0x00, 0x00, 0x00, 0x00, 0x00,
	0x00, 0x00, 0x00, 0x00, 0x00, 0x00, 0x00, 0x00, 0x00, 0x00, 0x00, 0x00,
	0x00, 0x00, 0x00, 0x00, 0x00, 0x00, 0x00, 0x00, 0x00, 0x00, 0x00, 0x00,
	0x00, 0x00, 0x00, 0x00, 0x00, 0x00, 0x00, 0x00, 0x00, 0x00, 0x00, 0x00,
	0x00, 0x00, 0x00, 0x00, 0x00, 0x00, 0x00, 0x00, 0x00, 0x00, 0x00, 0x00,
	0x00, 0x00, 0x00, 0x00, 0x00, 0x00, 0x00, 0x00, 0x00, 0x00, 0x00, 0x00,
	0x00, 0x00, 0x00, 0x00, 0x00, 0x00, 0x00, 0x00, 0x00, 0x00, 0x00, 0x00,
	0x00, 0x00, 0x00, 0x00, 0x00, 0x00, 0x00, 0x00, 0x00, 0x00, 0x00, 0x00,
	0x00, 0x00, 0x00, 0x00, 0x00, 0x00, 0x00, 0x00, 0x00, 0x00, 0x00, 0x00,
	0x00, 0x00, 0x00, 0x00, 0x00, 0x00, 0x00, 0x00, 0x00, 0x00, 0x00, 0x00,
	0x00, 0x00, 0x00, 0x00, 0x00, 0x00, 0x00, 0x00, 0x00, 0x00, 0x00, 0x00,
	0x00, 0x00, 0x00, 0x00, 0x00, 0x00, 0x00, 0x00, 0x00, 0x00, 0x00, 0x00,
	0x00, 0x00, 0x00, 0x00, 0x00, 0x00, 0x00, 0x00, 0x00, 0x00, 0x00, 0x00,
	0x00, 0x00, 0x00, 0x00, 0x00, 0x00, 0x00, 0x00, 0x00, 0x00, 0x00, 0x00,
	0x00, 0x00, 0x00, 0x00, 0x00, 0x00, 0x00, 0x00, 0x00, 0x00, 0x00, 0x00,
	0x00, 0x00, 0x00, 0x00, 0x00, 0x00, 0x00, 0x00, 0x00, 0x00, 0x00, 0x00,
	0x00, 0x00, 0x00, 0x00, 0x00, 0x00, 0x00, 0x00, 0x00, 0x00, 0x00, 0x00,
	0x00, 0x00, 0x00, 0x00, 0x00, 0x00, 0x00, 0x00, 0x00, 0x00, 0x00, 0x00,
	0x00, 0x00, 0x00, 0x00, 0x00, 0x00, 0x00, 0x00, 0x00, 0x00, 0x00, 0x00,
	0x00, 0x00, 0x00, 0x00, 0x00, 0x00, 0x00, 0x00, 0x00, 0x00, 0x00, 0x00,
	0x00, 0x00, 0x00, 0x00, 0x00, 0x00, 0x00, 0x00, 0x00, 0x00, 0x00, 0x00,
	0x00, 0x00, 0x00, 0x00, 0x00, 0x00, 0x00, 0x00, 0x00, 0x00, 0x00, 0x00,
	0x00, 0x00, 0x00, 0x00, 0x00, 0x00, 0x00, 0x00, 0x00, 0x00, 0x00, 0x00,
	0x00, 0x00, 0x00, 0x00, 0x00, 0x00, 0x00, 0x00, 0x00, 0x00, 0x00, 0x00,
	0x00, 0x00, 0x00, 0x00, 0x05, 0x00, 0x00, 0x00, 0x00, 0x00, 0x00, 0x00,
	0x00, 0x00, 0x00, 0x00, 0x06, 0xc8, 0x04, 0x08, 0x00, 0x00, 0x00, 0x00,
	0x00, 0x00, 0x00, 0x00, 0x00, 0x00, 0x00, 0x00, 0x00, 0x00, 0x00, 0x00,
	0x00, 0x00, 0x00, 0x00, 0x80, 0xc8, 0x04, 0x08, 0x58, 0xc8, 0x04, 0x08,
	0xe4, 0x3a, 0x05, 0x08, 0x00, 0x04, 0x00, 0x00, 0x00, 0x00, 0x00, 0x00,
	0x00, 0x00, 0x00, 0x00, 0x01, 0x00, 0x00, 0x00, 0x00, 0x00, 0x00, 0x00,
	0x00, 0x00, 0x00, 0x00, 0x00, 0x00, 0x00, 0x00, 0xff, 0xff, 0xff, 0xff,
	0x0a, 0x00, 0x00, 0x00, 0x00, 0x00, 0x00, 0x00, 0x00, 0x00, 0x00, 0x00,
	0x00, 0x00, 0x00, 0x00, 0x00, 0x00, 0x00, 0x00, 0x00, 0x00, 0x00, 0x00,
	0x00, 0x00, 0x00, 0x00, 0x00, 0x00, 0x00, 0x00, 0x00, 0x00, 0x00, 0x00,
	0x00, 0x00, 0x00, 0x00, 0x00, 0x00, 0x00, 0x00, 0x00, 0x00, 0x00, 0x00,
	0x00, 0x00, 0x00, 0x00, 0x00, 0x00, 0x00, 0x00, 0x40, 0x26, 0x05, 0x08,
	0x40, 0x26, 0x05, 0x08, 0x00, 0x00, 0x00, 0x00, 0x19, 0x00, 0x0a, 0x00,
	0x19, 0x19, 0x19, 0x00, 0x00, 0x00, 0x00, 0x05, 0x00, 0x00, 0x00, 0x00,
	0x00, 0x00, 0x09, 0x00, 0x00, 0x00, 0x00, 0x0b, 0x00, 0x00, 0x00, 0x00,
	0x00, 0x00, 0x00, 0x00, 0x19, 0x00, 0x11, 0x0a, 0x19, 0x19, 0x19, 0x03,
	0x0a, 0x07, 0x00, 0x01, 0x1b, 0x09, 0x0b, 0x18, 0x00, 0x00, 0x09, 0x06,
	0x0b, 0x00, 0x00, 0x0b, 0x00, 0x06, 0x19, 0x00, 0x00, 0x00, 0x19, 0x19,
	0x19, 0x00, 0x00, 0x00, 0x00, 0x00, 0x00, 0x00, 0x00, 0x00, 0x00, 0x00,
	0x00, 0x00, 0x00, 0x00, 0x00, 0x0e, 0x00, 0x00, 0x00, 0x00, 0x00, 0x00,
	0x00, 0x00, 0x19, 0x00, 0x0a, 0x0d, 0x19, 0x19, 0x19, 0x00, 0x0d, 0x00,
	0x00, 0x02, 0x00, 0x09, 0x0e, 0x00, 0x00, 0x00, 0x09, 0x00, 0x0e, 0x00,
	0x00, 0x0e, 0x00, 0x00, 0x00, 0x00, 0x00, 0x00, 0x00, 0x00, 0x00, 0x00,
	0x00, 0x00, 0x00, 0x00, 0x00, 0x00, 0x00, 0x00, 0x00, 0x00, 0x00, 0x00,
	0x00, 0x00, 0x00, 0x0c, 0x00, 0x00, 0x00, 0x00, 0x00, 0x00, 0x00, 0x00,
	0x00, 0x00, 0x00, 0x13, 0x00, 0x00, 0x00, 0x00, 0x13, 0x00, 0x00, 0x00,
	0x00, 0x09, 0x0c, 0x00, 0x00, 0x00, 0x00, 0x00, 0x0c, 0x00, 0x00, 0x0c,
	0x00, 0x00, 0x00, 0x00, 0x00, 0x00, 0x00, 0x00, 0x00, 0x00, 0x00, 0x00,
	0x00, 0x00, 0x00, 0x00, 0x00, 0x00, 0x00, 0x00, 0x00, 0x00, 0x00, 0x00,
	0x00, 0x10, 0x00, 0x00, 0x00, 0x00, 0x00, 0x00, 0x00, 0x00, 0x00, 0x00,
	0x00, 0x0f, 0x00, 0x00, 0x00, 0x04, 0x0f, 0x00, 0x00, 0x00, 0x00, 0x09,
	0x10, 0x00, 0x00, 0x00, 0x00, 0x00, 0x10, 0x00, 0x00, 0x10, 0x00, 0x00,
	0x00, 0x00, 0x00, 0x00, 0x00, 0x00, 0x00, 0x00, 0x00, 0x00, 0x00, 0x00,
	0x00, 0x00, 0x00, 0x00, 0x00, 0x00, 0x00, 0x00, 0x00, 0x00, 0x00, 0x12,
	0x00, 0x00, 0x00, 0x00, 0x00, 0x00, 0x00, 0x00, 0x00, 0x00, 0x00, 0x11,
	0x00, 0x00, 0x00, 0x00, 0x11, 0x00, 0x00, 0x00, 0x00, 0x09, 0x12, 0x00,
	0x00, 0x00, 0x00, 0x00, 0x12, 0x00, 0x00, 0x12, 0x00, 0x00, 0x1a, 0x00,
	0x00, 0x00, 0x1a, 0x1a, 0x1a, 0x00, 0x00, 0x00, 0x00, 0x00, 0x00, 0x00,
	0x00, 0x00, 0x00, 0x00, 0x00, 0x00, 0x00, 0x00, 0x00, 0x00, 0x00, 0x00,
	0x00, 0x00, 0x00, 0x00, 0x00, 0x00, 0x1a, 0x00, 0x00, 0x00, 0x1a, 0x1a,
	0x1a, 0x00, 0x00, 0x00, 0x00, 0x00, 0x00, 0x09, 0x00, 0x00, 0x00, 0x00,
	0x00, 0x00, 0x00, 0x00, 0x00, 0x00, 0x00, 0x00, 0x00, 0x00, 0x00, 0x00,
	0x00, 0x00, 0x00, 0x00, 0x00, 0x00, 0x00, 0x00, 0x00, 0x00, 0x00, 0x00,
	0x00, 0x00, 0x00, 0x00, 0x00, 0x00, 0x00, 0x14, 0x00, 0x00, 0x00, 0x00,
	0x00, 0x00, 0x00, 0x00, 0x00, 0x00, 0x00, 0x17, 0x00, 0x00, 0x00, 0x00,
	0x17, 0x00, 0x00, 0x00, 0x00, 0x09, 0x14, 0x00, 0x00, 0x00, 0x00, 0x00,
	0x14, 0x00, 0x00, 0x14, 0x00, 0x00, 0x00, 0x00, 0x00, 0x00, 0x00, 0x00,
	0x00, 0x00, 0x00, 0x00, 0x00, 0x00, 0x00, 0x00, 0x00, 0x00, 0x00, 0x00,
	0x00, 0x00, 0x00, 0x00, 0x00, 0x16, 0x00, 0x00, 0x00, 0x00, 0x00, 0x00,
	0x00, 0x00, 0x00, 0x00, 0x00, 0x15, 0x00, 0x00, 0x00, 0x00, 0x15, 0x00,
	0x00, 0x00, 0x00, 0x09, 0x16, 0x00, 0x00, 0x00, 0x00, 0x00, 0x16, 0x00,
	0x00, 0x16, 0x00, 0x00, 0x30, 0x31, 0x32, 0x33, 0x34, 0x35, 0x36, 0x37,
	0x38, 0x39, 0x41, 0x42, 0x43, 0x44, 0x45, 0x46, 0x2d, 0x30, 0x58, 0x2b,
	0x30, 0x58, 0x20, 0x30, 0x58, 0x2d, 0x30, 0x78, 0x2b, 0x30, 0x78, 0x20,
	0x30, 0x78, 0x00, 0x00, 0x00, 0x00, 0x00, 0x00, 0x00, 0x00, 0x00, 0x00,
	0x00, 0x80, 0x00, 0x00, 0x69, 0x6e, 0x66, 0x00, 0x49, 0x4e, 0x46, 0x00,
	0x6e, 0x61, 0x6e, 0x00, 0x4e, 0x41, 0x4e, 0x00, 0x00, 0x00, 0x00, 0x00,
	0x00, 0x00, 0x00, 0x80, 0x00, 0x40, 0x00, 0x00, 0x00, 0x00, 0x00, 0x00,
	0x00, 0x00, 0x00, 0x00, 0x00, 0x00, 0x00, 0x00, 0x00, 0x00, 0x00, 0x00,
	0x00, 0x00, 0x00, 0x80, 0x02, 0x40, 0x00, 0x00, 0x00, 0x00, 0x00, 0x00,
	0x00, 0x00, 0x00, 0x80, 0xff, 0x3f, 0x00, 0x00, 0x00, 0x00, 0x00, 0x00,
	0x00, 0x00, 0x00, 0x80, 0x03, 0x40, 0x00, 0x00, 0x00, 0x00, 0x00, 0x00,
	0x00, 0x00, 0x00, 0x00, 0x00, 0x80, 0x00, 0x00, 0x00, 0x00, 0x00, 0x00,
	0x00, 0x00, 0x00, 0x00, 0x00, 0x80, 0x00, 0x00, 0x00, 0x00, 0x00, 0x00,
	0x00, 0x00, 0x00, 0x80, 0x03, 0x40, 0x00, 0x00, 0x00, 0x00, 0x00, 0x00,
	0x00, 0x00, 0x00, 0x00, 0x00, 0x00, 0x00, 0x00, 0x00, 0x00, 0x00, 0x00,
	0x00, 0x00, 0x00, 0x00, 0x00, 0x00, 0x00, 0x00, 0x00, 0x00, 0x00, 0x00,
	0x00, 0x00, 0x00, 0x00, 0x00, 0x00, 0x00, 0x00, 0x00, 0x00, 0x00, 0x00,
	0x00, 0x00, 0x00, 0x80, 0x1b, 0x40, 0x00, 0x00, 0x00, 0x00, 0x00, 0x00,
	0x00, 0x28, 0x6b, 0xee, 0x1c, 0x40, 0x00, 0x00, 0x00, 0x00, 0x00, 0x00,
	0x00, 0x00, 0x00, 0x00, 0x00, 0x00, 0x00, 0x00, 0x00, 0x00, 0x00, 0x00,
	0x00, 0x00, 0x00, 0x80, 0x3f, 0x40, 0x00, 0x00, 0x00, 0x00, 0x00, 0x00,
	0x00, 0x00, 0x00, 0x80, 0x00, 0x40, 0x00, 0x00, 0x00, 0x00, 0x00, 0x00,
	0x00, 0x00, 0x00, 0x80, 0xfe, 0x3f, 0x00, 0x00, 0x00, 0x00, 0x00, 0x00,
	0x00, 0x00, 0x00, 0x80, 0xff, 0x3f, 0x00, 0x00, 0x00, 0x00, 0x00, 0x00,
	0x00, 0x00, 0x00, 0xc0, 0xff, 0x3f, 0x00, 0x00, 0x00, 0x00, 0x00, 0x00,
	0x00, 0x00, 0x00, 0x80, 0xff, 0xbf, 0x00, 0x00, 0x00, 0x00, 0x00, 0x00,
	0x00, 0x00, 0x00, 0x80, 0xff, 0xbf, 0x00, 0x00, 0x2e, 0x00, 0x2e, 0x00,
	0x2d, 0x2b, 0x20, 0x20, 0x20, 0x30, 0x58, 0x30, 0x78, 0x00, 0x28, 0x6e,
	0x75, 0x6c, 0x6c, 0x29, 0x00, 0x00, 0x00, 0x00, 0x00, 0x00, 0x02, 0x00,
	0x00, 0x20, 0x00, 0x00, 0xff, 0xff, 0xff, 0xff, 0x4e, 0x6f, 0x20, 0x65,
	0x72, 0x72, 0x6f, 0x72, 0x20, 0x69, 0x6e, 0x66, 0x6f, 0x72, 0x6d, 0x61,
	0x74, 0x69, 0x6f, 0x6e, 0x00, 0x49, 0x6c, 0x6c, 0x65, 0x67, 0x61, 0x6c,
	0x20, 0x62, 0x79, 0x74, 0x65, 0x20, 0x73, 0x65, 0x71, 0x75, 0x65, 0x6e,
	0x63, 0x65, 0x00, 0x44, 0x6f, 0x6d, 0x61, 0x69, 0x6e, 0x20, 0x65, 0x72,
	0x72, 0x6f, 0x72, 0x00, 0x52, 0x65, 0x73, 0x75, 0x6c, 0x74, 0x20, 0x6e,
	0x6f, 0x74, 0x20, 0x72, 0x65, 0x70, 0x72, 0x65, 0x73, 0x65, 0x6e, 0x74,
	0x61, 0x62, 0x6c, 0x65, 0x00, 0x4e, 0x6f, 0x74, 0x20, 0x61, 0x20, 0x74,
	0x74, 0x79, 0x00, 0x50, 0x65, 0x72, 0x6d, 0x69, 0x73, 0x73, 0x69, 0x6f,
	0x6e, 0x20, 0x64, 0x65, 0x6e, 0x69, 0x65, 0x64, 0x00, 0x4f, 0x70, 0x65,
	0x72, 0x61, 0x74, 0x69, 0x6f, 0x6e, 0x20, 0x6e, 0x6f, 0x74, 0x20, 0x70,
	0x65, 0x72, 0x6d, 0x69, 0x74, 0x74, 0x65, 0x64, 0x00, 0x4e, 0x6f, 0x20,
	0x73, 0x75, 0x63, 0x68, 0x20, 0x66, 0x69, 0x6c, 0x65, 0x20, 0x6f, 0x72,
	0x20, 0x64, 0x69, 0x72, 0x65, 0x63, 0x74, 0x6f, 0x72, 0x79, 0x00, 0x4e,
	0x6f, 0x20, 0x73, 0x75, 0x63, 0x68, 0x20, 0x70, 0x72, 0x6f, 0x63, 0x65,
	0x73, 0x73, 0x00, 0x46, 0x69, 0x6c, 0x65, 0x20, 0x65, 0x78, 0x69, 0x73,
	0x74, 0x73, 0x00, 0x56, 0x61, 0x6c, 0x75, 0x65, 0x20, 0x74, 0x6f, 0x6f,
	0x20, 0x6c, 0x61, 0x72, 0x67, 0x65, 0x20, 0x66, 0x6f, 0x72, 0x20, 0x64,
	0x61, 0x74, 0x61, 0x20, 0x74, 0x79, 0x70, 0x65, 0x00, 0x4e, 0x6f, 0x20,
	0x73, 0x70, 0x61, 0x63, 0x65, 0x20, 0x6c, 0x65, 0x66, 0x74, 0x20, 0x6f,
	0x6e, 0x20, 0x64, 0x65, 0x76, 0x69, 0x63, 0x65, 0x00, 0x4f, 0x75, 0x74,
	0x20, 0x6f, 0x66, 0x20, 0x6d, 0x65, 0x6d, 0x6f, 0x72, 0x79, 0x00, 0x52,
	0x65, 0x73, 0x6f, 0x75, 0x72, 0x63, 0x65, 0x20, 0x62, 0x75, 0x73, 0x79,
	0x00, 0x49, 0x6e, 0x74, 0x65, 0x72, 0x72, 0x75, 0x70, 0x74, 0x65, 0x64,
	0x20, 0x73, 0x79, 0x73, 0x74, 0x65, 0x6d, 0x20, 0x63, 0x61, 0x6c, 0x6c,
	0x00, 0x52, 0x65, 0x73, 0x6f, 0x75, 0x72, 0x63, 0x65, 0x20, 0x74, 0x65,
	0x6d, 0x70, 0x6f, 0x72, 0x61, 0x72, 0x69, 0x6c, 0x79, 0x20, 0x75, 0x6e,
	0x61, 0x76, 0x61, 0x69, 0x6c, 0x61, 0x62, 0x6c, 0x65, 0x00, 0x49, 0x6e,
	0x76, 0x61, 0x6c, 0x69, 0x64, 0x20, 0x73, 0x65, 0x65, 0x6b, 0x00, 0x43,
	0x72, 0x6f, 0x73, 0x73, 0x2d, 0x64, 0x65, 0x76, 0x69, 0x63, 0x65, 0x20,
	0x6c, 0x69, 0x6e, 0x6b, 0x00, 0x52, 0x65, 0x61, 0x64, 0x2d, 0x6f, 0x6e,
	0x6c, 0x79, 0x20, 0x66, 0x69, 0x6c, 0x65, 0x20, 0x73, 0x79, 0x73, 0x74,
	0x65, 0x6d, 0x00, 0x44, 0x69, 0x72, 0x65, 0x63, 0x74, 0x6f, 0x72, 0x79,
	0x20, 0x6e, 0x6f, 0x74, 0x20, 0x65, 0x6d, 0x70, 0x74, 0x79, 0x00, 0x43,
	0x6f, 0x6e, 0x6e, 0x65, 0x63, 0x74, 0x69, 0x6f, 0x6e, 0x20, 0x72, 0x65,
	0x73, 0x65, 0x74, 0x20, 0x62, 0x79, 0x20, 0x70, 0x65, 0x65, 0x72, 0x00,
	0x4f, 0x70, 0x65, 0x72, 0x61, 0x74, 0x69, 0x6f, 0x6e, 0x20, 0x74, 0x69,
	0x6d, 0x65, 0x64, 0x20, 0x6f, 0x75, 0x74, 0x00, 0x43, 0x6f, 0x6e, 0x6e,
	0x65, 0x63, 0x74, 0x69, 0x6f, 0x6e, 0x20, 0x72, 0x65, 0x66, 0x75, 0x73,
	0x65, 0x64, 0x00, 0x48, 0x6f, 0x73, 0x74, 0x20, 0x69, 0x73, 0x20, 0x64,
	0x6f, 0x77, 0x6e, 0x00, 0x48, 0x6f, 0x73, 0x74, 0x20, 0x69, 0x73, 0x20,
	0x75, 0x6e, 0x72, 0x65, 0x61, 0x63, 0x68, 0x61, 0x62, 0x6c, 0x65, 0x00,
	0x41, 0x64, 0x64, 0x72, 0x65, 0x73, 0x73, 0x20, 0x69, 0x6e, 0x20, 0x75,
	0x73, 0x65, 0x00, 0x42, 0x72, 0x6f, 0x6b, 0x65, 0x6e, 0x20, 0x70, 0x69,
	0x70, 0x65, 0x00, 0x49, 0x2f, 0x4f, 0x20, 0x65, 0x72, 0x72, 0x6f, 0x72,
	0x00, 0x4e, 0x6f, 0x20, 0x73, 0x75, 0x63, 0x68, 0x20, 0x64, 0x65, 0x76,
	0x69, 0x63, 0x65, 0x20, 0x6f, 0x72, 0x20, 0x61, 0x64, 0x64, 0x72, 0x65,
	0x73, 0x73, 0x00, 0x42, 0x6c, 0x6f, 0x63, 0x6b, 0x20, 0x64, 0x65, 0x76,
	0x69, 0x63, 0x65, 0x20, 0x72, 0x65, 0x71, 0x75, 0x69, 0x72, 0x65, 0x64,
	0x00, 0x4e, 0x6f, 0x20, 0x73, 0x75, 0x63, 0x68, 0x20, 0x64, 0x65, 0x76,
	0x69, 0x63, 0x65, 0x00, 0x4e, 0x6f, 0x74, 0x20, 0x61, 0x20, 0x64, 0x69,
	0x72, 0x65, 0x63, 0x74, 0x6f, 0x72, 0x79, 0x00, 0x49, 0x73, 0x20, 0x61,
	0x20, 0x64, 0x69, 0x72, 0x65, 0x63, 0x74, 0x6f, 0x72, 0x79, 0x00, 0x54,
	0x65, 0x78, 0x74, 0x20, 0x66, 0x69, 0x6c, 0x65, 0x20, 0x62, 0x75, 0x73,
	0x79, 0x00, 0x45, 0x78, 0x65, 0x63, 0x20, 0x66, 0x6f, 0x72, 0x6d, 0x61,
	0x74, 0x20, 0x65, 0x72, 0x72, 0x6f, 0x72, 0x00, 0x49, 0x6e, 0x76, 0x61,
	0x6c, 0x69, 0x64, 0x20, 0x61, 0x72, 0x67, 0x75, 0x6d, 0x65, 0x6e, 0x74,
	0x00, 0x41, 0x72, 0x67, 0x75, 0x6d, 0x65, 0x6e, 0x74, 0x20, 0x6c, 0x69,
	0x73, 0x74, 0x20, 0x74, 0x6f, 0x6f, 0x20, 0x6c, 0x6f, 0x6e, 0x67, 0x00,
	0x53, 0x79, 0x6d, 0x62, 0x6f, 0x6c, 0x69, 0x63, 0x20, 0x6c, 0x69, 0x6e,
	0x6b, 0x20, 0x6c, 0x6f, 0x6f, 0x70, 0x00, 0x46, 0x69, 0x6c, 0x65, 0x6e,
	0x61, 0x6d, 0x65, 0x20, 0x74, 0x6f, 0x6f, 0x20, 0x6c, 0x6f, 0x6e, 0x67,
	0x00, 0x54, 0x6f, 0x6f, 0x20, 0x6d, 0x61, 0x6e, 0x79, 0x20, 0x6f, 0x70,
	0x65, 0x6e, 0x20, 0x66, 0x69, 0x6c, 0x65, 0x73, 0x20, 0x69, 0x6e, 0x20,
	0x73, 0x79, 0x73, 0x74, 0x65, 0x6d, 0x00, 0x4e, 0x6f, 0x20, 0x66, 0x69,
	0x6c, 0x65, 0x20, 0x64, 0x65, 0x73, 0x63, 0x72, 0x69, 0x70, 0x74, 0x6f,
	0x72, 0x73, 0x20, 0x61, 0x76, 0x61, 0x69, 0x6c, 0x61, 0x62, 0x6c, 0x65,
	0x00, 0x42, 0x61, 0x64, 0x20, 0x66, 0x69, 0x6c, 0x65, 0x20, 0x64, 0x65,
	0x73, 0x63, 0x72, 0x69, 0x70, 0x74, 0x6f, 0x72, 0x00, 0x4e, 0x6f, 0x20,
	0x63, 0x68, 0x69, 0x6c, 0x64, 0x20, 0x70, 0x72, 0x6f, 0x63, 0x65, 0x73,
	0x73, 0x00, 0x42, 0x61, 0x64, 0x20, 0x61, 0x64, 0x64, 0x72, 0x65, 0x73,
	0x73, 0x00, 0x46, 0x69, 0x6c, 0x65, 0x20, 0x74, 0x6f, 0x6f, 0x20, 0x6c,
	0x61, 0x72, 0x67, 0x65, 0x00, 0x54, 0x6f, 0x6f, 0x20, 0x6d, 0x61, 0x6e,
	0x79, 0x20, 0x6c, 0x69, 0x6e, 0x6b, 0x73, 0x00, 0x4e, 0x6f, 0x20, 0x6c,
	0x6f, 0x63, 0x6b, 0x73, 0x20, 0x61, 0x76, 0x61, 0x69, 0x6c, 0x61, 0x62,
	0x6c, 0x65, 0x00, 0x52, 0x65, 0x73, 0x6f, 0x75, 0x72, 0x63, 0x65, 0x20,
	0x64, 0x65, 0x61, 0x64, 0x6c, 0x6f, 0x63, 0x6b, 0x20, 0x77, 0x6f, 0x75,
	0x6c, 0x64, 0x20, 0x6f, 0x63, 0x63, 0x75, 0x72, 0x00, 0x53, 0x74, 0x61,
	0x74, 0x65, 0x20, 0x6e, 0x6f, 0x74, 0x20, 0x72, 0x65, 0x63, 0x6f, 0x76,
	0x65, 0x72, 0x61, 0x62, 0x6c, 0x65, 0x00, 0x50, 0x72, 0x65, 0x76, 0x69,
	0x6f, 0x75, 0x73, 0x20, 0x6f, 0x77, 0x6e, 0x65, 0x72, 0x20, 0x64, 0x69,
	0x65, 0x64, 0x00, 0x4f, 0x70, 0x65, 0x72, 0x61, 0x74, 0x69, 0x6f, 0x6e,
	0x20, 0x63, 0x61, 0x6e, 0x63, 0x65, 0x6c, 0x65, 0x64, 0x00, 0x46, 0x75,
	0x6e, 0x63, 0x74, 0x69, 0x6f, 0x6e, 0x20, 0x6e, 0x6f, 0x74, 0x20, 0x69,
	0x6d, 0x70, 0x6c, 0x65, 0x6d, 0x65, 0x6e, 0x74, 0x65, 0x64, 0x00, 0x4e,
	0x6f, 0x20, 0x6d, 0x65, 0x73, 0x73, 0x61, 0x67, 0x65, 0x20, 0x6f, 0x66,
	0x20, 0x64, 0x65, 0x73, 0x69, 0x72, 0x65, 0x64, 0x20, 0x74, 0x79, 0x70,
	0x65, 0x00, 0x49, 0x64, 0x65, 0x6e, 0x74, 0x69, 0x66, 0x69, 0x65, 0x72,
	0x20, 0x72, 0x65, 0x6d, 0x6f, 0x76, 0x65, 0x64, 0x00, 0x44, 0x65, 0x76,
	0x69, 0x63, 0x65, 0x20, 0x6e, 0x6f, 0x74, 0x20, 0x61, 0x20, 0x73, 0x74,
	0x72, 0x65, 0x61, 0x6d, 0x00, 0x4e, 0x6f, 0x20, 0x64, 0x61, 0x74, 0x61,
	0x20, 0x61, 0x76, 0x61, 0x69, 0x6c, 0x61, 0x62, 0x6c, 0x65, 0x00, 0x44,
	0x65, 0x76, 0x69, 0x63, 0x65, 0x20, 0x74, 0x69, 0x6d, 0x65, 0x6f, 0x75,
	0x74, 0x00, 0x4f, 0x75, 0x74, 0x20, 0x6f, 0x66, 0x20, 0x73, 0x74, 0x72,
	0x65, 0x61, 0x6d, 0x73, 0x20, 0x72, 0x65, 0x73, 0x6f, 0x75, 0x72, 0x63,
	0x65, 0x73, 0x00, 0x4c, 0x69, 0x6e, 0x6b, 0x20, 0x68, 0x61, 0x73, 0x20,
	0x62, 0x65, 0x65, 0x6e, 0x20, 0x73, 0x65, 0x76, 0x65, 0x72, 0x65, 0x64,
	0x00, 0x50, 0x72, 0x6f, 0x74, 0x6f, 0x63, 0x6f, 0x6c, 0x20, 0x65, 0x72,
	0x72, 0x6f, 0x72, 0x00, 0x42, 0x61, 0x64, 0x20, 0x6d, 0x65, 0x73, 0x73,
	0x61, 0x67, 0x65, 0x00, 0x46, 0x69, 0x6c, 0x65, 0x20, 0x64, 0x65, 0x73,
	0x63, 0x72, 0x69, 0x70, 0x74, 0x6f, 0x72, 0x20, 0x69, 0x6e, 0x20, 0x62,
	0x61, 0x64, 0x20, 0x73, 0x74, 0x61, 0x74, 0x65, 0x00, 0x4e, 0x6f, 0x74,
	0x20, 0x61, 0x20, 0x73, 0x6f, 0x63, 0x6b, 0x65, 0x74, 0x00, 0x44, 0x65,
	0x73, 0x74, 0x69, 0x6e, 0x61, 0x74, 0x69, 0x6f, 0x6e, 0x20, 0x61, 0x64,
	0x64, 0x72, 0x65, 0x73, 0x73, 0x20, 0x72, 0x65, 0x71, 0x75, 0x69, 0x72,
	0x65, 0x64, 0x00, 0x4d, 0x65, 0x73, 0x73, 0x61, 0x67, 0x65, 0x20, 0x74,
	0x6f, 0x6f, 0x20, 0x6c, 0x61, 0x72, 0x67, 0x65, 0x00, 0x50, 0x72, 0x6f,
	0x74, 0x6f, 0x63, 0x6f, 0x6c, 0x20, 0x77, 0x72, 0x6f, 0x6e, 0x67, 0x20,
	0x74, 0x79, 0x70, 0x65, 0x20, 0x66, 0x6f, 0x72, 0x20, 0x73, 0x6f, 0x63,
	0x6b, 0x65, 0x74, 0x00, 0x50, 0x72, 0x6f, 0x74, 0x6f, 0x63, 0x6f, 0x6c,
	0x20, 0x6e, 0x6f, 0x74, 0x20, 0x61, 0x76, 0x61, 0x69, 0x6c, 0x61, 0x62,
	0x6c, 0x65, 0x00, 0x50, 0x72, 0x6f, 0x74, 0x6f, 0x63, 0x6f, 0x6c, 0x20,
	0x6e, 0x6f, 0x74, 0x20, 0x73, 0x75, 0x70, 0x70, 0x6f, 0x72, 0x74, 0x65,
	0x64, 0x00, 0x53, 0x6f, 0x63, 0x6b, 0x65, 0x74, 0x20, 0x74, 0x79, 0x70,
	0x65, 0x20, 0x6e, 0x6f, 0x74, 0x20, 0x73, 0x75, 0x70, 0x70, 0x6f, 0x72,
	0x74, 0x65, 0x64, 0x00, 0x4e, 0x6f, 0x74, 0x20, 0x73, 0x75, 0x70, 0x70,
	0x6f, 0x72, 0x74, 0x65, 0x64, 0x00, 0x50, 0x72, 0x6f, 0x74, 0x6f, 0x63,
	0x6f, 0x6c, 0x20, 0x66, 0x61, 0x6d, 0x69, 0x6c, 0x79, 0x20, 0x6e, 0x6f,
	0x74, 0x20, 0x73, 0x75, 0x70, 0x70, 0x6f, 0x72, 0x74, 0x65, 0x64, 0x00,
	0x41, 0x64, 0x64, 0x72, 0x65, 0x73, 0x73, 0x20, 0x66, 0x61, 0x6d, 0x69,
	0x6c, 0x79, 0x20, 0x6e, 0x6f, 0x74, 0x20, 0x73, 0x75, 0x70, 0x70, 0x6f,
	0x72, 0x74, 0x65, 0x64, 0x20, 0x62, 0x79, 0x20, 0x70, 0x72, 0x6f, 0x74,
	0x6f, 0x63, 0x6f, 0x6c, 0x00, 0x41, 0x64, 0x64, 0x72, 0x65, 0x73, 0x73,
	0x20, 0x6e, 0x6f, 0x74, 0x20, 0x61, 0x76, 0x61, 0x69, 0x6c, 0x61, 0x62,
	0x6c, 0x65, 0x00, 0x4e, 0x65, 0x74, 0x77, 0x6f, 0x72, 0x6b, 0x20, 0x69,
	0x73, 0x20, 0x64, 0x6f, 0x77, 0x6e, 0x00, 0x4e, 0x65, 0x74, 0x77, 0x6f,
	0x72, 0x6b, 0x20, 0x75, 0x6e, 0x72, 0x65, 0x61, 0x63, 0x68, 0x61, 0x62,
	0x6c, 0x65, 0x00, 0x43, 0x6f, 0x6e, 0x6e, 0x65, 0x63, 0x74, 0x69, 0x6f,
	0x6e, 0x20, 0x72, 0x65, 0x73, 0x65, 0x74, 0x20, 0x62, 0x79, 0x20, 0x6e,
	0x65, 0x74, 0x77, 0x6f, 0x72, 0x6b, 0x00, 0x43, 0x6f, 0x6e, 0x6e, 0x65,
	0x63, 0x74, 0x69, 0x6f, 0x6e, 0x20, 0x61, 0x62, 0x6f, 0x72, 0x74, 0x65,
	0x64, 0x00, 0x4e, 0x6f, 0x20, 0x62, 0x75, 0x66, 0x66, 0x65, 0x72, 0x20,
	0x73, 0x70, 0x61, 0x63, 0x65, 0x20, 0x61, 0x76, 0x61, 0x69, 0x6c, 0x61,
	0x62, 0x6c, 0x65, 0x00, 0x53, 0x6f, 0x63, 0x6b, 0x65, 0x74, 0x20, 0x69,
	0x73, 0x20, 0x63, 0x6f, 0x6e, 0x6e, 0x65, 0x63, 0x74, 0x65, 0x64, 0x00,
	0x53, 0x6f, 0x63, 0x6b, 0x65, 0x74, 0x20, 0x6e, 0x6f, 0x74, 0x20, 0x63,
	0x6f, 0x6e, 0x6e, 0x65, 0x63, 0x74, 0x65, 0x64, 0x00, 0x43, 0x61, 0x6e,
	0x6e, 0x6f, 0x74, 0x20, 0x73, 0x65, 0x6e, 0x64, 0x20, 0x61, 0x66, 0x74,
	0x65, 0x72, 0x20, 0x73, 0x6f, 0x63, 0x6b, 0x65, 0x74, 0x20, 0x73, 0x68,
	0x75, 0x74, 0x64, 0x6f, 0x77, 0x6e, 0x00, 0x4f, 0x70, 0x65, 0x72, 0x61,
	0x74, 0x69, 0x6f, 0x6e, 0x20, 0x61, 0x6c, 0x72, 0x65, 0x61, 0x64, 0x79,
	0x20, 0x69, 0x6e, 0x20, 0x70, 0x72, 0x6f, 0x67, 0x72, 0x65, 0x73, 0x73,
	0x00, 0x4f, 0x70, 0x65, 0x72, 0x61, 0x74, 0x69, 0x6f, 0x6e, 0x20, 0x69,
	0x6e, 0x20, 0x70, 0x72, 0x6f, 0x67, 0x72, 0x65, 0x73, 0x73, 0x00, 0x53,
	0x74, 0x61, 0x6c, 0x65, 0x20, 0x66, 0x69, 0x6c, 0x65, 0x20, 0x68, 0x61,
	0x6e, 0x64, 0x6c, 0x65, 0x00, 0x52, 0x65, 0x6d, 0x6f, 0x74, 0x65, 0x20,
	0x49, 0x2f, 0x4f, 0x20, 0x65, 0x72, 0x72, 0x6f, 0x72, 0x00, 0x51, 0x75,
	0x6f, 0x74, 0x61, 0x20, 0x65, 0x78, 0x63, 0x65, 0x65, 0x64, 0x65, 0x64,
	0x00, 0x4e, 0x6f, 0x20, 0x6d, 0x65, 0x64, 0x69, 0x75, 0x6d, 0x20, 0x66,
	0x6f, 0x75, 0x6e, 0x64, 0x00, 0x57, 0x72, 0x6f, 0x6e, 0x67, 0x20, 0x6d,
	0x65, 0x64, 0x69, 0x75, 0x6d, 0x20, 0x74, 0x79, 0x70, 0x65, 0x00, 0x4d,
	0x75, 0x6c, 0x74, 0x69, 0x68, 0x6f, 0x70, 0x20, 0x61, 0x74, 0x74, 0x65,
	0x6d, 0x70, 0x74, 0x65, 0x64, 0x00, 0x52, 0x65, 0x71, 0x75, 0x69, 0x72,
	0x65, 0x64, 0x20, 0x6b, 0x65, 0x79, 0x20, 0x6e, 0x6f, 0x74, 0x20, 0x61,
	0x76, 0x61, 0x69, 0x6c, 0x61, 0x62, 0x6c, 0x65, 0x00, 0x4b, 0x65, 0x79,
	0x20, 0x68, 0x61, 0x73, 0x20, 0x65, 0x78, 0x70, 0x69, 0x72, 0x65, 0x64,
	0x00, 0x4b, 0x65, 0x79, 0x20, 0x68, 0x61, 0x73, 0x20, 0x62, 0x65, 0x65,
	0x6e, 0x20, 0x72, 0x65, 0x76, 0x6f, 0x6b, 0x65, 0x64, 0x00, 0x4b, 0x65,
	0x79, 0x20, 0x77, 0x61, 0x73, 0x20, 0x72, 0x65, 0x6a, 0x65, 0x63, 0x74,
	0x65, 0x64, 0x20, 0x62, 0x79, 0x20, 0x73, 0x65, 0x72, 0x76, 0x69, 0x63,
	0x65, 0x00, 0x4e, 0x6f, 0x20, 0x65, 0x72, 0x72, 0x6f, 0x72, 0x20, 0x69,
	0x6e, 0x66, 0x6f, 0x72, 0x6d, 0x61, 0x74, 0x69, 0x6f, 0x6e, 0x00, 0x49,
	0x6c, 0x6c, 0x65, 0x67, 0x61, 0x6c, 0x20, 0x62, 0x79, 0x74, 0x65, 0x20,
	0x73, 0x65, 0x71, 0x75, 0x65, 0x6e, 0x63, 0x65, 0x00, 0x44, 0x6f, 0x6d,
	0x61, 0x69, 0x6e, 0x20, 0x65, 0x72, 0x72, 0x6f, 0x72, 0x00, 0x52, 0x65,
	0x73, 0x75, 0x6c, 0x74, 0x20, 0x6e, 0x6f, 0x74, 0x20, 0x72, 0x65, 0x70,
	0x72, 0x65, 0x73, 0x65, 0x6e, 0x74, 0x61, 0x62, 0x6c, 0x65, 0x00, 0x4e,
	0x6f, 0x74, 0x20, 0x61, 0x20, 0x74, 0x74, 0x79, 0x00, 0x50, 0x65, 0x72,
	0x6d, 0x69, 0x73, 0x73, 0x69, 0x6f, 0x6e, 0x20, 0x64, 0x65, 0x6e, 0x69,
	0x65, 0x64, 0x00, 0x4f, 0x70, 0x65, 0x72, 0x61, 0x74, 0x69, 0x6f, 0x6e,
	0x20, 0x6e, 0x6f, 0x74, 0x20, 0x70, 0x65, 0x72, 0x6d, 0x69, 0x74, 0x74,
	0x65, 0x64, 0x00, 0x4e, 0x6f, 0x20, 0x73, 0x75, 0x63, 0x68, 0x20, 0x66,
	0x69, 0x6c, 0x65, 0x20, 0x6f, 0x72, 0x20, 0x64, 0x69, 0x72, 0x65, 0x63,
	0x74, 0x6f, 0x72, 0x79, 0x00, 0x4e, 0x6f, 0x20, 0x73, 0x75, 0x63, 0x68,
	0x20, 0x70, 0x72, 0x6f, 0x63, 0x65, 0x73, 0x73, 0x00, 0x46, 0x69, 0x6c,
	0x65, 0x20, 0x65, 0x78, 0x69, 0x73, 0x74, 0x73, 0x00, 0x56, 0x61, 0x6c,
	0x75, 0x65, 0x20, 0x74, 0x6f, 0x6f, 0x20, 0x6c, 0x61, 0x72, 0x67, 0x65,
	0x20, 0x66, 0x6f, 0x72, 0x20, 0x64, 0x61, 0x74, 0x61, 0x20, 0x74, 0x79,
	0x70, 0x65, 0x00, 0x4e, 0x6f, 0x20, 0x73, 0x70, 0x61, 0x63, 0x65, 0x20,
	0x6c, 0x65, 0x66, 0x74, 0x20, 0x6f, 0x6e, 0x20, 0x64, 0x65, 0x76, 0x69,
	0x63, 0x65, 0x00, 0x4f, 0x75, 0x74, 0x20, 0x6f, 0x66, 0x20, 0x6d, 0x65,
	0x6d, 0x6f, 0x72, 0x79, 0x00, 0x52, 0x65, 0x73, 0x6f, 0x75, 0x72, 0x63,
	0x65, 0x20, 0x62, 0x75, 0x73, 0x79, 0x00, 0x49, 0x6e, 0x74, 0x65, 0x72,
	0x72, 0x75, 0x70, 0x74, 0x65, 0x64, 0x20, 0x73, 0x79, 0x73, 0x74, 0x65,
	0x6d, 0x20, 0x63, 0x61, 0x6c, 0x6c, 0x00, 0x52, 0x65, 0x73, 0x6f, 0x75,
	0x72, 0x63, 0x65, 0x20, 0x74, 0x65, 0x6d, 0x70, 0x6f, 0x72, 0x61, 0x72,
	0x69, 0x6c, 0x79, 0x20, 0x75, 0x6e, 0x61, 0x76, 0x61, 0x69, 0x6c, 0x61,
	0x62, 0x6c, 0x65, 0x00, 0x49, 0x6e, 0x76, 0x61, 0x6c, 0x69, 0x64, 0x20,
	0x73, 0x65, 0x65, 0x6b, 0x00, 0x43, 0x72, 0x6f, 0x73, 0x73, 0x2d, 0x64,
	0x65, 0x76, 0x69, 0x63, 0x65, 0x20, 0x6c, 0x69, 0x6e, 0x6b, 0x00, 0x52,
	0x65, 0x61, 0x64, 0x2d, 0x6f, 0x6e, 0x6c, 0x79, 0x20, 0x66, 0x69, 0x6c,
	0x65, 0x20, 0x73, 0x79, 0x73, 0x74, 0x65, 0x6d, 0x00, 0x44, 0x69, 0x72,
	0x65, 0x63, 0x74, 0x6f, 0x72, 0x79, 0x20, 0x6e, 0x6f, 0x74, 0x20, 0x65,
	0x6d, 0x70, 0x74, 0x79, 0x00, 0x43, 0x6f, 0x6e, 0x6e, 0x65, 0x63, 0x74,
	0x69, 0x6f, 0x6e, 0x20, 0x72, 0x65, 0x73, 0x65, 0x74, 0x20, 0x62, 0x79,
	0x20, 0x70, 0x65, 0x65, 0x72, 0x00, 0x4f, 0x70, 0x65, 0x72, 0x61, 0x74,
	0x69, 0x6f, 0x6e, 0x20, 0x74, 0x69, 0x6d, 0x65, 0x64, 0x20, 0x6f, 0x75,
	0x74, 0x00, 0x43, 0x6f, 0x6e, 0x6e, 0x65, 0x63, 0x74, 0x69, 0x6f, 0x6e,
	0x20, 0x72, 0x65, 0x66, 0x75, 0x73, 0x65, 0x64, 0x00, 0x48, 0x6f, 0x73,
	0x74, 0x20, 0x69, 0x73, 0x20, 0x64, 0x6f, 0x77, 0x6e, 0x00, 0x48, 0x6f,
	0x73, 0x74, 0x20, 0x69, 0x73, 0x20, 0x75, 0x6e, 0x72, 0x65, 0x61, 0x63,
	0x68, 0x61, 0x62, 0x6c, 0x65, 0x00, 0x41, 0x64, 0x64, 0x72, 0x65, 0x73,
	0x73, 0x20, 0x69, 0x6e, 0x20, 0x75, 0x73, 0x65, 0x00, 0x42, 0x72, 0x6f,
	0x6b, 0x65, 0x6e, 0x20, 0x70, 0x69, 0x70, 0x65, 0x00, 0x49, 0x2f, 0x4f,
	0x20, 0x65, 0x72, 0x72, 0x6f, 0x72, 0x00, 0x4e, 0x6f, 0x20, 0x73, 0x75,
	0x63, 0x68, 0x20, 0x64, 0x65, 0x76, 0x69, 0x63, 0x65, 0x20, 0x6f, 0x72,
	0x20, 0x61, 0x64, 0x64, 0x72, 0x65, 0x73, 0x73, 0x00, 0x42, 0x6c, 0x6f,
	0x63, 0x6b, 0x20, 0x64, 0x65, 0x76, 0x69, 0x63, 0x65, 0x20, 0x72, 0x65,
	0x71, 0x75, 0x69, 0x72, 0x65, 0x64, 0x00, 0x4e, 0x6f, 0x20, 0x73, 0x75,
	0x63, 0x68, 0x20, 0x64, 0x65, 0x76, 0x69, 0x63, 0x65, 0x00, 0x4e, 0x6f,
	0x74, 0x20, 0x61, 0x20, 0x64, 0x69, 0x72, 0x65, 0x63, 0x74, 0x6f, 0x72,
	0x79, 0x00, 0x49, 0x73, 0x20, 0x61, 0x20, 0x64, 0x69, 0x72, 0x65, 0x63,
	0x74, 0x6f, 0x72, 0x79, 0x00, 0x54, 0x65, 0x78, 0x74, 0x20, 0x66, 0x69,
	0x6c, 0x65, 0x20, 0x62, 0x75, 0x73, 0x79, 0x00, 0x45, 0x78, 0x65, 0x63,
	0x20, 0x66, 0x6f, 0x72, 0x6d, 0x61, 0x74, 0x20, 0x65, 0x72, 0x72, 0x6f,
	0x72, 0x00, 0x49, 0x6e, 0x76, 0x61, 0x6c, 0x69, 0x64, 0x20, 0x61, 0x72,
	0x67, 0x75, 0x6d, 0x65, 0x6e, 0x74, 0x00, 0x41, 0x72, 0x67, 0x75, 0x6d,
	0x65, 0x6e, 0x74, 0x20, 0x6c, 0x69, 0x73, 0x74, 0x20, 0x74, 0x6f, 0x6f,
	0x20, 0x6c, 0x6f, 0x6e, 0x67, 0x00, 0x53, 0x79, 0x6d, 0x62, 0x6f, 0x6c,
	0x69, 0x63, 0x20, 0x6c, 0x69, 0x6e, 0x6b, 0x20, 0x6c, 0x6f, 0x6f, 0x70,
	0x00, 0x46, 0x69, 0x6c, 0x65, 0x6e, 0x61, 0x6d, 0x65, 0x20, 0x74, 0x6f,
	0x6f, 0x20, 0x6c, 0x6f, 0x6e, 0x67, 0x00, 0x54, 0x6f, 0x6f, 0x20, 0x6d,
	0x61, 0x6e, 0x79, 0x20, 0x6f, 0x70, 0x65, 0x6e, 0x20, 0x66, 0x69, 0x6c,
	0x65, 0x73, 0x20, 0x69, 0x6e, 0x20, 0x73, 0x79, 0x73, 0x74, 0x65, 0x6d,
	0x00, 0x4e, 0x6f, 0x20, 0x66, 0x69, 0x6c, 0x65, 0x20, 0x64, 0x65, 0x73,
	0x63, 0x72, 0x69, 0x70, 0x74, 0x6f, 0x72, 0x73, 0x20, 0x61, 0x76, 0x61,
	0x69, 0x6c, 0x61, 0x62, 0x6c, 0x65, 0x00, 0x42, 0x61, 0x64, 0x20, 0x66,
	0x69, 0x6c, 0x65, 0x20, 0x64, 0x65, 0x73, 0x63, 0x72, 0x69, 0x70, 0x74,
	0x6f, 0x72, 0x00, 0x4e, 0x6f, 0x20, 0x63, 0x68, 0x69, 0x6c, 0x64, 0x20,
	0x70, 0x72, 0x6f, 0x63, 0x65, 0x73, 0x73, 0x00, 0x42, 0x61, 0x64, 0x20,
	0x61, 0x64, 0x64, 0x72, 0x65, 0x73, 0x73, 0x00, 0x46, 0x69, 0x6c, 0x65,
	0x20, 0x74, 0x6f, 0x6f, 0x20, 0x6c, 0x61, 0x72, 0x67, 0x65, 0x00, 0x54,
	0x6f, 0x6f, 0x20, 0x6d, 0x61, 0x6e, 0x79, 0x20, 0x6c, 0x69, 0x6e, 0x6b,
	0x73, 0x00, 0x4e, 0x6f, 0x20, 0x6c, 0x6f, 0x63, 0x6b, 0x73, 0x20, 0x61,
	0x76, 0x61, 0x69, 0x6c, 0x61, 0x62, 0x6c, 0x65, 0x00, 0x52, 0x65, 0x73,
	0x6f, 0x75, 0x72, 0x63, 0x65, 0x20, 0x64, 0x65, 0x61, 0x64, 0x6c, 0x6f,
	0x63, 0x6b, 0x20, 0x77, 0x6f, 0x75, 0x6c, 0x64, 0x20, 0x6f, 0x63, 0x63,
	0x75, 0x72, 0x00, 0x53, 0x74, 0x61, 0x74, 0x65, 0x20, 0x6e, 0x6f, 0x74,
	0x20, 0x72, 0x65, 0x63, 0x6f, 0x76, 0x65, 0x72, 0x61, 0x62, 0x6c, 0x65,
	0x00, 0x50, 0x72, 0x65, 0x76, 0x69, 0x6f, 0x75, 0x73, 0x20, 0x6f, 0x77,
	0x6e, 0x65, 0x72, 0x20, 0x64, 0x69, 0x65, 0x64, 0x00, 0x4f, 0x70, 0x65,
	0x72, 0x61, 0x74, 0x69, 0x6f, 0x6e, 0x20, 0x63, 0x61, 0x6e, 0x63, 0x65,
	0x6c, 0x65, 0x64, 0x00, 0x46, 0x75, 0x6e, 0x63, 0x74, 0x69, 0x6f, 0x6e,
	0x20, 0x6e, 0x6f, 0x74, 0x20, 0x69, 0x6d, 0x70, 0x6c, 0x65, 0x6d, 0x65,
	0x6e, 0x74, 0x65, 0x64, 0x00, 0x4e, 0x6f, 0x20, 0x6d, 0x65, 0x73, 0x73,
	0x61, 0x67, 0x65, 0x20, 0x6f, 0x66, 0x20, 0x64, 0x65, 0x73, 0x69, 0x72,
	0x65, 0x64, 0x20, 0x74, 0x79, 0x70, 0x65, 0x00, 0x49, 0x64, 0x65, 0x6e,
	0x74, 0x69, 0x66, 0x69, 0x65, 0x72, 0x20, 0x72, 0x65, 0x6d, 0x6f, 0x76,
	0x65, 0x64, 0x00, 0x44, 0x65, 0x76, 0x69, 0x63, 0x65, 0x20, 0x6e, 0x6f,
	0x74, 0x20, 0x61, 0x20, 0x73, 0x74, 0x72, 0x65, 0x61, 0x6d, 0x00, 0x4e,
	0x6f, 0x20, 0x64, 0x61, 0x74, 0x61, 0x20, 0x61, 0x76, 0x61, 0x69, 0x6c,
	0x61, 0x62, 0x6c, 0x65, 0x00, 0x44, 0x65, 0x76, 0x69, 0x63, 0x65, 0x20,
	0x74, 0x69, 0x6d, 0x65, 0x6f, 0x75, 0x74, 0x00, 0x4f, 0x75, 0x74, 0x20,
	0x6f, 0x66, 0x20, 0x73, 0x74, 0x72, 0x65, 0x61, 0x6d, 0x73, 0x20, 0x72,
	0x65, 0x73, 0x6f, 0x75, 0x72, 0x63, 0x65, 0x73, 0x00, 0x4c, 0x69, 0x6e,
	0x6b, 0x20, 0x68, 0x61, 0x73, 0x20, 0x62, 0x65, 0x65, 0x6e, 0x20, 0x73,
	0x65, 0x76, 0x65, 0x72, 0x65, 0x64, 0x00, 0x50, 0x72, 0x6f, 0x74, 0x6f,
	0x63, 0x6f, 0x6c, 0x20, 0x65, 0x72, 0x72, 0x6f, 0x72, 0x00, 0x42, 0x61,
	0x64, 0x20, 0x6d, 0x65, 0x73, 0x73, 0x61, 0x67, 0x65, 0x00, 0x46, 0x69,
	0x6c, 0x65, 0x20, 0x64, 0x65, 0x73, 0x63, 0x72, 0x69, 0x70, 0x74, 0x6f,
	0x72, 0x20, 0x69, 0x6e, 0x20, 0x62, 0x61, 0x64, 0x20, 0x73, 0x74, 0x61,
	0x74, 0x65, 0x00, 0x4e, 0x6f, 0x74, 0x20, 0x61, 0x20, 0x73, 0x6f, 0x63,
	0x6b, 0x65, 0x74, 0x00, 0x44, 0x65, 0x73, 0x74, 0x69, 0x6e, 0x61, 0x74,
	0x69, 0x6f, 0x6e, 0x20, 0x61, 0x64, 0x64, 0x72, 0x65, 0x73, 0x73, 0x20,
	0x72, 0x65, 0x71, 0x75, 0x69, 0x72, 0x65, 0x64, 0x00, 0x4d, 0x65, 0x73,
	0x73, 0x61, 0x67, 0x65, 0x20, 0x74, 0x6f, 0x6f, 0x20, 0x6c, 0x61, 0x72,
	0x67, 0x65, 0x00, 0x50, 0x72, 0x6f, 0x74, 0x6f, 0x63, 0x6f, 0x6c, 0x20,
	0x77, 0x72, 0x6f, 0x6e, 0x67, 0x20, 0x74, 0x79, 0x70, 0x65, 0x20, 0x66,
	0x6f, 0x72, 0x20, 0x73, 0x6f, 0x63, 0x6b, 0x65, 0x74, 0x00, 0x50, 0x72,
	0x6f, 0x74, 0x6f, 0x63, 0x6f, 0x6c, 0x20, 0x6e, 0x6f, 0x74, 0x20, 0x61,
	0x76, 0x61, 0x69, 0x6c, 0x61, 0x62, 0x6c, 0x65, 0x00, 0x50, 0x72, 0x6f,
	0x74, 0x6f, 0x63, 0x6f, 0x6c, 0x20, 0x6e, 0x6f, 0x74, 0x20, 0x73, 0x75,
	0x70, 0x70, 0x6f, 0x72, 0x74, 0x65, 0x64, 0x00, 0x53, 0x6f, 0x63, 0x6b,
	0x65, 0x74, 0x20, 0x74, 0x79, 0x70, 0x65, 0x20, 0x6e, 0x6f, 0x74, 0x20,
	0x73, 0x75, 0x70, 0x70, 0x6f, 0x72, 0x74, 0x65, 0x64, 0x00, 0x4e, 0x6f,
	0x74, 0x20, 0x73, 0x75, 0x70, 0x70, 0x6f, 0x72, 0x74, 0x65, 0x64, 0x00,
	0x50, 0x72, 0x6f, 0x74, 0x6f, 0x63, 0x6f, 0x6c, 0x20, 0x66, 0x61, 0x6d,
	0x69, 0x6c, 0x79, 0x20, 0x6e, 0x6f, 0x74, 0x20, 0x73, 0x75, 0x70, 0x70,
	0x6f, 0x72, 0x74, 0x65, 0x64, 0x00, 0x41, 0x64, 0x64, 0x72, 0x65, 0x73,
	0x73, 0x20, 0x66, 0x61, 0x6d, 0x69, 0x6c, 0x79, 0x20, 0x6e, 0x6f, 0x74,
	0x20, 0x73, 0x75, 0x70, 0x70, 0x6f, 0x72, 0x74, 0x65, 0x64, 0x20, 0x62,
	0x79, 0x20, 0x70, 0x72, 0x6f, 0x74, 0x6f, 0x63, 0x6f, 0x6c, 0x00, 0x41,
	0x64, 0x64, 0x72, 0x65, 0x73, 0x73, 0x20, 0x6e, 0x6f, 0x74, 0x20, 0x61,
	0x76, 0x61, 0x69, 0x6c, 0x61, 0x62, 0x6c, 0x65, 0x00, 0x4e, 0x65, 0x74,
	0x77, 0x6f, 0x72, 0x6b, 0x20, 0x69, 0x73, 0x20, 0x64, 0x6f, 0x77, 0x6e,
	0x00, 0x4e, 0x65, 0x74, 0x77, 0x6f, 0x72, 0x6b, 0x20, 0x75, 0x6e, 0x72,
	0x65, 0x61, 0x63, 0x68, 0x61, 0x62, 0x6c, 0x65, 0x00, 0x43, 0x6f, 0x6e,
	0x6e, 0x65, 0x63, 0x74, 0x69, 0x6f, 0x6e, 0x20, 0x72, 0x65, 0x73, 0x65,
	0x74, 0x20, 0x62, 0x79, 0x20, 0x6e, 0x65, 0x74, 0x77, 0x6f, 0x72, 0x6b,
	0x00, 0x43, 0x6f, 0x6e, 0x6e, 0x65, 0x63, 0x74, 0x69, 0x6f, 0x6e, 0x20,
	0x61, 0x62, 0x6f, 0x72, 0x74, 0x65, 0x64, 0x00, 0x4e, 0x6f, 0x20, 0x62,
	0x75, 0x66, 0x66, 0x65, 0x72, 0x20, 0x73, 0x70, 0x61, 0x63, 0x65, 0x20,
	0x61, 0x76, 0x61, 0x69, 0x6c, 0x61, 0x62, 0x6c, 0x65, 0x00, 0x53, 0x6f,
	0x63, 0x6b, 0x65, 0x74, 0x20, 0x69, 0x73, 0x20, 0x63, 0x6f, 0x6e, 0x6e,
	0x65, 0x63, 0x74, 0x65, 0x64, 0x00, 0x53, 0x6f, 0x63, 0x6b, 0x65, 0x74,
	0x20, 0x6e, 0x6f, 0x74, 0x20, 0x63, 0x6f, 0x6e, 0x6e, 0x65, 0x63, 0x74,
	0x65, 0x64, 0x00, 0x43, 0x61, 0x6e, 0x6e, 0x6f, 0x74, 0x20, 0x73, 0x65,
	0x6e, 0x64, 0x20, 0x61, 0x66, 0x74, 0x65, 0x72, 0x20, 0x73, 0x6f, 0x63,
	0x6b, 0x65, 0x74, 0x20, 0x73, 0x68, 0x75, 0x74, 0x64, 0x6f, 0x77, 0x6e,
	0x00, 0x4f, 0x70, 0x65, 0x72, 0x61, 0x74, 0x69, 0x6f, 0x6e, 0x20, 0x61,
	0x6c, 0x72, 0x65, 0x61, 0x64, 0x79, 0x20, 0x69, 0x6e, 0x20, 0x70, 0x72,
	0x6f, 0x67, 0x72, 0x65, 0x73, 0x73, 0x00, 0x4f, 0x70, 0x65, 0x72, 0x61,
	0x74, 0x69, 0x6f, 0x6e, 0x20, 0x69, 0x6e, 0x20, 0x70, 0x72, 0x6f, 0x67,
	0x72, 0x65, 0x73, 0x73, 0x00, 0x53, 0x74, 0x61, 0x6c, 0x65, 0x20, 0x66,
	0x69, 0x6c, 0x65, 0x20, 0x68, 0x61, 0x6e, 0x64, 0x6c, 0x65, 0x00, 0x52,
	0x65, 0x6d, 0x6f, 0x74, 0x65, 0x20, 0x49, 0x2f, 0x4f, 0x20, 0x65, 0x72,
	0x72, 0x6f, 0x72, 0x00, 0x51, 0x75, 0x6f, 0x74, 0x61, 0x20, 0x65, 0x78,
	0x63, 0x65, 0x65, 0x64, 0x65, 0x64, 0x00, 0x4e, 0x6f, 0x20, 0x6d, 0x65,
	0x64, 0x69, 0x75, 0x6d, 0x20, 0x66, 0x6f, 0x75, 0x6e, 0x64, 0x00, 0x57,
	0x72, 0x6f, 0x6e, 0x67, 0x20, 0x6d, 0x65, 0x64, 0x69, 0x75, 0x6d, 0x20,
	0x74, 0x79, 0x70, 0x65, 0x00, 0x4d, 0x75, 0x6c, 0x74, 0x69, 0x68, 0x6f,
	0x70, 0x20, 0x61, 0x74, 0x74, 0x65, 0x6d, 0x70, 0x74, 0x65, 0x64, 0x00,
	0x52, 0x65, 0x71, 0x75, 0x69, 0x72, 0x65, 0x64, 0x20, 0x6b, 0x65, 0x79,
	0x20, 0x6e, 0x6f, 0x74, 0x20, 0x61, 0x76, 0x61, 0x69, 0x6c, 0x61, 0x62,
	0x6c, 0x65, 0x00, 0x4b, 0x65, 0x79, 0x20, 0x68, 0x61, 0x73, 0x20, 0x65,
	0x78, 0x70, 0x69, 0x72, 0x65, 0x64, 0x00, 0x4b, 0x65, 0x79, 0x20, 0x68,
	0x61, 0x73, 0x20, 0x62, 0x65, 0x65, 0x6e, 0x20, 0x72, 0x65, 0x76, 0x6f,
	0x6b, 0x65, 0x64, 0x00, 0x4b, 0x65, 0x79, 0x20, 0x77, 0x61, 0x73, 0x20,
	0x72, 0x65, 0x6a, 0x65, 0x63, 0x74, 0x65, 0x64, 0x20, 0x62, 0x79, 0x20,
	0x73, 0x65, 0x72, 0x76, 0x69, 0x63, 0x65, 0x00, 0x00, 0x00, 0x6d, 0x00,
	0x85, 0x00, 0x9f, 0x00, 0x0d, 0x01, 0x0b, 0x02, 0x15, 0x02, 0xa5, 0x02,
	0x82, 0x02, 0x1d, 0x03, 0x31, 0x03, 0x25, 0x01, 0xf1, 0x00, 0x5b, 0x00,
	0x42, 0x03, 0x2f, 0x02, 0xff, 0x00, 0xaf, 0x00, 0x53, 0x01, 0x45, 0x02,
	0x54, 0x02, 0x64, 0x02, 0x94, 0x02, 0xe1, 0x02, 0xff, 0x02, 0x51, 0x00,
	0x73, 0x02, 0x4e, 0x03, 0xd9, 0x00, 0x46, 0x01, 0x65, 0x01, 0x5d, 0x03,
	0xff, 0x01, 0x2b, 0x00, 0x38, 0x00, 0x7f, 0x03, 0xcf, 0x02, 0x6c, 0x03,
	0xda, 0x03, 0x7b, 0x01, 0xbc, 0x02, 0x00, 0x00, 0xf3, 0x03, 0x0e, 0x04,
	0x00, 0x00, 0x00, 0x00, 0x00, 0x00, 0x00, 0x00, 0x00, 0x00, 0x00, 0x00,
	0x00, 0x00, 0x00, 0x00, 0x00, 0x00, 0x00, 0x00, 0x00, 0x00, 0x00, 0x00,
	0x00, 0x00, 0x00, 0x00, 0x00, 0x00, 0x00, 0x00, 0x21, 0x04, 0x35, 0x04,
	0x47, 0x04, 0x56, 0x04, 0x00, 0x00, 0x00, 0x00, 0x00, 0x00, 0x6f, 0x04,
	0x00, 0x00, 0x00, 0x00, 0x00, 0x00, 0x85, 0x04, 0x0b, 0x07, 0x00, 0x00,
	0x94, 0x04, 0xbb, 0x00, 0x00, 0x00, 0xa0, 0x04, 0x00, 0x00, 0x00, 0x00,
	0x00, 0x00, 0x00, 0x00, 0x00, 0x00, 0x00, 0x00, 0x15, 0x00, 0x00, 0x00,
	0x00, 0x00, 0x00, 0x00, 0xbd, 0x04, 0xca, 0x04, 0xe7, 0x04, 0xf9, 0x04,
	0x18, 0x05, 0x2f, 0x05, 0x46, 0x05, 0x60, 0x05, 0x6e, 0x05, 0x8c, 0x05,
	0xf0, 0x01, 0xb5, 0x05, 0xcb, 0x05, 0xdb, 0x05, 0xef, 0x05, 0x0b, 0x06,
	0x8f, 0x01, 0x1e, 0x06, 0x38, 0x06, 0x4c, 0x06, 0x61, 0x06, 0x00, 0x00,
	0xa8, 0x01, 0xbc, 0x01, 0xcf, 0x01, 0xdc, 0x01, 0x83, 0x06, 0xa1, 0x06,
	0xb7, 0x06, 0x00, 0x00, 0x00, 0x00, 0x00, 0x00, 0x00, 0x00, 0xc9, 0x06,
	0xda, 0x06, 0xe9, 0x06, 0xf9, 0x06, 0xc7, 0x03, 0x1e, 0x07, 0x39, 0x07,
	0x49, 0x07, 0x5e, 0x07, 0xb3, 0x03, 0x9d, 0x03, 0x00, 0x00, 0x00, 0x00,
	0x00, 0x00, 0x00, 0x00, 0x00, 0x00, 0x00, 0x00, 0x00, 0x00, 0x00, 0x00,
	0x00, 0x00, 0x00, 0x80, 0x77, 0x40, 0x00, 0x00, 0x00, 0x00, 0x00, 0x00,
	0xb8, 0x3f, 0x05, 0x08, 0x00, 0x00, 0x00, 0x00, 0x00, 0x00, 0x00, 0x80,
	0x3f, 0x40, 0x00, 0x00, 0x00, 0x00, 0x00, 0x00, 0x00, 0x00, 0x00, 0x80,
	0x3f, 0x40, 0x00, 0x00, 0x00, 0x00, 0x00, 0x00, 0x00, 0x00, 0x00, 0x80,
	0x3f, 0x40, 0x00, 0x00, 0x00, 0x00, 0x00, 0x00, 0x00, 0x00, 0x00, 0x80,
	0x00, 0x00, 0x00, 0x00, 0x00, 0x00, 0x00, 0x00, 0x00, 0x00, 0x00, 0x00,
	0x00, 0x00, 0x00, 0x80, 0x00, 0x00, 0x00, 0x00, 0x00, 0x00, 0x00, 0x00,
	0x00, 0x00, 0x00, 0x00, 0x00, 0x00, 0x00, 0x00, 0x00, 0x00, 0x00, 0x00,
	0x00, 0x80, 0x00, 0x00, 0x00, 0x00, 0x00, 0x00, 0x00, 0x00, 0x00, 0x00,
	0x00, 0x00, 0x00, 0x00, 0x00, 0x00, 0x00, 0x00, 0x00, 0x00, 0x00, 0x00,
	0x00, 0x2e, 0x74, 0x65, 0x78, 0x74, 0x00, 0x2e, 0x64, 0x61, 0x74, 0x61,
	0x00, 0x2e, 0x62, 0x73, 0x73, 0x00, 0x2e, 0x69, 0x6e, 0x69, 0x74, 0x00,
	0x2e, 0x66, 0x69, 0x6e, 0x69, 0x00, 0x2e, 0x70, 0x72, 0x65, 0x69, 0x6e,
	0x69, 0x74, 0x5f, 0x61, 0x72, 0x72, 0x61, 0x79, 0x00, 0x2e, 0x69, 0x6e,
	0x69, 0x74, 0x5f, 0x61, 0x72, 0x72, 0x61, 0x79, 0x00, 0x2e, 0x66, 0x69,
	0x6e, 0x69, 0x5f, 0x61, 0x72, 0x72, 0x61, 0x79, 0x00, 0x2e, 0x67, 0x6f,
	0x74, 0x00, 0x2e, 0x70, 0x6c, 0x74, 0x00, 0x2e, 0x73, 0x68, 0x73, 0x74,
	0x72, 0x74, 0x61, 0x62, 0x00, 0x00, 0x00, 0x00, 0x00, 0x00, 0x00, 0x00,
	0x00, 0x00, 0x00, 0x00, 0x00, 0x00, 0x00, 0x00, 0x00, 0x00, 0x00, 0x00,
	0x00, 0x00, 0x00, 0x00, 0x00, 0x00, 0x00, 0x00, 0x00, 0x00, 0x00, 0x00,
	0x00, 0x00, 0x00, 0x00, 0x00, 0x00, 0x00, 0x00, 0x00, 0x00, 0x00, 0x00,
	0x01, 0x00, 0x00, 0x00, 0x01, 0x00, 0x00, 0x00, 0x06, 0x00, 0x00, 0x00,
	0x74, 0x80, 0x04, 0x08, 0x74, 0x00, 0x00, 0x00, 0xe8, 0x92, 0x00, 0x00,
	0x00, 0x00, 0x00, 0x00, 0x00, 0x00, 0x00, 0x00, 0x04, 0x00, 0x00, 0x00,
	0x00, 0x00, 0x00, 0x00, 0x12, 0x00, 0x00, 0x00, 0x01, 0x00, 0x00, 0x00,
	0x02, 0x00, 0x00, 0x00, 0x5c, 0x13, 0x05, 0x08, 0x5c, 0x93, 0x00, 0x00,
	0x07, 0x00, 0x00, 0x00, 0x00, 0x00, 0x00, 0x00, 0x00, 0x00, 0x00, 0x00,
	0x01, 0x00, 0x00, 0x00, 0x00, 0x00, 0x00, 0x00, 0x18, 0x00, 0x00, 0x00,
	0x01, 0x00, 0x00, 0x00, 0x02, 0x00, 0x00, 0x00, 0x63, 0x13, 0x05, 0x08,
	0x63, 0x93, 0x00, 0x00, 0x07, 0x00, 0x00, 0x00, 0x00, 0x00, 0x00, 0x00,
	0x00, 0x00, 0x00, 0x00, 0x01, 0x00, 0x00, 0x00, 0x00, 0x00, 0x00, 0x00,
	0x1e, 0x00, 0x00, 0x00, 0x01, 0x00, 0x00, 0x00, 0x02, 0x00, 0x00, 0x00,
	0x6c, 0x13, 0x05, 0x08, 0x6c, 0x93, 0x00, 0x00, 0x00, 0x00, 0x00, 0x00,
	0x00, 0x00, 0x00, 0x00, 0x00, 0x00, 0x00, 0x00, 0x04, 0x00, 0x00, 0x00,
	0x00, 0x00, 0x00, 0x00, 0x2d, 0x00, 0x00, 0x00, 0x01, 0x00, 0x00, 0x00,
	0x02, 0x00, 0x00, 0x00, 0x6c, 0x13, 0x05, 0x08, 0x6c, 0x93, 0x00, 0x00,
	0x00, 0x00, 0x00, 0x00, 0x00, 0x00, 0x00, 0x00, 0x00, 0x00, 0x00, 0x00,
	0x04, 0x00, 0x00, 0x00, 0x00, 0x00, 0x00, 0x00, 0x39, 0x00, 0x00, 0x00,
	0x01, 0x00, 0x00, 0x00, 0x02, 0x00, 0x00, 0x00, 0x6c, 0x13, 0x05, 0x08,
	0x6c, 0x93, 0x00, 0x00, 0x00, 0x00, 0x00, 0x00, 0x00, 0x00, 0x00, 0x00,
	0x00, 0x00, 0x00, 0x00, 0x04, 0x00, 0x00, 0x00, 0x00, 0x00, 0x00, 0x00,
	0x4a, 0x00, 0x00, 0x00, 0x01, 0x00, 0x00, 0x00, 0x06, 0x00, 0x00, 0x00,
	0x6c, 0x13, 0x05, 0x08, 0x6c, 0x93, 0x00, 0x00, 0x20, 0x00, 0x00, 0x00,
	0x00, 0x00, 0x00, 0x00, 0x00, 0x00, 0x00, 0x00, 0x04, 0x00, 0x00, 0x00,
	0x04, 0x00, 0x00, 0x00, 0x07, 0x00, 0x00, 0x00, 0x01, 0x00, 0x00, 0x00,
	0x03, 0x00, 0x00, 0x00, 0x8c, 0x23, 0x05, 0x08, 0x8c, 0x93, 0x00, 0x00,
	0xe8, 0x16, 0x00, 0x00, 0x00, 0x00, 0x00, 0x00, 0x00, 0x00, 0x00, 0x00,
	0x04, 0x00, 0x00, 0x00, 0x00, 0x00, 0x00, 0x00, 0x45, 0x00, 0x00, 0x00,
	0x01, 0x00, 0x00, 0x00, 0x03, 0x00, 0x00, 0x00, 0x74, 0x3a, 0x05, 0x08,
	0x74, 0xaa, 0x00, 0x00, 0x14, 0x00, 0x00, 0x00, 0x00, 0x00, 0x00, 0x00,
	0x00, 0x00, 0x00, 0x00, 0x04, 0x00, 0x00, 0x00, 0x04, 0x00, 0x00, 0x00,
	0x0d, 0x00, 0x00, 0x00, 0x08, 0x00, 0x00, 0x00, 0x03, 0x00, 0x00, 0x00,
	0x88, 0x3a, 0x05, 0x08, 0x88, 0xaa, 0x00, 0x00, 0x34, 0x05, 0x00, 0x00,
	0x00, 0x00, 0x00, 0x00, 0x00, 0x00, 0x00, 0x00, 0x04, 0x00, 0x00, 0x00,
	0x00, 0x00, 0x00, 0x00, 0x4f, 0x00, 0x00, 0x00, 0x03, 0x00, 0x00, 0x00,
	0x00, 0x00, 0x00, 0x00, 0x00, 0x00, 0x00, 0x00, 0x88, 0xaa, 0x00, 0x00,
	0x59, 0x00, 0x00, 0x00, 0x00, 0x00, 0x00, 0x00, 0x00, 0x00, 0x00, 0x00,
	0x01, 0x00, 0x00, 0x00, 0x00, 0x00, 0x00, 0x00,
};

#endif
